name,f_sum,m_sum,total,per_diff
kaydens,5,6,11,18.181818181818183
fiore,35,465,500,172.0
kason,47,14904,14951,198.7425590261521
jaleel,24,4906,4930,198.052738336714
chester,828,121474,122302,197.29194943664046
mccarty,5,5,10,0.0
ayaat,290,8,298,189.26174496644293
jomari,59,372,431,145.24361948955917
ande,202,41,243,132.5102880658436
gino,12,13145,13157,199.63517519191305
karyn,14135,5,14140,199.85855728429988
vince,5,12705,12710,199.8426435877262
kepler,6,441,447,194.63087248322148
eslie,66,60,126,9.523809523809524
zamari,614,1628,2242,90.45495093666369
bijan,29,998,1027,188.7049659201558
jessel,174,10,184,178.26086956521738
ferry,10,65,75,146.66666666666666
yona,341,482,823,34.264884568651276
ody,5,12,17,82.35294117647058
royel,33,106,139,105.03597122302158
rhemi,219,16,235,172.76595744680853
jonie,1246,44,1290,186.3565891472868
brenyn,37,113,150,101.33333333333334
felipe,133,31825,31958,198.33531510107017
shanna,28284,88,28372,198.759340194558
roosevelt,363,37661,38024,196.18135914159478
sabar,17,24,41,34.146341463414636
samnang,28,139,167,132.93413173652695
jill,208071,501,208572,199.03918071457338
kamrin,450,1231,1681,92.92088042831648
cornelious,113,2475,2588,182.53477588871715
copeland,281,1198,1479,124.0027045300879
rovan,26,6,32,125.0
yuli,390,10,400,190.0
steven,4466,1293124,1297590,198.62329395263527
bennett,2340,72514,74854,187.49565821465785
danieal,29,13,42,76.19047619047619
penelope,109480,53,109533,199.80645102389235
quanah,40,192,232,131.0344827586207
theodore,969,317206,318175,198.78180246719572
jayse,30,2175,2205,194.5578231292517
nolen,10,3448,3458,198.84326200115675
oluwadarasimi,406,180,586,77.13310580204778
george,9963,1487297,1497260,197.33833803080293
casey,78100,116675,194775,39.6098061866256
woodie,338,1924,2262,140.22988505747128
brad,233,83060,83293,198.88105843228124
wynn,1486,2631,4117,55.62302647558902
stanley,1437,301425,302862,198.1021059096222
burdell,56,321,377,140.58355437665782
adason,5,5,10,0.0
hemi,102,186,288,58.333333333333336
raynel,5,50,55,163.63636363636365
clydell,83,137,220,49.09090909090909
tylann,5,50,55,163.63636363636365
zebbie,6,99,105,177.14285714285714
collin,525,81437,81962,197.43783704643616
edie,5672,80,5752,194.4367176634214
valentina,65147,19,65166,199.88337476598227
greysen,254,2833,3087,167.08778749595078
jamauri,11,1025,1036,195.75289575289577
taylyn,949,55,1004,178.08764940239044
carmine,487,13950,14437,186.50689201357622
ottie,1275,609,1884,70.70063694267516
terrance,751,70170,70921,195.76430112378563
jewelian,14,10,24,33.33333333333333
gill,56,1218,1274,182.41758241758242
johan,135,14653,14788,196.3483905869624
belen,12287,79,12366,197.44460617823063
aiven,8,458,466,193.13304721030042
vinnie,3119,820,3939,116.73013455191672
keyante,6,147,153,184.31372549019608
trace,348,13764,14112,190.1360544217687
bray,61,747,808,169.8019801980198
odelle,424,10,434,190.78341013824885
ercell,257,125,382,69.10994764397905
burke,70,4118,4188,193.3142311365807
henrietta,51330,57,51387,199.55630801564598
chantell,3491,5,3496,199.4279176201373
soleil,5130,42,5172,196.75174013921114
aniyah,31207,5,31212,199.9359220812508
lynden,780,1492,2272,62.676056338028175
payson,1169,1443,2612,20.980091883614087
quill,21,420,441,180.95238095238096
orrie,313,675,988,73.27935222672065
johnathan,349,98262,98611,198.58433643305514
espn,55,173,228,103.50877192982458
mati,79,67,146,16.43835616438356
othal,5,174,179,188.8268156424581
la,1442,314,1756,128.4738041002278
andri,5,153,158,187.34177215189874
kross,47,1557,1604,188.2793017456359
pema,225,12,237,179.74683544303798
dejon,77,2606,2683,188.52031308237048
oreofeoluwa,5,6,11,18.181818181818183
kish,15,5,20,100.0
naseem,255,1291,1546,134.02328589909445
sally,205229,647,205876,198.7429326390643
kalon,23,1056,1079,191.47358665430954
joziah,5,5364,5369,199.62749115291487
francis,29832,290490,320322,162.74748534287374
chudney,76,5,81,175.30864197530863
chikamso,43,72,115,50.43478260869565
jovanne,29,64,93,75.26881720430107
bliss,1790,233,2023,153.92980721700445
eboni,6522,5,6527,199.69358051172054
graison,36,431,467,169.16488222698072
kohen,154,8407,8561,192.8045789043336
curley,534,2590,3124,131.62612035851473
geraldine,211349,748,212097,198.58932469577599
damion,39,16888,16927,199.07839546286996
chayton,6,1886,1892,198.73150105708245
phelan,68,581,649,158.08936825885976
makya,1112,98,1210,167.60330578512398
swayze,948,254,1202,115.47420965058237
mikail,15,1228,1243,195.17296862429606
emoni,2891,228,3119,170.75985892914395
creedence,136,463,599,109.18196994991654
kisha,6652,12,6664,199.2797118847539
jerrell,91,7207,7298,195.01233214579338
chanse,16,1163,1179,194.57167090754876
cathleen,29923,10,29933,199.8663682223633
braily,43,5,48,158.33333333333331
minnie,159280,787,160067,198.03332354576523
glover,5,1114,1119,198.21268990169793
garrett,452,135762,136214,198.67267681736092
claiborne,27,1210,1237,191.26919967663702
adonis,101,21593,21694,198.13773393565043
shiah,129,90,219,35.61643835616438
michah,17,380,397,182.87153652392948
adrienne,68356,400,68756,197.6729303624411
melvyn,10,4360,4370,199.08466819221968
terris,143,837,980,141.6326530612245
nasiyah,398,6,404,194.05940594059405
kaydian,5,11,16,75.0
kimber,11215,451,11666,184.53625921481228
trenidad,26,29,55,10.909090909090908
perris,128,174,302,30.4635761589404
awesome,12,89,101,152.4752475247525
shaquille,387,5769,6156,174.85380116959064
tavis,6,2210,2216,198.91696750902528
eddy,392,14039,14431,189.13450211350565
shandell,526,68,594,154.20875420875421
lorine,8750,12,8762,199.4521798676101
america,13522,16,13538,199.52725661102082
elliotte,1029,63,1092,176.9230769230769
buffy,3306,6,3312,199.27536231884056
khrome,11,86,97,154.63917525773198
ardel,97,31,128,103.125
herbert,1117,228266,229383,198.05216602799683
brielle,49830,5,49835,199.95986756295775
mccrae,5,217,222,190.990990990991
coda,176,968,1144,138.46153846153845
dasmine,51,36,87,34.48275862068966
roche,15,26,41,53.65853658536586
katrell,43,474,517,166.7311411992263
zaide,105,208,313,65.814696485623
mathew,207,77538,77745,198.93497974146248
tennessee,986,381,1367,88.51499634235552
mandeep,160,251,411,44.28223844282238
marlan,14,1222,1236,195.46925566343043
marice,467,717,1184,42.22972972972973
jennifer,1471703,4837,1476540,198.689639291858
lavert,7,168,175,184.0
smiley,6,357,363,193.38842975206612
merit,316,228,544,32.35294117647059
sharif,5,2685,2690,199.25650557620818
oyindamola,90,5,95,178.94736842105263
jahziel,15,1252,1267,195.26440410418311
omi,90,75,165,18.181818181818183
demetrie,17,308,325,179.07692307692307
chigozirim,6,33,39,138.46153846153845
ravon,264,906,1170,109.74358974358975
mykale,28,136,164,131.70731707317074
chadwick,22,13276,13298,199.338246352835
tim,188,83358,83546,199.099897062696
diandre,15,577,592,189.86486486486487
jeremiah,699,225674,226373,198.76487036881608
olice,7,52,59,152.54237288135593
sam,1576,127234,128810,195.1059700333825
lavish,11,5,16,75.0
gaither,6,642,648,196.2962962962963
kairo,295,11224,11519,189.75605521312613
darell,10,5420,5430,199.2633517495396
syx,30,112,142,115.49295774647888
sherrell,2782,439,3221,145.4827693262962
jensyn,802,280,1082,96.48798521256931
lavergne,526,17,543,187.4769797421731
rasheen,95,1395,1490,174.49664429530202
frankie,37162,42268,79430,12.856603298501826
toney,194,6416,6610,188.26021180030256
kenari,39,10,49,118.36734693877551
tyria,333,6,339,192.92035398230087
dristin,12,33,45,93.33333333333333
kent,171,69322,69493,199.01572820284056
crosby,612,5878,6490,162.2804314329738
jesie,38,26,64,37.5
marilyn,373791,1066,374857,198.86249956650136
doninique,73,19,92,117.3913043478261
ukiah,6,128,134,182.08955223880596
unknown,9826,9888,19714,0.6289946231104798
braelynn,9829,210,10039,191.63263273234386
ronald,3844,1082247,1086091,198.58428069102865
lovis,26,68,94,89.36170212765957
denver,4235,19178,23413,127.64703369922692
anani,334,12,346,186.1271676300578
poe,29,88,117,100.85470085470085
yubin,10,5,15,66.66666666666666
clement,6,14167,14173,199.83066393847457
collis,10,1309,1319,196.96739954510994
benaiah,5,2416,2421,199.17389508467576
laurent,20,1994,2014,196.02780536246277
aurion,30,42,72,33.33333333333333
namari,301,466,767,43.02477183833116
coma,17,5,22,109.09090909090908
kaisyn,232,855,1087,114.62741490340387
cedrick,10,6342,6352,199.37027707808562
mazikeen,1545,11,1556,197.17223650385606
kastle,5,80,85,176.47058823529412
anhad,43,205,248,130.64516129032256
kamaury,5,109,114,182.45614035087718
reginald,757,111551,112308,197.30384300316985
rogene,806,5,811,197.53390875462392
yasmin,21747,80,21827,198.53392587162688
gabriyel,13,11,24,16.666666666666664
emiko,1850,5,1855,198.92183288409703
rion,319,1506,1825,130.08219178082192
kendyll,1558,24,1582,193.93173198482933
gareth,5,4389,4394,199.54483386436047
patti,44711,46,44757,199.58889112317627
flossie,21808,37,21845,199.32249942778668
adrianna,48284,23,48307,199.80955141076862
korbin,183,9334,9517,192.3085005779132
tyrae,35,326,361,161.21883656509695
simcha,227,2009,2236,159.39177101967798
haegan,5,39,44,154.54545454545453
yasiah,10,98,108,162.96296296296296
female,1292,5,1297,198.4579799537394
dee,15830,7269,23099,74.12442097060479
bradleigh,479,11,490,191.0204081632653
aniston,2581,24,2605,196.31477927063338
rasa,97,5,102,180.3921568627451
remi,22881,4185,27066,138.15118598980268
amir,510,55747,56257,196.37378459569476
ayomikun,59,129,188,74.46808510638297
lejeune,6,5,11,18.181818181818183
neva,21220,6,21226,199.8869311222086
sundeep,5,248,253,192.09486166007906
gates,44,455,499,164.72945891783567
encarnacion,132,851,983,146.28687690742626
adeline,80812,26,80838,199.87134763353868
bertice,175,44,219,119.63470319634703
yasmine,13801,5,13806,199.85513544835578
marce,169,111,280,41.42857142857143
arlice,15,26,41,53.65853658536586
jayson,37,35931,35968,199.5885231316726
mikale,39,374,413,162.227602905569
daylee,460,6,466,194.84978540772534
namiko,297,8,305,189.50819672131146
kodah,35,516,551,174.59165154264974
brook,10630,3391,14021,103.25939661935668
dresden,183,972,1155,136.62337662337663
kendrell,18,909,927,192.23300970873788
whiskey,6,6,12,0.0
axl,5,4408,4413,199.5467935644686
jermani,926,170,1096,137.95620437956205
quayshawn,5,172,177,188.70056497175142
jaydin,1135,3157,4292,94.22180801491147
jet,122,3363,3485,185.9971305595409
jabre,10,131,141,171.63120567375887
rondi,595,7,602,195.3488372093023
ron,70,36362,36432,199.2314448836188
linzie,570,338,908,51.10132158590308
shomari,71,1129,1200,176.33333333333334
sasha,38492,1746,40238,182.6432725284557
troi,841,247,1088,109.19117647058823
kahmari,142,475,617,107.94165316045381
earline,16524,59,16583,198.5768558161973
gearldine,4686,5,4691,199.57365167341717
bunnie,800,62,862,171.22969837587007
silas,184,75465,75649,199.0270856191093
deron,35,5709,5744,197.56267409470752
torey,1421,2973,4394,70.6417842512517
azazel,17,435,452,184.95575221238937
greta,27786,5,27791,199.92803425569429
jaxsyn,165,994,1159,143.05435720448662
bay,523,204,727,87.75790921595599
gwinn,5,18,23,113.04347826086956
deneen,3603,7,3610,199.22437673130193
daine,298,303,601,1.6638935108153077
wesson,5,3219,3224,199.37965260545906
nickie,3158,1438,4596,74.84769364664926
gillian,16059,68,16127,198.31338748682333
shamone,213,22,235,162.5531914893617
macaire,5,5,10,0.0
barnett,6,1279,1285,198.13229571984436
shemar,6,2376,2382,198.99244332493703
everyn,56,17,73,106.84931506849315
juell,17,92,109,137.61467889908258
krosby,44,143,187,105.88235294117648
faron,52,2420,2472,191.58576051779934
brailey,1176,5,1181,198.30651989839117
kashmir,559,1357,1916,83.29853862212944
makiah,2238,523,2761,124.23035132198478
kirby,3963,14532,18495,114.29034874290349
coleman,29,17599,17628,199.34195597912412
domingue,68,19,87,112.64367816091954
cary,5323,24504,29827,128.61501324303484
avry,573,512,1085,11.244239631336406
taiwo,63,147,210,80.0
jarie,11,6,17,58.82352941176471
alexander,4545,736123,740668,197.54545896407026
konstantine,6,442,448,194.64285714285714
eddi,6,119,125,180.8
yamil,77,1524,1601,180.7620237351655
meddie,37,11,48,108.33333333333333
jeremy,2312,446425,448737,197.93910464258576
janae,18052,6,18058,199.86709491638055
khloe,49923,20,49943,199.83981739182667
kleo,391,35,426,167.13615023474176
kassius,10,1187,1197,196.65831244778613
esley,58,268,326,128.83435582822085
terell,38,2695,2733,194.43834613977313
laddie,92,1644,1736,178.80184331797236
tristian,641,7960,8601,170.18951284734334
rihanna,6612,5,6617,199.6977482242708
jamile,204,229,433,11.547344110854503
morgon,42,101,143,82.51748251748252
gennie,2541,199,2740,170.94890510948906
makyah,775,43,818,178.97310513447434
laverne,42878,13246,56124,105.59475447224006
hudson,1882,114287,116169,193.519785829266
dina,32021,76,32097,199.05287098482725
brendan,325,91816,92141,198.58911885045745
emmanuel,372,91079,91451,198.3728991481777
opeyemi,30,19,49,44.89795918367347
tricia,40134,88,40222,199.12485704340907
amavi,78,35,113,76.10619469026548
ramiah,545,19,564,186.52482269503545
sevynn,336,74,410,127.8048780487805
tamare,10,12,22,18.181818181818183
jerriah,130,5,135,185.1851851851852
camaree,5,11,16,75.0
dynell,6,58,64,162.5
beryl,10130,2338,12468,124.99197946743664
selma,26881,321,27202,195.27975884126167
ajani,258,2241,2499,158.70348139255702
tatum,28649,13225,41874,73.6686249223862
bernadette,54973,60,55033,199.56389802482147
emel,21,6,27,111.11111111111111
ivonne,6127,14,6141,199.08809640123758
bodhi,562,14292,14854,184.866029352363
skai,1054,84,1138,170.47451669595782
believe,80,37,117,73.50427350427351
nesly,70,5,75,173.33333333333334
gailen,6,250,256,190.625
beatrice,194920,733,195653,198.5014285495239
shana,29635,113,29748,198.48057012236117
malikah,949,84,1033,167.47337850919652
emerson,34050,33521,67571,1.565760459368664
gerrie,1367,11,1378,196.8069666182874
eren,204,2236,2440,166.55737704918033
brekyn,104,52,156,66.66666666666666
sabian,21,952,973,191.36690647482015
thu,832,5,837,197.61051373954598
somtochukwu,31,133,164,124.39024390243902
cailin,3713,30,3743,196.79401549559176
halo,4509,1003,5512,127.21335268505081
koda,654,6919,7573,165.45622606628814
gerry,6657,14468,21125,73.95029585798817
autumn,145988,338,146326,199.07603570110575
oluwatoni,153,91,244,50.81967213114754
arvi,10,15,25,40.0
latrail,13,107,120,156.66666666666666
doyne,63,449,512,150.78125
franklin,778,141728,142506,197.8162322989909
arai,81,5,86,176.74418604651163
samora,631,5,636,196.85534591194968
rogue,659,447,1106,38.33634719710669
garland,855,23857,24712,186.16056976367756
addis,152,443,595,97.81512605042016
kerry,48675,49969,98644,2.6235756863063138
no,12,6,18,66.66666666666666
arnell,798,1282,2080,46.53846153846154
rell,23,12,35,62.857142857142854
dustin,1380,208341,209721,197.36793168066146
kalei,1948,276,2224,150.35971223021582
amarey,5,52,57,164.91228070175438
rece,5,522,527,196.20493358633777
chee,209,325,534,43.445692883895134
mclain,19,231,250,169.6
stellan,23,1577,1600,194.25
leelynn,77,168,245,74.28571428571429
lashane,106,10,116,165.51724137931035
vernal,370,1788,2158,131.4179796107507
trent,102,51608,51710,199.21098433571842
ajee,301,35,336,158.33333333333331
lorence,6,686,692,196.53179190751445
marisol,35041,315,35356,196.43624844439415
barret,5,1384,1389,198.56011519078473
dashan,10,210,220,181.8181818181818
zyaire,722,8807,9529,169.69251757792003
shamire,12,10,22,18.181818181818183
ermie,136,5,141,185.81560283687944
rhettley,5,55,60,166.66666666666669
neylan,301,133,434,77.41935483870968
eryan,6,7,13,15.384615384615385
marlin,1662,21172,22834,170.8855215906105
jerin,54,568,622,165.2733118971061
odalis,2645,51,2696,192.433234421365
colsyn,6,192,198,187.87878787878788
katari,6,16,22,90.9090909090909
motley,95,145,240,41.66666666666667
damilola,199,48,247,122.2672064777328
lyriq,862,159,1021,137.7081292850147
layke,60,172,232,96.55172413793103
boyd,65,27680,27745,199.0628942151739
courage,62,268,330,124.84848484848486
rickey,674,61717,62391,195.6788639387091
angelo,850,86106,86956,196.08997653985924
kaylon,675,1348,2023,66.53484923381117
kinte,12,213,225,178.66666666666666
avri,570,36,606,176.23762376237624
jacksyn,59,292,351,132.76353276353277
layla,129136,109,129245,199.66265619559752
arrie,1792,318,2110,139.71563981042655
tennille,2184,15,2199,197.27148703956343
olie,420,577,997,31.49448345035105
yecenia,1230,5,1235,198.38056680161944
ashai,42,101,143,82.51748251748252
emeris,13,28,41,73.17073170731707
braylon,163,18796,18959,196.56100005274538
ivo,5,849,854,197.65807962529274
kalen,1467,4629,6096,103.74015748031495
kampbell,95,79,174,18.39080459770115
laken,6240,2259,8499,93.68160960112955
audyn,160,10,170,176.47058823529412
matilde,3220,218,3438,174.6364165212333
mauri,838,159,997,136.2086258776329
canaan,324,5843,6167,178.98491973406843
glee,781,20,801,190.01248439450686
jeylani,101,22,123,128.45528455284554
cayman,256,1015,1271,119.43351691581432
dorian,4541,24187,28728,136.77248677248676
jacquelyn,85197,110,85307,199.4842158322295
suzette,16963,5,16968,199.88213107024987
abeer,607,205,812,99.01477832512316
ayaan,251,8903,9154,189.0321171072755
napoleon,5,7805,7810,199.7439180537772
keante,13,213,226,176.99115044247787
gabrielle,138782,797,139579,197.715988794876
channing,3942,7296,11238,59.6903363587827
dheera,23,27,50,16.0
raiden,460,12681,13141,185.99802145955405
clyde,3932,144994,148926,189.43905026657535
taren,1177,512,1689,78.74481941977501
xailyn,5,22,27,125.92592592592592
arielle,30870,51,30921,199.34025419617737
tia,33832,64,33896,199.24474864290772
leticia,42984,215,43199,198.00921317623093
reyna,18647,32,18679,199.31473847636383
prince,550,23601,24151,190.89064635004763
wells,175,6989,7164,190.22892238972642
luna,87715,119,87834,199.45806862946012
macauley,30,260,290,158.6206896551724
adel,1494,1508,3002,0.9327115256495668
olamide,306,298,604,2.6490066225165565
damie,39,6,45,146.66666666666666
arkie,183,37,220,132.72727272727275
milaan,37,10,47,114.89361702127661
jennie,127181,479,127660,198.49913833620553
darice,1333,13,1346,196.13670133729568
landri,1073,37,1110,186.66666666666666
sammi,1676,56,1732,187.06697459584296
anmol,319,467,786,37.659033078880405
odis,171,8229,8400,191.85714285714286
miley,15704,75,15779,198.09873883009064
antoni,5,2353,2358,199.1518235793045
romey,231,327,558,34.40860215053764
kee,10,1406,1416,197.17514124293785
garcia,36,423,459,168.62745098039215
malin,840,230,1070,114.01869158878503
bandy,30,62,92,69.56521739130434
tora,990,26,1016,189.76377952755905
markey,5,284,289,193.07958477508652
kyla,43674,29,43703,199.7345719973457
tremayne,39,3957,3996,196.09609609609612
reny,6,11,17,58.82352941176471
dyllan,500,3302,3802,147.39610731194108
harper,139063,6769,145832,181.43343024850515
kareem,198,18161,18359,195.6860395446375
barnell,6,97,103,176.6990291262136
caymen,18,280,298,175.83892617449663
sevi,120,22,142,138.0281690140845
emersyn,22246,326,22572,194.2229310650363
elon,512,3121,3633,143.6278557665841
cassandra,171008,376,171384,199.12243850067682
lawson,605,18533,19138,187.35500052252064
ariyon,178,306,484,52.892561983471076
brennen,178,9039,9217,192.27514375610286
lang,6,549,555,195.67567567567568
azreal,5,247,252,192.06349206349208
shaquelle,45,73,118,47.45762711864407
bobie,420,377,797,10.790464240903388
demian,14,2105,2119,197.35724398301085
tobbie,17,22,39,25.64102564102564
anari,1096,112,1208,162.91390728476821
omni,339,102,441,107.48299319727892
mearle,26,82,108,103.7037037037037
chyenne,1372,5,1377,198.54756717501814
jaylien,19,29,48,41.66666666666667
stevey,135,23,158,141.77215189873417
nija,815,19,834,190.8872901678657
joules,37,11,48,108.33333333333333
vashion,5,11,16,75.0
myka,2799,456,3255,143.963133640553
jori,2266,207,2473,166.51839870602507
khris,46,347,393,153.18066157760813
laurin,1597,481,2078,107.41097208854669
colley,6,18,24,100.0
iris,101550,770,102320,196.98983580922595
jemini,90,48,138,60.86956521739131
randle,7,2929,2936,199.04632152588556
eduardo,433,110257,110690,198.4352696720571
jason,5028,1052030,1057058,198.09736078814976
louisa,21932,5,21937,199.90882983087934
althea,17980,5,17985,199.88879621907145
dillyn,222,412,634,59.93690851735016
ella,351313,901,352214,198.976758447989
bohdi,12,794,806,194.04466501240697
dwan,910,1221,2131,29.188174565931487
jakiah,461,97,558,130.46594982078855
aunyx,28,42,70,40.0
roper,8,647,655,195.1145038167939
jalonnie,12,36,48,100.0
constance,139975,419,140394,198.8062167898913
miriam,117910,280,118190,199.05237329723326
carl,3190,504827,508017,197.48827303023324
shanta,5112,142,5254,189.1891891891892
hollister,25,107,132,124.24242424242425
martin,1476,315561,317037,198.137756791794
amer,12,1438,1450,196.68965517241378
rauri,13,5,18,88.88888888888889
christien,136,927,1063,148.82408278457197
beth,159430,325,159755,199.18625395136303
ladell,433,1023,1456,81.04395604395604
demario,17,6364,6381,198.93433631092304
lura,9550,5,9555,199.7906855049712
tagen,99,166,265,50.56603773584906
clifford,2019,188249,190268,195.7554607185654
leshawn,312,806,1118,88.37209302325581
josie,75370,545,75915,197.1283672528486
gatlynn,60,13,73,128.76712328767124
miciah,245,295,540,18.51851851851852
talley,360,81,441,126.53061224489797
tabitha,59200,146,59346,199.01594041721432
blayke,1822,750,2572,83.35925349922239
devian,22,275,297,170.37037037037038
konnor,119,5767,5886,191.91301393136254
ngawang,24,82,106,109.43396226415094
zhen,22,94,116,124.13793103448276
autry,243,1218,1461,133.47022587268992
cleaster,110,27,137,121.16788321167884
symphony,3256,35,3291,195.7459738681252
emonie,1031,14,1045,194.64114832535887
declan,403,58547,58950,197.2654792196777
iniko,14,150,164,165.85365853658536
jaiel,71,147,218,69.72477064220183
kailer,42,778,820,179.51219512195124
larell,5,378,383,194.77806788511748
deangelo,21,12279,12300,199.3170731707317
kally,1387,5,1392,198.5632183908046
jaylyne,112,5,117,182.9059829059829
sahej,71,55,126,25.396825396825395
lyndsey,14388,32,14420,199.1123439667129
praise,933,426,1359,74.61368653421634
fran,4965,374,5339,171.97977149278893
jadenn,5,36,41,151.21951219512195
estel,467,2374,2841,134.24850404787048
bradlee,400,3470,3870,158.65633074935403
munachi,89,38,127,80.31496062992126
clevie,119,29,148,121.62162162162163
dilynn,508,40,548,170.80291970802918
diamante,257,655,912,87.28070175438597
kulture,289,71,360,121.1111111111111
jode,146,25,171,141.52046783625732
rudell,378,394,772,4.145077720207254
shawnell,248,21,269,168.7732342007435
burnie,62,876,938,173.56076759061833
indie,4412,271,4683,176.85244501388
reagen,638,76,714,157.42296918767508
schuylar,28,18,46,43.47826086956522
enes,394,275,669,35.57548579970104
kharie,5,7,12,33.33333333333333
win,16,179,195,167.17948717948718
ernesto,121,44695,44816,198.92002856122812
lona,10907,17,10924,199.37751739289638
salix,6,50,56,157.14285714285714
ludie,2687,270,2957,163.47649644910382
kaysyn,10,112,122,167.21311475409837
saba,1587,94,1681,177.63236168947057
sims,5,312,317,193.69085173501577
harriett,21621,5,21626,199.9075187274577
lola,96892,275,97167,198.8679284119094
angelus,25,374,399,174.937343358396
henry,4619,768945,773564,197.61157447864687
kacyn,54,262,316,131.64556962025316
cynthia,711453,1959,713412,198.9016164572505
rodas,30,13,43,79.06976744186046
addy,1498,22,1520,194.21052631578948
ryon,17,2009,2026,196.6436327739388
terelle,5,352,357,194.39775910364145
lay,12,28,40,80.0
cheyne,115,910,1025,155.1219512195122
thelmer,47,142,189,100.52910052910053
jeeva,24,5,29,131.0344827586207
javion,11,6889,6900,199.36231884057972
ashely,6527,70,6597,195.75564650598758
steph,66,5,71,171.83098591549296
brayan,18,16540,16558,199.5651648749849
rani,1911,215,2126,159.54844778927563
demonii,5,5,10,0.0
lela,43005,68,43073,199.36851391823186
kelcy,967,77,1044,170.49808429118772
reathel,127,6,133,181.95488721804512
ermias,6,2245,2251,198.93380719680144
beckette,15,5,20,100.0
janet,556776,1515,558291,198.91454456546856
zyree,21,150,171,150.87719298245614
darelle,11,284,295,185.08474576271186
cameron,32235,312661,344896,162.6148172202635
asa,1901,21166,23067,167.03515845146745
brina,1369,5,1374,198.5443959243086
javonnie,10,128,138,171.0144927536232
romayne,1118,17,1135,194.00881057268722
shakil,5,172,177,188.70056497175142
safi,105,191,296,58.108108108108105
jaime,50067,71491,121558,35.249016930189704
eather,543,6,549,195.62841530054644
quinlan,735,2561,3296,110.8009708737864
majesty,2568,731,3299,111.36708093361625
jessiah,349,2285,2634,147.00075930144268
melanie,262640,614,263254,199.06706070942892
kaymen,13,227,240,178.33333333333334
rhowan,5,5,10,0.0
metzli,474,6,480,195.0
chauncey,508,9685,10193,180.06475031884625
sharn,23,26,49,12.244897959183673
kaigan,12,7,19,52.63157894736842
sonia,66747,279,67026,198.3349744875123
adison,3249,660,3909,132.46354566385264
larry,3560,807588,811148,198.24446340248636
harlowe,994,66,1060,175.0943396226415
jaren,253,5089,5342,181.05578435043054
shaden,248,305,553,20.61482820976492
gwyn,2115,299,2414,150.45567522783762
skiler,170,164,334,3.592814371257485
baylen,270,1392,1662,135.01805054151626
sloan,8385,2883,11268,97.65708200212993
stokely,20,160,180,155.55555555555557
clem,54,4275,4329,195.010395010395
yandi,13,5,18,88.88888888888889
berry,370,5737,6107,175.76551498280662
leshon,28,80,108,96.29629629629629
chisom,532,223,755,81.8543046357616
jian,42,600,642,173.83177570093457
eldra,26,47,73,57.534246575342465
dontrell,16,2824,2840,197.74647887323943
gayle,61357,4951,66308,170.1333172467877
saxon,166,1571,1737,161.77317213586645
mori,82,47,129,54.263565891472865
vilas,14,493,507,188.95463510848128
trhue,11,18,29,48.275862068965516
lummie,77,41,118,61.016949152542374
avan,57,994,1051,178.30637488106564
karcyn,125,51,176,84.0909090909091
vidal,10,4237,4247,199.058158700259
merce,5,5,10,0.0
juanita,207684,991,208675,198.10039535162335
ajalon,12,7,19,52.63157894736842
amparo,3316,17,3333,197.95979597959797
buford,110,10854,10964,195.98686610726014
normal,45,125,170,94.11764705882352
cloudie,6,10,16,50.0
bentley,3535,60027,63562,177.75400396463297
benny,644,48500,49144,194.75826143578055
loyal,500,5939,6439,168.93927628513745
kamal,25,3076,3101,196.7752337955498
lenell,343,540,883,44.620611551528874
baylie,3472,26,3498,197.0268724985706
laury,882,51,933,178.13504823151126
slone,37,68,105,59.04761904761905
sabin,6,713,719,196.66203059805284
shaquell,49,40,89,20.224719101123593
remy,8262,12484,20746,40.70182203798323
eunique,628,10,638,193.73040752351096
takota,33,410,443,170.20316027088035
dariyan,23,24,47,4.25531914893617
kash,282,17367,17649,193.6087030426653
nathanael,17,22227,22244,199.69429958640532
lafayette,21,4861,4882,198.27939369111022
aaryn,1473,788,2261,60.59265811587793
snow,1066,67,1133,176.3459841129744
skyylar,67,5,72,172.22222222222223
mirage,127,5,132,184.84848484848484
lakeland,10,122,132,169.6969696969697
anne,325128,826,325954,198.98636003853306
galyn,52,37,89,33.70786516853933
deegan,12,3453,3465,198.6147186147186
bevan,66,567,633,158.29383886255923
alani,18799,111,18910,197.65203595980964
marly,1660,5,1665,198.7987987987988
karion,5,95,100,180.0
jesenia,4764,6,4770,199.49685534591194
deni,676,176,852,117.37089201877934
jahara,262,5,267,192.50936329588015
iremide,111,143,254,25.196850393700785
leyton,429,2543,2972,142.26110363391655
refujio,5,332,337,194.06528189910978
julianna,52285,26,52311,199.8011890424576
mays,54,143,197,90.35532994923858
ovel,5,28,33,139.3939393939394
maricela,13077,56,13133,198.29437295362825
christia,737,82,819,159.95115995115995
nhan,5,361,366,194.53551912568307
renley,1192,310,1502,117.4434087882823
areli,6624,115,6739,193.17406143344712
henri,659,5328,5987,155.97127108735594
greatness,10,39,49,118.36734693877551
payten,3344,631,3975,136.50314465408806
chavon,671,55,726,169.6969696969697
zaylin,303,795,1098,89.61748633879782
violet,185561,284,185845,199.38873792676694
christi,20910,22,20932,199.5795910567552
hudsyn,677,648,1325,4.377358490566038
temple,1568,828,2396,61.769616026711184
juliani,180,60,240,100.0
kaulana,6,147,153,184.31372549019608
anand,30,1902,1932,193.7888198757764
tiwan,10,123,133,169.9248120300752
ofa,55,5,60,166.66666666666669
shawnta,1812,118,1930,175.5440414507772
branson,5,8226,8231,199.75701615842547
donyae,233,325,558,32.97491039426524
drelynn,30,36,66,18.181818181818183
sione,6,1504,1510,198.41059602649008
colie,101,567,668,139.52095808383234
tamauri,10,29,39,97.43589743589743
jailan,32,148,180,128.88888888888889
chika,350,28,378,170.37037037037038
jettie,3665,197,3862,179.59606421543242
harvin,12,265,277,182.67148014440434
hadlee,5234,24,5258,198.17421072651197
ryly,6,5,11,18.181818181818183
krishaun,6,42,48,150.0
lashun,677,326,1003,69.99002991026919
troy,2674,216308,218982,195.1155802760044
lafon,10,9,19,10.526315789473683
blessin,532,33,565,176.63716814159292
montra,11,11,22,0.0
tye,358,5222,5580,174.336917562724
kahlo,8,87,95,166.31578947368422
luckie,15,38,53,86.79245283018868
sol,4097,8285,12382,67.64658375060571
jazmin,44421,227,44648,197.96631428059487
hazle,2442,43,2485,193.07847082494968
tenzin,1253,1653,2906,27.529249827942188
edith,270880,825,271705,198.7854474522
jaquay,156,423,579,92.2279792746114
onie,1786,277,2063,146.29180804653416
melvine,270,25,295,166.10169491525423
barber,5,18,23,113.04347826086956
kylar,1036,2046,3082,65.54185593770279
sutter,48,550,598,167.89297658862876
maciah,141,211,352,39.77272727272727
koree,452,262,714,53.221288515406165
perryn,6,20,26,107.6923076923077
massey,43,69,112,46.42857142857143
tyrone,709,79437,80146,196.46145783944303
krown,5,42,47,157.4468085106383
adolfo,10,16195,16205,199.7531626041345
kylle,5,70,75,173.33333333333334
berlin,1796,1635,3431,9.38501894491402
rojan,6,11,17,58.82352941176471
jamil,254,7481,7735,186.86489980607627
alison,116886,595,117481,197.97414049931479
taelin,33,70,103,71.84466019417476
dandra,605,60,665,163.90977443609023
kamai,16,116,132,151.5151515151515
keelin,1040,356,1396,97.99426934097421
oaklee,5576,1017,6593,138.29819505536173
kaiden,1594,52562,54156,188.22660462367975
cross,6,1375,1381,198.26212889210717
savior,20,753,773,189.65071151358345
aidyn,823,4240,5063,134.97926130752518
genuine,5,43,48,158.33333333333331
terrace,107,714,821,147.8684531059683
tacoma,42,210,252,133.33333333333331
navdeep,125,147,272,16.176470588235293
hunter,14384,262238,276622,179.2004974297055
ore,12,12,24,0.0
nalin,28,201,229,151.09170305676855
oliva,1976,32,2008,193.62549800796813
vivien,7403,26,7429,198.60008076457126
mckell,422,13,435,188.04597701149424
keymari,45,200,245,126.53061224489797
charmaine,15375,20,15395,199.48035076323484
tatym,298,10,308,187.012987012987
kailon,7,299,306,190.84967320261438
greylin,15,40,55,90.9090909090909
zackary,7,31593,31600,199.91139240506328
johnie,5144,20930,26074,121.08613944925979
ayan,851,4091,4942,131.1210036422501
kenedy,608,20,628,187.2611464968153
blessyn,1239,50,1289,184.48409619860357
kassiah,91,21,112,125.0
jardani,5,187,192,189.58333333333331
charm,1216,69,1285,178.52140077821014
tian,153,379,532,84.9624060150376
makari,230,1815,2045,155.0122249388753
ople,284,19,303,174.91749174917493
rufus,151,36074,36225,198.33264320220843
chong,226,336,562,39.14590747330961
chrishawn,48,568,616,168.8311688311688
peyson,127,125,252,1.5873015873015872
christyan,5,298,303,193.39933993399342
arlis,797,1972,2769,84.86818345973276
ryian,92,56,148,48.64864864864865
moshe,21,18017,18038,199.53431644306465
nouri,127,51,178,85.39325842696628
sinatra,5,27,32,137.5
khaalis,5,35,40,150.0
jaelan,39,273,312,150.0
kallahan,16,132,148,156.75675675675674
carson,8113,132774,140887,176.9659372404835
shyloh,664,227,891,98.09203142536475
lyrik,1288,871,2159,38.628994905048636
alene,8748,5,8753,199.7715069119159
riel,28,108,136,117.64705882352942
laterrian,5,65,70,171.42857142857142
chaise,365,1083,1448,99.17127071823204
blaire,7959,111,8070,194.4981412639405
paden,198,1783,1981,160.02019182231197
silvia,21272,51,21323,199.04328659194297
sylver,173,10,183,178.14207650273224
marz,74,239,313,105.43130990415335
clide,37,718,755,180.39735099337747
armanii,430,232,662,59.818731117824775
liberty,15255,154,15409,196.0023362969693
yuxuan,16,35,51,74.50980392156863
aeden,7,1159,1166,197.59862778730704
shyne,178,486,664,92.7710843373494
julius,410,84628,85038,198.07145041040476
demetre,12,679,691,193.0535455861071
dolly,20592,44,20636,199.14712153518124
esosa,57,10,67,140.2985074626866
donell,591,4827,5418,156.36766334440753
ordie,5,26,31,135.48387096774192
grayson,4190,128994,133184,187.41590581451226
deja,16274,86,16360,197.89731051344742
lemoyne,62,357,419,140.81145584725536
dominie,6,137,143,183.2167832167832
trinity,85348,2844,88192,187.10087082728592
skylr,16,11,27,37.03703703703704
vinci,5,8,13,46.15384615384615
syven,55,43,98,24.489795918367346
alisson,7044,5,7049,199.71627181160449
revyn,18,52,70,97.14285714285714
leotis,5,887,892,197.7578475336323
jamel,367,11225,11592,187.336093857833
dorthy,20338,79,20417,198.45227016701767
stormey,220,7,227,187.66519823788545
ador,30,23,53,26.41509433962264
daris,608,1260,1868,69.80728051391864
dilyn,230,310,540,29.629629629629626
devery,82,265,347,105.47550432276658
louise,336466,2196,338662,197.40626347213447
makai,311,9298,9609,187.05380372567384
merriel,91,13,104,150.0
octavia,23978,139,24117,197.69457229340298
mateja,67,29,96,79.16666666666666
corri,703,27,730,185.2054794520548
xyon,7,241,248,188.70967741935485
gudalupe,27,5,32,137.5
thao,1040,197,1237,136.29749393694422
jerrie,5251,345,5596,175.33952823445318
ellie,105677,1180,106857,195.58288179529652
mohammad,10,17183,17193,199.76734717617634
lyrix,23,68,91,98.9010989010989
hasani,11,1184,1195,196.31799163179917
nikolas,15,24035,24050,199.75051975051977
raja,376,864,1240,78.70967741935485
abraham,208,103967,104175,199.2013438924886
christyn,1108,6,1114,197.8456014362657
addyson,16897,33,16930,199.2203189604253
tevis,64,494,558,154.12186379928315
jewelz,374,115,489,105.93047034764827
hoover,7,1120,1127,197.51552795031054
thailer,6,33,39,138.46153846153845
camarri,5,19,24,116.66666666666667
cordell,148,10840,10988,194.61230433199853
geneva,88758,309,89067,198.61228064266228
jessa,6462,5,6467,199.69073759084583
shepherd,30,7785,7815,198.4644913627639
diamonte,32,486,518,175.28957528957528
cadyn,407,1062,1469,89.17631041524847
kaelin,2737,926,3663,98.88069888069889
susie,85789,278,86067,198.7079833153241
charlene,133729,382,134111,198.86064528636726
kyari,206,62,268,107.46268656716418
kiori,100,11,111,160.36036036036037
kaedin,5,384,389,194.85861182519278
evryn,108,58,166,60.24096385542169
bellemy,44,64,108,37.03703703703704
lesly,15281,504,15785,187.22838137472283
levy,341,3915,4256,167.95112781954887
jadyne,26,22,48,16.666666666666664
evren,157,1333,1490,157.8523489932886
zixuan,25,46,71,59.154929577464785
aydan,448,6134,6582,172.7742327560012
vernell,7124,3344,10468,72.22009935040123
daren,194,10855,11049,192.97673997646845
rayshawn,178,4004,4182,182.97465327594452
gradie,222,426,648,62.96296296296296
claren,25,17,42,38.095238095238095
mckenna,44308,183,44491,198.35472342721
asta,225,183,408,20.588235294117645
aaryan,6,2149,2155,198.88631090487237
tex,11,2120,2131,197.9352416705772
auther,17,2349,2366,197.12595097210482
charo,238,6,244,190.1639344262295
tre,58,5892,5950,196.10084033613447
briante,89,5,94,178.72340425531914
manuela,11033,35,11068,198.73509215757136
delancey,99,28,127,111.81102362204724
kemani,683,519,1202,27.287853577371045
toluwalase,18,27,45,40.0
savion,17,4988,5005,198.64135864135864
marquez,5,5636,5641,199.64545293387695
ajae,30,21,51,35.294117647058826
jayline,1110,5,1115,198.20627802690584
patrick,2834,686590,689424,198.35572884030728
kairie,84,33,117,87.17948717948718
sarah,1098498,3340,1101838,198.78748055521774
melinda,135822,337,136159,199.00998097812118
orien,5,545,550,196.36363636363637
windsor,476,564,1040,16.923076923076923
sue,144536,519,145055,198.5688187239323
cameryn,2840,816,3656,110.72210065645514
marshon,15,637,652,190.79754601226995
yancey,34,1503,1537,191.15159401431362
buddie,5,1496,1501,198.66755496335776
irene,355462,1350,356812,198.4865979843727
hilaire,19,29,48,41.66666666666667
spenser,372,2991,3363,155.75379125780552
derrell,16,5864,5880,198.91156462585033
averi,7909,404,8313,180.5605677853964
zyah,581,49,630,168.88888888888889
shain,26,1215,1241,191.61966156325545
adolph,20,18745,18765,199.57367439381827
mare,8,331,339,190.56047197640117
jodi,79695,962,80657,195.2291803563237
alanis,3393,7,3400,199.17647058823528
dezmyn,5,22,27,125.92592592592592
jream,2538,646,3184,118.84422110552764
adonijah,26,483,509,179.56777996070727
kyra,38285,23,38308,199.75984128641537
ziya,1828,68,1896,185.65400843881855
siu,13,5,18,88.88888888888889
mckenly,50,5,55,163.63636363636365
clois,271,725,996,91.16465863453816
jonte,226,1263,1489,139.28811282740094
riki,1193,433,1626,93.4809348093481
ocean,3822,4411,8233,14.308271589942912
aner,7,24,31,109.6774193548387
toluwanimi,72,67,139,7.194244604316546
joshlin,23,7,30,106.66666666666667
ezryn,16,117,133,151.8796992481203
terryl,717,740,1457,3.157172271791352
jelen,10,18,28,57.14285714285714
malek,6,3086,3092,199.22380336351875
alek,86,4563,4649,192.60055926005592
camden,3923,59178,63101,175.13193134815612
yoltzin,101,87,188,14.893617021276595
arrington,239,510,749,72.36315086782376
blaine,1236,33071,34307,185.5889468621564
khamani,408,755,1163,59.67325881341359
mellow,38,21,59,57.6271186440678
tracey,86515,8688,95203,163.4969486255685
elmi,5,15,20,100.0
kirk,197,68067,68264,198.8456580335169
wynter,10728,249,10977,190.92648264553156
iza,474,6,480,195.0
kevon,56,5447,5503,195.9294930038161
steele,138,3053,3191,182.70134753995612
beau,1011,65592,66603,193.9282014323679
emmitt,11,14238,14249,199.69120640044915
coi,120,72,192,50.0
homer,367,60912,61279,197.604399549601
raygen,564,72,636,154.7169811320755
rexley,5,14,19,94.73684210526315
keelan,351,3591,3942,164.3835616438356
francies,952,13,965,194.61139896373055
legacy,5774,2709,8483,72.26217140162679
newborn,11,18,29,48.275862068965516
kylen,620,4804,5424,154.27728613569323
virdell,97,17,114,140.35087719298244
harlym,483,99,582,131.95876288659792
ares,292,8284,8576,186.38059701492537
kareen,1306,742,2048,55.078125
claudis,11,353,364,187.9120879120879
keon,152,9123,9275,193.44474393530996
caylen,669,363,1032,59.30232558139535
guthrie,12,854,866,194.45727482678984
kendre,64,275,339,124.48377581120944
joset,5,11,16,75.0
neko,247,1001,1248,120.83333333333333
talor,552,196,748,95.18716577540107
alicia,230790,707,231497,198.77838589700946
tashi,495,133,628,115.28662420382165
colton,209,151965,152174,199.45062888535492
beri,17,5,22,109.09090909090908
damonie,93,271,364,97.8021978021978
callin,7,127,134,179.1044776119403
inti,33,74,107,76.63551401869158
makiya,3046,14,3060,198.16993464052288
elliott,8168,62551,70719,153.8002517003917
ashtin,1221,1561,2782,24.442846872753414
cristen,2655,126,2781,181.87702265372167
luisa,14372,33,14405,199.0836515098924
lenora,37058,31,37089,199.66566906629998
ananya,4010,5,4015,199.50186799501867
amauri,749,2136,2885,96.15251299826689
mekiah,110,71,181,43.0939226519337
mardi,868,6,874,197.25400457665904
ayo,79,155,234,64.95726495726495
masada,5,6,11,18.181818181818183
seoul,16,9,25,56.00000000000001
dester,16,12,28,28.57142857142857
dayon,11,748,759,194.20289855072463
decota,5,36,41,151.21951219512195
alizay,1058,10,1068,196.25468164794006
cameran,1326,961,2287,31.91954525579362
charon,1001,216,1217,129.00575184880853
daelin,56,422,478,153.13807531380755
anton,21,23915,23936,199.649064171123
akarri,5,32,37,145.94594594594594
maysen,779,624,1403,22.095509622238062
mercury,94,206,300,74.66666666666667
tranell,40,98,138,84.05797101449275
cannyn,5,15,20,100.0
neymar,5,2897,2902,199.31082012405236
niki,7048,229,7277,187.41239521780955
rayleigh,3000,98,3098,187.34667527437057
findlay,38,285,323,152.94117647058823
rachael,82469,181,82650,199.12401693889896
wandell,5,82,87,177.01149425287358
jaspreet,385,252,637,41.75824175824176
shontae,842,10,852,195.30516431924883
dallie,588,10,598,193.31103678929767
caelan,665,2470,3135,115.15151515151516
jahnari,19,5,24,116.66666666666667
billi,1741,5,1746,198.8545246277205
tu,114,313,427,93.20843091334895
sable,1702,16,1718,196.2747380675204
zayne,210,12857,13067,193.57159256141426
nile,370,3696,4066,163.60059026069845
koah,159,1279,1438,155.77190542420027
areion,31,10,41,102.4390243902439
fannie,85580,369,85949,198.28270253289742
shandale,109,5,114,182.45614035087718
araceli,20268,138,20406,197.29491326080563
kerem,7,658,665,195.78947368421055
jailen,299,1398,1697,129.5226870948733
fenley,11,5,16,75.0
ronnell,183,2361,2544,171.22641509433961
siyan,7,54,61,154.0983606557377
graeson,15,803,818,192.66503667481663
ricky,1944,223145,225089,196.54536649947354
hilda,81022,178,81200,199.1231527093596
jovian,5,559,564,196.45390070921985
omie,1157,10,1167,196.57240788346186
shamika,5061,6,5067,199.52634695085848
tierra,14941,70,15011,198.13470121910598
lewellyn,33,306,339,161.06194690265488
khylan,11,734,745,194.0939597315436
cairi,33,10,43,106.9767441860465
dallace,11,5,16,75.0
shadie,101,16,117,145.2991452991453
jonathan,3574,870866,874440,198.36512510864094
shell,198,113,311,54.662379421221864
luvern,107,266,373,85.25469168900804
patty,62452,247,62699,198.4242172921418
khalyn,43,5,48,158.33333333333331
rosamond,3288,6,3294,199.27140255009107
stace,33,184,217,139.1705069124424
goodness,45,16,61,95.08196721311475
promise,6426,412,6838,175.89938578531735
rhode,5,19,24,116.66666666666667
chauncy,33,1257,1290,189.7674418604651
viridian,46,10,56,128.57142857142858
kelton,26,6640,6666,198.43984398439844
san,1876,626,2502,99.92006394884093
lejend,5,303,308,193.5064935064935
nijae,184,15,199,169.84924623115577
khani,27,174,201,146.26865671641792
merrill,2077,12988,15065,144.85230667109195
gin,7,35,42,133.33333333333331
julien,241,13791,14032,193.12998859749143
brodi,162,814,976,133.60655737704917
maze,191,352,543,59.30018416206262
babe,383,345,728,10.43956043956044
feliz,380,290,670,26.865671641791046
mollie,48164,46,48210,199.61833644472102
dekota,349,845,1194,83.08207705192629
terraine,5,5,10,0.0
vicky,53543,440,53983,196.73971435451904
lataurus,5,52,57,164.91228070175438
lamoyne,75,139,214,59.813084112149525
chrishaun,5,281,286,193.006993006993
deior,12,10,22,18.181818181818183
tanish,66,535,601,156.07321131447586
paola,24496,148,24644,197.59779256614186
meru,5,10,15,66.66666666666666
kmani,23,15,38,42.10526315789473
zaylynn,439,86,525,134.47619047619048
gael,673,49079,49752,194.58916224473387
efrain,29,18557,18586,199.3758743139998
denari,14,61,75,125.33333333333334
rhyatt,5,412,417,195.20383693045565
layden,74,1131,1205,175.4356846473029
avril,3479,5,3484,199.42594718714122
harvey,867,127925,128792,197.30728616684266
camiri,11,15,26,30.76923076923077
nathan,1774,587497,589271,198.79580023452706
doney,5,5,10,0.0
gavin,395,189270,189665,199.16695225792844
erian,159,192,351,18.803418803418804
jamyri,22,6,28,114.28571428571428
shiraz,57,119,176,70.45454545454545
lyncoln,196,455,651,79.56989247311827
rilo,24,57,81,81.48148148148148
connar,31,637,668,181.43712574850298
maxine,115612,377,115989,198.69987671244687
keyani,453,5,458,195.63318777292577
tegen,5,32,37,145.94594594594594
burkley,118,78,196,40.816326530612244
aarion,146,541,687,114.99272197962154
natalie,379062,769,379831,199.19016615284167
donne,116,80,196,36.734693877551024
arrian,27,91,118,108.47457627118644
tarrell,11,788,799,194.49311639549435
adrian,15717,272265,287982,178.16946892514116
roan,285,2734,3019,162.23915203709836
aarya,3267,402,3669,156.1733442354865
chaquille,5,22,27,125.92592592592592
demani,183,597,780,106.15384615384616
cimarron,6,42,48,150.0
levonne,342,26,368,171.73913043478262
kenyota,26,5,31,135.48387096774192
kahlee,98,48,146,68.4931506849315
amore,1235,274,1509,127.36911862160372
adae,10,5,15,66.66666666666666
lino,6,4188,4194,199.42775393419168
darion,561,7212,7773,171.13083751447317
davonne,198,393,591,65.98984771573603
oaklie,748,5,753,197.34395750332004
stone,155,6676,6831,190.92373005416482
ilia,821,256,1077,104.92107706592387
rasheeda,1713,10,1723,197.67846778874056
rollins,154,482,636,103.14465408805032
holloway,6,20,26,107.6923076923077
garret,5,13247,13252,199.84907938424388
irvin,75,39922,39997,199.24994374578094
arie,4157,2579,6736,46.85273159144893
kierra,15664,18,15682,199.54087488840707
nazareth,1204,1198,2402,0.4995836802664446
lubie,5,17,22,109.09090909090908
devyne,121,61,182,65.93406593406593
aziyah,1696,106,1802,176.47058823529412
kathleen,713645,1691,715336,199.05443036559043
welcome,23,147,170,145.88235294117646
amariah,3763,28,3791,197.04563439725666
roben,314,130,444,82.88288288288288
khilyn,52,60,112,14.285714285714285
abdi,10,340,350,188.57142857142856
jaydenn,48,374,422,154.50236966824644
name,11,23,34,70.58823529411765
eleanor,336678,645,337323,199.23515443654895
sammie,7833,20836,28669,90.71122117967143
eldon,55,26102,26157,199.1589249531674
kyza,37,27,64,31.25
mc,209,227,436,8.256880733944955
adriana,96392,404,96796,198.33050952518698
phuong,1033,282,1315,114.22053231939164
breeze,925,221,1146,122.86212914485166
tracee,3413,10,3423,198.8314344142565
shaune,335,444,779,27.984595635430036
townes,107,1404,1511,171.67438782263403
oshin,11,18,29,48.275862068965516
elizabeth,1688757,5216,1693973,198.7683392828575
euri,46,7,53,147.16981132075472
casandra,15784,7,15791,199.82268380723195
era,5955,54,6009,196.4053919121318
legend,968,25805,26773,185.53766854667015
judy,382979,1094,384073,198.86063326503034
dylen,22,1038,1060,191.69811320754718
rosio,2474,19,2493,196.95146409947856
lavell,327,2958,3285,160.18264840182647
jandel,5,269,274,192.7007299270073
ayah,4809,5,4814,199.58454507685917
nickola,131,5,136,185.29411764705884
kristian,6820,20814,27634,101.28103061446045
asia,32491,196,32687,197.6014929482669
oakleigh,4121,17,4138,198.35669405509907
demitrice,6,5,11,18.181818181818183
camren,633,6672,7305,165.3388090349076
ruther,601,6,607,196.04612850082373
khary,5,928,933,197.85637727759914
germani,381,18,399,181.95488721804512
amahri,32,101,133,103.7593984962406
dominigue,165,46,211,112.7962085308057
sharone,583,150,733,118.14461118690313
ester,16265,891,17156,179.2259267894614
edison,216,12522,12738,193.21714554875174
lotanna,5,56,61,167.21311475409837
seyven,31,41,72,27.77777777777778
brennex,5,30,35,142.85714285714286
cyrus,78,29208,29286,198.93464454005328
estes,56,545,601,162.7287853577371
cristian,1126,69925,71051,193.6608914723227
nuru,24,29,53,18.867924528301888
acy,5,274,279,192.831541218638
oshyn,77,17,94,127.65957446808511
holland,7835,3172,11007,84.727900427001
kiersten,14809,5,14814,199.8649925745916
braylen,807,13251,14058,177.0379854886897
orlanda,254,538,792,71.71717171717171
deshante,68,19,87,112.64367816091954
oneal,130,3049,3179,183.64265492293174
willy,116,3937,4053,188.55169010609424
toni,100198,1564,101762,193.85232208486468
ersel,88,264,352,100.0
kalai,72,246,318,109.43396226415094
dorn,12,225,237,179.74683544303798
alexia,46192,44,46236,199.61934423393026
kyante,5,17,22,109.09090909090908
wydell,5,50,55,163.63636363636365
shakel,16,28,44,54.54545454545454
shakir,10,1217,1227,196.7400162999185
zaidyn,31,1672,1703,192.71873165002935
lakelyn,2969,45,3014,194.0278699402787
doyce,172,946,1118,138.46153846153845
molly,176127,360,176487,199.18407588094306
sai,463,1696,2159,114.21954608615098
aurian,11,11,22,0.0
yahya,6,4576,4582,199.47621126145788
lundyn,967,6,973,197.5334018499486
kadynce,988,6,994,197.58551307847083
desiree,83563,198,83761,199.05445254951587
jayden,22071,253989,276060,168.01999565311888
montea,5,5,10,0.0
roe,210,909,1119,124.93297587131367
jaleesa,3261,6,3267,199.26538108356291
johnnie,49196,102099,151295,69.93357348226974
rocklyn,154,29,183,136.61202185792348
pearson,126,1552,1678,169.9642431466031
azaire,7,351,358,192.17877094972067
diavian,175,5,180,188.88888888888889
vandy,193,299,492,43.08943089430895
joen,34,71,105,70.47619047619048
jahdai,118,71,189,49.735449735449734
kairyn,15,182,197,169.54314720812184
allister,6,1250,1256,198.0891719745223
kinsey,7818,295,8113,185.45544188339701
chandara,6,41,47,148.93617021276594
thienan,29,66,95,77.89473684210526
hillery,495,501,996,1.2048192771084338
charis,4347,68,4415,193.8391845979615
cael,13,3732,3745,198.61148197596796
peyton,88219,52383,140602,50.97509281518043
gregoria,2257,6,2263,198.93946089262042
nikkia,1441,12,1453,196.69649002064693
giovani,5,7616,7621,199.7375672483926
addison,148893,13427,162320,166.9122720551996
zachary,1529,551752,553281,198.89459424776922
triston,274,11602,11876,190.77130346918153
zepplyn,35,14,49,85.71428571428571
xin,210,31,241,148.54771784232366
shian,419,6,425,194.3529411764706
caelin,430,339,769,23.667100130039014
anush,5,85,90,177.77777777777777
asha,9069,58,9127,197.4580913772324
chezare,5,15,20,100.0
lavelle,1588,2481,4069,43.89284836569182
arturo,209,57082,57291,198.5407830200206
sinan,5,447,452,195.57522123893804
kanyen,5,28,33,139.3939393939394
england,260,60,320,125.0
hugh,354,83825,84179,198.31787025267585
bridget,92367,150,92517,199.35147054054931
alexis,344557,68075,412632,134.00899590918783
yifan,10,104,114,164.91228070175438
kreed,5,1469,1474,198.64314789687924
chamel,5,5,10,0.0
delaney,45437,1213,46650,189.59914255091104
kaedynn,16,11,27,37.03703703703704
gaynell,4251,18,4269,198.3134223471539
robben,45,98,143,74.12587412587412
grisel,1671,7,1678,198.33134684147794
lex,15,3995,4010,198.50374064837905
messiyah,10,149,159,174.8427672955975
ridha,54,42,96,25.0
raelynn,34671,51,34722,199.41247623984793
marco,339,76578,76917,198.23706072779748
roger,1688,442142,443830,198.47869679832368
willoughby,91,223,314,84.07643312101911
makala,3398,5,3403,199.4122832794593
jia,2033,214,2247,161.9047619047619
berl,5,1089,1094,198.17184643510055
reighn,202,5,207,190.33816425120773
marty,4089,32180,36269,154.9036367145496
kely,242,10,252,184.12698412698413
jalani,1676,670,2346,85.76300085251492
aurelio,6,8634,8640,199.72222222222223
jayni,173,30,203,140.88669950738918
lucas,536,331092,331628,199.35349246746355
sylvia,245070,908,245978,198.52344518615485
damon,316,68841,69157,198.17227467935277
xael,12,93,105,154.2857142857143
kersey,52,19,71,92.95774647887323
zain,325,9918,10243,187.30840574050572
merwyn,10,786,796,194.9748743718593
tyari,23,27,50,16.0
marek,5,3136,3141,199.36326010824578
choyce,262,227,489,14.314928425357873
dillen,56,691,747,170.01338688085676
jack,2734,756943,759677,198.560440818927
kameo,121,10,131,169.4656488549618
bahati,80,10,90,155.55555555555557
argelis,5,36,41,151.21951219512195
jaymeson,28,727,755,185.16556291390728
lorel,288,5,293,193.17406143344712
jianni,320,356,676,10.650887573964498
shing,5,5,10,0.0
shonte,1008,80,1088,170.58823529411765
nori,3028,244,3272,170.1711491442543
keshaun,51,2380,2431,191.6083916083916
aldie,11,21,32,62.5
nakota,144,241,385,50.38961038961038
amaris,9422,746,10168,170.65302911093627
graylin,101,529,630,135.87301587301587
verne,878,5841,6719,147.73031701146004
velma,86752,450,87202,197.93582715992753
anel,1877,264,2141,150.67725361980382
kaori,1409,73,1482,180.29689608636977
cammie,3946,28,3974,197.18168092601914
jeryn,61,138,199,77.38693467336684
starley,50,10,60,133.33333333333331
adrienn,27,7,34,117.64705882352942
addie,45361,718,46079,193.76722585125546
cornelius,642,36407,37049,193.068638829658
amarri,338,401,739,17.050067658998646
augusta,16588,1693,18281,162.95607461298616
kerrion,18,140,158,154.43037974683546
adonai,243,1223,1466,133.69713506139155
adream,180,17,197,165.48223350253807
mckay,369,2296,2665,144.6153846153846
nai,307,82,389,115.68123393316196
sander,79,1588,1667,181.04379124175165
pendleton,13,49,62,116.12903225806453
bret,232,29819,30051,196.91191640877176
mykael,126,544,670,124.77611940298507
kaydon,80,1416,1496,178.6096256684492
tashan,10,123,133,169.9248120300752
mecca,2288,830,3118,93.52148813341886
jayel,87,86,173,1.1560693641618496
tammie,35380,134,35514,198.49073604775583
earlene,14165,5,14170,199.8588567395907
deaveon,30,69,99,78.78787878787878
kezlin,6,6,12,0.0
ervie,41,193,234,129.9145299145299
nylen,5,111,116,182.75862068965517
roxie,18412,203,18615,195.6379264034381
lani,7373,183,7556,190.31233456855477
gearl,64,236,300,114.66666666666667
pressley,573,299,872,62.84403669724771
rikishi,6,10,16,50.0
true,2186,2479,4665,12.561629153269024
miran,28,433,461,175.70498915401302
shamik,5,51,56,164.28571428571428
tiegan,316,88,404,112.87128712871286
corian,21,314,335,174.92537313432837
hawkins,15,918,933,193.56913183279744
sheryl,78826,200,79026,198.987674942424
cire,178,309,487,53.798767967145785
lany,125,5,130,184.6153846153846
burnette,764,234,998,106.21242484969939
nolie,298,7,305,190.81967213114754
jhonnie,16,163,179,164.24581005586592
kian,111,13457,13568,196.72759433962264
kalani,10278,2237,12515,128.50179784258887
amri,464,49,513,161.7933723196881
kim,179817,34951,214768,134.90464128734263
lorie,21964,104,22068,198.11491752764184
danyale,927,50,977,179.52917093142273
ashanti,12576,767,13343,177.006670164131
arlington,115,1586,1701,172.9570840681952
kristina,136765,353,137118,198.97023002085794
mcclain,92,494,586,137.20136518771332
roux,377,125,502,100.39840637450199
kerrington,825,178,1003,129.01296111665005
janai,3099,94,3193,188.22424052615096
montanna,896,28,924,187.87878787878788
donyell,398,509,907,24.476295479603085
rye,166,1070,1236,146.27831715210357
eran,87,616,703,150.49786628733997
kermit,27,16445,16472,199.34434191355027
samara,22764,5,22769,199.91216127190478
maayan,616,28,644,182.6086956521739
hamdi,396,134,530,98.86792452830188
august,6270,68182,74452,166.31386665233975
delorian,10,43,53,124.52830188679245
narayana,5,17,22,109.09090909090908
callisto,77,25,102,101.96078431372548
khanh,299,415,714,32.49299719887955
janeil,216,23,239,161.50627615062763
wyzdom,5,6,11,18.181818181818183
beebe,31,5,36,144.44444444444443
jazari,154,90,244,52.459016393442624
burnis,90,842,932,161.3733905579399
teran,185,355,540,62.96296296296296
jedidiah,45,9316,9361,198.07712851191113
romell,98,1484,1582,175.2212389380531
kwanza,227,42,269,137.54646840148698
raylin,1379,543,1922,86.99271592091571
colby,4184,53971,58155,171.22173501848508
houstyn,24,18,42,28.57142857142857
trinidy,840,33,873,184.87972508591065
javone,11,425,436,189.90825688073394
jamaal,45,8542,8587,197.9038080819844
carsten,10,2367,2377,198.3172065628944
cristobal,11,7990,8001,199.4500687414073
vada,12927,162,13089,195.0492780197112
romee,541,5,546,196.33699633699632
daphne,44182,7,44189,199.93663581434294
patton,99,1664,1763,177.53828701077708
seyvn,17,12,29,34.48275862068966
prayer,106,20,126,136.5079365079365
mikai,20,762,782,189.769820971867
ju,24,12,36,66.66666666666666
bryley,339,67,406,133.99014778325122
ardys,954,5,959,197.91449426485923
banksy,27,5,32,137.5
felton,5,6588,6593,199.69664795995755
tyla,3371,7,3378,199.17110716400236
forest,593,17784,18377,187.09256135386624
elice,247,7,254,188.9763779527559
frenchie,292,73,365,120.0
alexie,1645,272,1917,143.24465310380802
ziyah,1354,47,1401,186.58101356174163
jaydynn,64,22,86,97.67441860465115
jostyn,12,62,74,135.13513513513513
greg,143,77706,77849,199.26524425490373
calais,179,84,263,72.24334600760456
kamron,291,7260,7551,184.58482320222487
darnel,46,1006,1052,182.50950570342206
johnni,266,11,277,184.11552346570397
krista,73715,148,73863,199.19851617183164
keyori,45,14,59,105.08474576271188
semaja,163,22,185,152.43243243243242
zarin,120,122,242,1.6528925619834711
eula,47159,332,47491,197.2036806973953
shylan,29,5,34,141.1764705882353
theone,311,10,321,187.53894080996884
davelle,5,95,100,180.0
blaise,888,8768,9656,163.2145816072908
cj,133,1423,1556,165.80976863753213
chawn,40,187,227,129.51541850220266
kaloni,679,17,696,190.22988505747128
giovanni,983,89368,90351,195.64808358512911
monta,907,492,1399,59.32809149392423
mayan,374,262,636,35.22012578616352
koi,669,813,1482,19.4331983805668
deshay,290,183,473,45.243128964059196
myair,10,72,82,151.21951219512195
zemi,28,7,35,120.0
kathryn,455423,1092,456515,199.043185875601
renay,1936,24,1960,195.10204081632654
thatcher,12,4955,4967,199.03362190457017
kaitlyn,166689,232,166921,199.4440483821688
kail,36,606,642,177.57009345794393
nou,352,56,408,145.09803921568627
jillian,83197,227,83424,198.91158419639433
johari,409,312,721,26.907073509015255
muriel,54884,762,55646,194.5225173417676
marie,540077,2193,542270,198.38235565308796
ye,16,27,43,51.162790697674424
nyair,5,254,259,192.27799227799227
camara,800,81,881,163.22360953461975
ayoola,12,10,22,18.181818181818183
solomon,11,38069,38080,199.8844537815126
margarita,40219,199,40418,198.0305804344599
jaydis,19,158,177,157.06214689265536
sherrick,5,166,171,188.30409356725147
olli,5,61,66,169.6969696969697
reylin,81,21,102,117.64705882352942
mariah,115096,183,115279,199.36501878052377
sutten,40,18,58,75.86206896551724
adgie,7,5,12,33.33333333333333
dondra,489,20,509,184.2829076620825
deondrea,88,68,156,25.64102564102564
meritt,89,55,144,47.22222222222222
abriel,654,662,1316,1.21580547112462
ramona,70874,249,71123,198.59960912784894
asheton,78,105,183,29.508196721311474
nicole,594500,1965,596465,198.68223617479651
emilie,26654,7,26661,199.8949776827576
chidera,544,233,777,80.05148005148006
jeanette,163440,537,163977,198.6900601913683
kayra,830,41,871,181.17106773823193
corris,13,22,35,51.42857142857142
tennell,13,5,18,88.88888888888889
jireth,41,6,47,148.93617021276594
simranjit,70,14,84,133.33333333333331
zaine,16,2000,2016,196.8253968253968
mica,2713,982,3695,93.69418132611638
jailynn,2309,44,2353,192.5201869953251
elan,798,3533,4331,126.29877626414223
arland,5,1807,1812,198.8962472406181
garry,179,47670,47849,198.50362599009384
taylar,2507,27,2534,195.73796369376478
paulette,47087,65,47152,199.44859178825925
bria,16815,55,16870,198.6959098992294
othello,116,687,803,142.21668742216687
skylan,478,313,791,41.719342604298355
vale,340,199,539,52.319109461966605
marvell,323,1157,1480,112.70270270270271
tyshawn,134,5266,5400,190.07407407407408
yee,202,281,483,32.71221532091098
kaoru,83,168,251,67.72908366533864
dossie,568,466,1034,19.729206963249517
valon,5,235,240,191.66666666666669
elba,3393,313,3706,166.21694549379384
juri,286,10,296,186.48648648648648
meng,13,555,568,190.8450704225352
lilia,14314,5,14319,199.8603254417208
bridgette,23904,16,23920,199.7324414715719
kentley,187,112,299,50.16722408026756
wrigley,408,613,1021,40.156709108716946
marjon,59,15,74,118.91891891891892
xong,16,5,21,104.76190476190477
aimee,54685,78,54763,199.43027226411994
laurence,495,39720,40215,195.07646400596792
whittney,1633,5,1638,198.77899877899878
abishai,26,333,359,171.03064066852366
rashun,18,564,582,187.62886597938143
shema,35,20,55,54.54545454545454
darryl,1134,92285,93419,195.14445669510485
dandy,5,100,105,180.95238095238096
ogheneruno,6,23,29,117.24137931034481
hollice,22,55,77,85.71428571428571
torryn,239,166,405,36.04938271604938
nihaal,5,227,232,191.3793103448276
kevan,52,3479,3531,194.10931747380346
da,116,186,302,46.35761589403973
amnen,31,135,166,125.30120481927712
york,11,955,966,195.44513457556937
paul,5842,1398293,1404135,198.33577255748202
mishael,187,460,647,84.38948995363215
rohan,49,12102,12151,198.38696403588182
shye,72,15,87,131.0344827586207
skyeler,122,115,237,5.9071729957805905
elite,11,71,82,146.34146341463415
codee,195,256,451,27.0509977827051
oluwaseyi,90,232,322,88.19875776397515
wellesley,42,26,68,47.05882352941176
cyan,1118,402,1520,94.21052631578948
bradlie,67,11,78,143.5897435897436
loyd,86,22436,22522,198.4726045644259
keating,6,21,27,111.11111111111111
kesley,674,67,741,163.83265856950067
zaelynn,555,28,583,180.78902229845625
itzae,456,940,1396,69.34097421203438
lovel,7,96,103,172.8155339805825
tanitoluwa,11,5,16,75.0
hser,78,31,109,86.23853211009175
jaloni,337,238,575,34.43478260869565
tajae,282,198,480,35.0
murtha,5,5,10,0.0
bemnet,100,36,136,94.11764705882352
jovy,31,5,36,144.44444444444443
maribel,24870,185,25055,197.0464977050489
sovanna,34,6,40,140.0
lexis,3314,44,3358,194.7587849910661
thad,5,8219,8224,199.7568093385214
laramie,1813,1192,3005,41.331114808652245
gurpreet,172,312,484,57.85123966942148
zmari,5,26,31,135.48387096774192
luv,111,86,197,25.380710659898476
rilan,20,233,253,168.37944664031622
raleigh,3057,9279,12336,100.87548638132296
bora,214,422,636,65.40880503144653
clay,273,40252,40525,197.305367057372
dickie,260,4459,4719,177.96143250688706
davene,234,5,239,191.63179916317992
arnel,22,808,830,189.3975903614458
kia,7613,196,7809,189.96030221539252
cadin,16,649,665,190.37593984962407
mikeal,19,2386,2405,196.83991683991684
rikki,7088,624,7712,167.63485477178423
dalyn,389,917,1306,80.85758039816233
antwan,113,12517,12630,196.42121931908153
reynolds,131,1674,1805,170.96952908587258
kinnick,5,506,511,196.08610567514677
vy,1289,37,1326,188.83861236802412
arnez,5,580,585,196.58119658119656
rui,85,887,972,165.02057613168722
araoluwa,126,37,163,109.20245398773005
jordan,135599,401196,536795,98.9565849160294
bayden,6,314,320,192.5
odean,377,351,728,7.142857142857142
finley,22908,19380,42288,16.685584562996596
audi,213,148,361,36.011080332409975
coren,109,148,257,30.35019455252918
sequoyah,477,201,678,81.41592920353983
lamoni,81,18,99,127.27272727272727
demitrius,11,1966,1977,197.7744056651492
teren,57,122,179,72.62569832402235
thompson,23,2725,2748,196.65211062590976
jonah,792,85283,86075,196.31948881789137
taylen,1234,2206,3440,56.51162790697675
tae,103,451,554,125.6317689530686
adriann,960,146,1106,147.19710669077756
wyn,37,164,201,126.3681592039801
naki,5,60,65,169.23076923076923
luann,15506,6,15512,199.8452810727179
paddy,248,93,341,90.9090909090909
evern,17,36,53,71.69811320754717
julian,3306,264985,268291,195.07102362733002
aeries,16,10,26,46.15384615384615
jazmine,38395,99,38494,198.97126824959736
rossi,394,294,688,29.069767441860467
brandi,101906,389,102295,198.47890903758736
marley,33045,5359,38404,144.18289761483177
tallyn,84,49,133,52.63157894736842
jury,123,6,129,181.3953488372093
maris,2671,232,2903,168.03306923871858
collier,304,1870,2174,144.066237350506
reda,1843,364,2207,134.0280924331672
oakly,22,40,62,58.06451612903226
brock,75,43540,43615,199.31216324658948
kriston,720,546,1266,27.488151658767773
manhattan,91,5,96,179.16666666666669
jaimeson,16,343,359,182.17270194986074
alain,6,3980,3986,199.39789262418464
nebraska,42,43,85,2.3529411764705883
skylar,87442,18274,105716,130.8562563850316
naoki,15,322,337,182.1958456973294
haben,21,51,72,83.33333333333334
lakeisha,12850,36,12886,198.8825081483781
amarie,2474,494,2968,133.4231805929919
cambell,198,73,271,92.25092250922509
farris,547,2991,3538,138.15715093273036
otis,887,61082,61969,194.2745566331553
chante,3962,33,3995,196.6958698372966
eriel,709,110,819,146.27594627594627
elaan,5,5,10,0.0
dacoda,117,544,661,129.1981845688351
victoria,527915,1276,529191,199.03550891833007
nara,1052,17,1069,193.63891487371373
zyelle,111,11,122,163.9344262295082
annie,360253,1927,362180,197.8717764647413
asanti,255,56,311,127.9742765273312
kendi,644,24,668,185.62874251497007
arianna,104152,73,104225,199.71983689134086
brant,10,9569,9579,199.58241987681387
adraine,218,5,223,191.03139013452915
deejay,5,179,184,189.1304347826087
lachlan,290,6108,6398,181.86933416692716
bloom,261,10,271,185.239852398524
eddis,117,16,133,151.8796992481203
jamia,4498,6,4504,199.4671403197158
emerys,5,8,13,46.15384615384615
wilhelmina,13094,5,13099,199.84731658905258
cyxx,5,48,53,162.26415094339623
cassius,30,9736,9766,198.77124718410812
alexandr,301,493,794,48.36272040302267
colbee,42,6,48,150.0
reef,63,1290,1353,181.37472283813747
patrice,34083,778,34861,191.07311895814806
perrie,377,44,421,158.19477434679334
reynaldo,23,20552,20575,199.5528554070474
arron,173,8076,8249,191.61110437628804
honore,225,27,252,157.14285714285714
grover,92,27113,27205,198.6473074802426
kyndell,586,64,650,160.6153846153846
soni,326,5,331,193.95770392749245
samer,5,1458,1463,198.63294600136706
samy,17,895,912,192.54385964912282
gurkirat,24,78,102,105.88235294117648
abrar,552,567,1119,2.680965147453083
antonella,10571,5,10576,199.8108925869894
lavie,39,88,127,77.16535433070865
lien,519,6,525,195.42857142857142
kairee,186,410,596,75.16778523489933
breaun,16,5,21,104.76190476190477
rea,1873,190,2063,163.16044595249636
loverne,5,10,15,66.66666666666666
caris,1210,5,1215,198.3539094650206
raegan,25214,278,25492,195.6378471677389
edan,180,1533,1713,157.96847635726797
sophie,138577,117,138694,199.66256651333148
bill,716,160474,161190,198.22321483963026
latisha,18406,38,18444,199.1758837562351
dmari,6,726,732,196.72131147540983
julia,476250,1743,477993,198.54140123390928
jovann,6,114,120,180.0
wilton,41,8653,8694,198.11364159190245
mico,18,144,162,155.55555555555557
greer,3085,733,3818,123.20586694604505
mo,7,20,27,96.29629629629629
elin,5052,152,5204,188.31667947732512
elisabeth,48018,27,48045,199.7752107399313
maurie,317,98,415,105.54216867469879
konley,27,13,40,70.0
jen,318,86,404,114.85148514851484
maiko,71,45,116,44.827586206896555
sheila,238774,648,239422,198.9173927208026
patricio,5,4619,4624,199.5674740484429
genie,2737,173,2910,176.21993127147766
atlee,722,1404,2126,64.15804327375353
adin,86,3269,3355,189.74664679582713
catherine,667789,1822,669611,198.91160688817834
samaj,18,378,396,181.8181818181818
jole,53,5,58,165.51724137931035
darrin,132,29615,29747,198.22503109557266
mena,1517,161,1678,161.62097735399286
tyrin,11,1936,1947,197.74011299435028
rahja,6,7,13,15.384615384615385
jariah,1376,310,1686,126.45314353499406
tilden,96,1345,1441,173.35183900069396
casen,22,6633,6655,198.6776859504132
tatem,359,310,669,14.648729446935723
allene,8762,5,8767,199.77187179194706
americus,480,142,622,108.68167202572347
deandre,452,29495,29947,193.9626673790363
kramer,6,508,514,195.33073929961088
chenxi,39,5,44,154.54545454545453
kelis,2871,6,2877,199.1657977059437
vanesa,6539,5,6544,199.69437652811737
evian,273,629,902,78.93569844789357
alley,1078,42,1120,185.0
hagen,243,3185,3428,171.64527421236872
keygan,11,397,408,189.2156862745098
corneal,5,22,27,125.92592592592592
akira,7817,2020,9837,117.86113652536343
luegene,10,5,15,66.66666666666666
ransom,10,4859,4869,199.17847607311563
reo,27,835,862,187.4709976798144
jeremi,44,1675,1719,189.76148923792903
mossie,1051,5,1056,198.1060606060606
noriel,18,369,387,181.3953488372093
lunar,15,6,21,85.71428571428571
zaylyn,122,192,314,44.5859872611465
ifeoluwa,357,175,532,68.42105263157895
wanya,17,484,501,186.42714570858283
jwan,92,141,233,42.06008583690987
ame,379,6,385,193.76623376623377
lorrie,17342,88,17430,197.98049340218014
delbert,126,46930,47056,198.92893573614415
kailor,56,143,199,87.43718592964824
arta,596,42,638,173.66771159874608
amary,151,11,162,172.8395061728395
caitlin,112143,283,112426,198.99311547151015
kimi,1819,299,2118,143.53163361661944
montrell,28,3980,4008,197.20558882235528
mabrey,230,5,235,191.48936170212767
ariat,27,43,70,45.714285714285715
elve,28,16,44,54.54545454545454
bly,10,50,60,133.33333333333331
terral,20,586,606,186.7986798679868
waylin,55,398,453,151.43487858719647
alayna,35589,5,35594,199.94381075462158
arlanda,67,25,92,91.30434782608695
elliston,42,32,74,27.027027027027028
nolynn,92,28,120,106.66666666666667
lamont,165,24024,24189,197.27148703956343
bayley,2221,435,2656,134.4879518072289
joanny,201,5,206,190.29126213592232
amouri,119,55,174,73.5632183908046
shyaire,5,9,14,57.14285714285714
lindy,8896,1776,10672,133.43328335832084
kanyon,113,1362,1475,169.3559322033898
kharsyn,29,26,55,10.909090909090908
saleh,6,1777,1783,198.65395401009533
khyler,129,692,821,137.1498172959805
kyelle,133,10,143,172.02797202797203
ashlin,2560,155,2715,177.16390423572744
shavaughn,174,11,185,176.21621621621622
wilmeth,5,5,10,0.0
rand,141,2960,3101,181.812318606901
harkirat,18,38,56,71.42857142857143
sakhi,32,34,66,6.0606060606060606
mykell,258,810,1068,103.37078651685394
conrad,16,39282,39298,199.83714183927935
emlyn,467,10,477,191.61425576519918
staley,157,256,413,47.94188861985472
abell,5,31,36,144.44444444444443
gracie,84121,45,84166,199.7861369198964
narada,7,201,208,186.53846153846155
abisai,90,1074,1164,169.0721649484536
adria,6506,7,6513,199.57009058805465
casmir,14,342,356,184.26966292134833
thai,212,1214,1426,140.53295932678822
devan,5161,13639,18800,90.19148936170212
yury,190,17,207,167.1497584541063
syree,5,31,36,144.44444444444443
jaydence,178,189,367,5.994550408719346
soryn,57,84,141,38.297872340425535
ikhlas,313,15,328,181.70731707317074
antonie,21,786,807,189.59107806691452
sador,21,5,26,123.07692307692308
marlen,5512,926,6438,142.46660453557004
darasimi,70,5,75,173.33333333333334
vernel,85,249,334,98.20359281437125
racquel,4762,5,4767,199.58044891965596
camila,123854,122,123976,199.60637542750212
macon,209,2105,2314,163.87208297320657
ayris,174,10,184,178.26086956521738
villa,722,27,749,185.5807743658211
daniel,8279,1982812,1991091,198.33679123656327
deylin,107,42,149,87.24832214765101
brezlin,5,6,11,18.181818181818183
misael,16,10395,10411,199.38526558447796
velmar,54,22,76,84.21052631578947
zailynn,324,5,329,193.92097264437692
storme,72,34,106,71.69811320754717
dailin,138,26,164,136.58536585365854
lattie,393,136,529,97.16446124763705
azell,48,200,248,122.58064516129032
cal,10,7858,7868,199.49161159125572
ramzee,5,12,17,82.35294117647058
wylder,247,2513,2760,164.20289855072463
lucia,59335,91,59426,199.38747349644936
dj,13,857,870,194.02298850574712
demetruis,5,814,819,197.55799755799757
annette,169296,499,169795,198.82446479578314
ardean,251,148,399,51.62907268170426
alon,24,1188,1212,192.07920792079207
sevyn,3930,2309,6239,51.96345568200032
pedro,499,94083,94582,197.8896618806961
andi,7266,879,8145,156.83241252302025
leeland,21,3288,3309,197.46146872166818
montrese,22,5,27,125.92592592592592
kierre,94,434,528,128.78787878787878
aviance,469,13,482,189.2116182572614
virl,27,196,223,151.5695067264574
rolla,65,1306,1371,181.03574033552152
kara,101743,282,102025,198.8943886302377
kelly,473965,82400,556365,140.75831513484854
tama,1433,13,1446,196.40387275242045
cedell,5,60,65,169.23076923076923
onis,5,258,263,192.3954372623574
elois,2642,10,2652,198.49170437405732
malen,5,15,20,100.0
cletus,272,7437,7709,185.8866260215333
ekene,16,26,42,47.61904761904761
redding,11,336,347,187.31988472622479
kayden,8111,73606,81717,160.29712299766265
andry,11,382,393,188.80407124681935
halsten,5,44,49,159.18367346938774
jalah,597,5,602,196.67774086378736
trashawn,29,429,458,174.67248908296943
parks,18,1467,1485,195.15151515151516
dominga,4034,10,4044,199.0108803165183
samuelle,11,39,50,112.00000000000001
londen,435,262,697,49.64131994261119
sherrod,5,1970,1975,198.9873417721519
mehan,22,10,32,75.0
verble,80,57,137,33.57664233576642
ines,6751,399,7150,177.67832167832168
cayden,1878,41245,43123,182.5800616840201
blu,323,505,828,43.96135265700483
desean,11,4031,4042,198.91142998515588
javonte,39,3919,3958,196.05861546235474
shiron,88,32,120,93.33333333333333
finnie,5,25,30,133.33333333333331
demeter,5,5,10,0.0
ehrin,33,22,55,40.0
dyami,5,377,382,194.76439790575915
cordae,5,635,640,196.875
jamir,20,9314,9334,199.14291836297406
sherlyn,8954,8,8962,199.64293684445437
rolanda,3386,31,3417,196.3710857477319
linh,1519,213,1732,150.8083140877598
chosynn,18,8,26,76.92307692307693
corine,14547,12,14559,199.6703070265815
denim,1122,2721,3843,83.21623731459798
kolya,6,14,20,80.0
ruari,133,117,250,12.8
xue,29,110,139,116.54676258992806
hadi,6,2535,2541,199.05548996458086
yanai,108,52,160,70.0
savi,217,11,228,180.70175438596493
kinsley,50016,227,50243,198.1927830742591
christie,46013,884,46897,192.4600720728405
savannah,191514,222,191736,199.53686318688196
emely,23864,16,23880,199.73199329983248
jeramie,41,3392,3433,195.22283716865715
sibi,5,5,10,0.0
khalil,182,25021,25203,197.11145498551758
shelvie,294,6,300,192.0
margaret,1264774,3745,1268519,198.81909533873753
taelynn,1808,16,1824,196.49122807017542
araya,4188,10,4198,199.04716531681754
maven,1283,512,1795,85.90529247910862
nicholas,3152,926047,929199,198.6431324183517
vollie,74,378,452,134.5132743362832
kacei,25,6,31,122.58064516129032
pa,1338,5,1343,198.5107967237528
marki,364,34,398,165.82914572864323
chez,27,114,141,123.40425531914893
aaren,282,921,1203,106.23441396508728
blair,23267,15009,38276,43.1497544152994
ting,74,15,89,132.58426966292134
darcell,506,170,676,99.40828402366864
katie,241285,499,241784,199.17446977467492
alwyn,19,724,743,189.771197846568
jerrin,16,499,515,187.5728155339806
sybil,20360,5,20365,199.90179229069483
sully,370,680,1050,59.04761904761905
emmery,1102,44,1146,184.64223385689354
bronxx,5,56,61,167.21311475409837
vallen,69,248,317,112.93375394321768
alvern,21,55,76,89.47368421052632
sary,73,5,78,174.35897435897436
shemaiah,269,12,281,182.91814946619218
denell,419,58,477,151.36268343815513
ray,5606,204701,210307,189.33749233263754
ka,781,136,917,140.6761177753544
lloyd,998,160990,161988,197.5356199224634
dovie,9076,10,9086,199.55976227162668
perri,2448,114,2562,182.20140515222482
emil,134,33096,33230,198.3869996990671
amarin,5,5,10,0.0
myran,5,87,92,178.26086956521738
kestrel,312,27,339,168.141592920354
hosea,20,5481,5501,198.54571896018908
daijon,5,755,760,197.36842105263156
talmadge,36,5635,5671,197.46076529712573
elaijah,170,5,175,188.57142857142856
esra,661,26,687,184.86171761280931
cagney,186,105,291,55.670103092783506
sakani,75,140,215,60.46511627906976
edd,13,5438,5451,199.04604659695468
edwidge,6,5,11,18.181818181818183
alo,5,90,95,178.94736842105263
song,206,76,282,92.19858156028369
kallen,360,2743,3103,153.59329680953914
vanness,5,13,18,88.88888888888889
najai,163,46,209,111.96172248803829
kahler,6,53,59,159.32203389830508
madysen,2703,5,2708,199.26144756277694
ameya,967,203,1170,130.5982905982906
shadon,44,33,77,28.57142857142857
ziaire,79,873,952,166.80672268907563
peytin,217,23,240,161.66666666666666
essie,39682,1212,40894,188.14496014085196
ekam,156,519,675,107.55555555555556
chrome,12,43,55,112.72727272727272
cadance,946,5,951,197.8969505783386
nina,133788,250,134038,199.25394291171162
brenda,608478,2119,610597,198.61185036939258
edgar,705,157214,157919,198.21427440649953
deborah,742820,1658,744478,199.10917448198603
royalty,7225,526,7751,172.85511546897175
nevel,11,16,27,37.03703703703704
saron,776,156,932,133.04721030042919
sunia,12,6,18,66.66666666666666
syd,80,151,231,61.471861471861466
chanda,6078,16,6094,198.94978667541844
hays,5,740,745,197.31543624161074
nira,804,6,810,197.03703703703704
journee,18152,182,18334,196.02923530053454
salam,267,128,395,70.37974683544303
kristain,237,66,303,112.87128712871286
avory,516,363,879,34.8122866894198
penny,100619,384,101003,198.47925309149232
keanu,225,8695,8920,189.9103139013453
drue,1132,1304,2436,14.12151067323481
nadine,53381,43,53424,199.67804731955675
joel,2595,279655,282250,196.32240921169176
noell,634,88,722,151.24653739612188
jaquin,5,197,202,190.0990099009901
glacier,11,10,21,9.523809523809524
thierry,32,855,887,185.56933483652762
acie,72,2071,2143,186.56089594027065
aubry,3020,1611,4631,60.85078816670265
yan,99,986,1085,163.50230414746542
shiva,284,543,827,62.636033857315596
yuma,103,357,460,110.43478260869566
murray,391,21908,22299,192.98623256648278
xai,20,162,182,156.04395604395606
novah,3469,514,3983,148.38061762490585
kiowa,70,234,304,107.89473684210526
mackenzie,141274,7861,149135,178.91574747711806
crue,59,2574,2633,191.03684010634257
yvonne,156119,619,156738,198.42029373859563
asyiah,36,5,41,151.21951219512195
mose,55,7935,7990,197.2465581977472
willmer,6,309,315,192.38095238095238
luca,1690,77521,79211,191.4658317657901
sandeep,115,806,921,150.0542888165038
raelan,122,5,127,184.251968503937
ahkari,5,85,90,177.77777777777777
annis,2914,7,2921,199.04142416980486
sarath,20,46,66,78.78787878787878
nicolette,17129,5,17134,199.88327302439595
jaelen,217,1409,1626,146.61746617466173
yeray,5,443,448,195.53571428571428
corinne,49877,15,49892,199.87974023891607
argie,979,146,1125,148.0888888888889
cobi,265,684,949,88.30347734457324
oswin,103,379,482,114.52282157676348
brittany,360673,1078,361751,198.80801988107842
altha,3365,21,3386,197.51919669226226
norvell,117,1158,1275,163.29411764705884
lois,332950,2644,335594,196.84857297806278
avary,1657,114,1771,174.25183512140035
caylin,2471,87,2558,186.39562157935887
elva,31697,817,32514,189.9489450698161
zarian,28,376,404,172.27722772277227
ameri,314,48,362,146.96132596685084
raya,8003,5,8008,199.75024975024976
zuri,16844,770,17614,182.51390939025777
seton,10,45,55,127.27272727272727
elshaddai,15,13,28,14.285714285714285
rosemary,163165,358,163523,199.1242822110651
gwen,32617,294,32911,196.42672662635593
landis,261,2299,2560,159.21875
fela,45,5,50,160.0
zaiden,44,11550,11594,198.48197343453512
yasani,49,5,54,162.96296296296296
andreas,49,8630,8679,197.74167530821524
carlin,1939,2626,4565,30.09857612267251
ajai,182,276,458,41.04803493449782
miguel,996,190566,191562,197.92025558304883
michale,344,3274,3618,161.96793808734105
puneet,163,160,323,1.8575851393188854
emma,776439,1733,778172,199.10919436834016
sheikh,15,421,436,186.23853211009174
nikai,5,156,161,187.5776397515528
lucky,602,3624,4226,143.01940369143398
pal,15,187,202,170.2970297029703
arrion,79,291,370,114.5945945945946
bruce,1395,386880,388275,198.56287425149702
oakley,15360,11385,26745,29.725182277061137
haiden,1732,4327,6059,85.65769929031192
marti,4321,238,4559,179.11822768150913
gryffin,20,1114,1134,192.94532627865962
dakari,200,4326,4526,182.32434821034025
della,70810,139,70949,199.21633849666662
margie,106004,403,106407,198.48506207298394
monell,18,5,23,113.04347826086956
dashaun,32,2888,2920,195.61643835616437
trystan,660,4509,5169,148.9262913522925
dakodah,44,59,103,29.126213592233007
lennix,455,466,921,2.3887079261672097
tracie,32594,218,32812,197.3424356942582
eavan,176,6,182,186.8131868131868
jaycen,5,1348,1353,198.52180339985216
arleigh,710,517,1227,31.458842705786473
kiana,26694,19,26713,199.71549432860405
nessiah,55,298,353,137.67705382436262
avree,544,11,555,192.07207207207207
kaymari,29,15,44,63.63636363636363
wriley,44,17,61,88.52459016393442
kadri,10,24,34,82.35294117647058
weldon,25,14249,14274,199.2994255289337
keely,12698,21,12719,199.33957072096865
kooper,380,4012,4392,165.39162112932604
larie,351,5,356,194.38202247191012
katina,11306,34,11340,198.80070546737215
prestyn,325,839,1164,88.31615120274914
lemon,359,1071,1430,99.58041958041957
dymon,369,22,391,177.4936061381074
pacey,314,718,1032,78.29457364341084
ginger,46218,42,46260,199.63683527885863
lizette,12122,5,12127,199.83507874989692
miraj,20,178,198,159.5959595959596
nema,345,18,363,180.16528925619835
cay,241,11,252,182.53968253968253
ashten,1151,1390,2541,18.811491538764265
aroosh,47,5,52,161.53846153846155
horace,202,54154,54356,198.5135035690632
terrel,81,2961,3042,189.3491124260355
koy,34,945,979,186.10827374872318
xzavia,65,26,91,85.71428571428571
katrina,101493,238,101731,199.06419872015414
finnlee,127,224,351,55.27065527065527
bryton,210,3021,3231,174.00185701021357
kendal,9123,4677,13800,64.43478260869566
hollin,112,25,137,127.00729927007299
karim,58,6886,6944,196.65898617511522
azie,87,6,93,174.19354838709677
anjolaoluwa,273,21,294,171.42857142857142
janiya,11103,6,11109,199.78395895220092
sneh,5,36,41,151.21951219512195
ale,5,18,23,113.04347826086956
rmani,275,109,384,86.45833333333334
krishna,1906,2385,4291,22.3257981822419
zy,6,78,84,171.42857142857142
cleofas,50,161,211,105.2132701421801
harmeet,11,11,22,0.0
dan,576,106554,107130,197.84934192103051
oneil,17,1757,1774,196.16685456595263
gerard,112,58820,58932,199.2398018054707
asie,36,40,76,10.526315789473683
toye,388,21,409,179.46210268948656
nolyn,177,802,979,127.68130745658837
gustie,106,5,111,181.981981981982
chiante,74,5,79,174.68354430379748
lou,34109,4089,38198,157.18100424105975
ivor,46,863,909,179.75797579757975
shoney,11,5,16,75.0
elya,255,404,659,45.220030349013655
mariela,11660,8,11668,199.72574562907099
hallie,40376,1335,41711,187.19762173047877
algene,59,28,87,71.26436781609196
khori,702,153,855,128.42105263157896
ra,20,231,251,168.12749003984064
ranny,5,275,280,192.85714285714286
magdalena,19773,10,19783,199.79780619724005
maclain,5,419,424,195.2830188679245
glynn,417,4943,5360,168.88059701492537
damond,5,2143,2148,199.06890130353818
sina,1728,520,2248,107.47330960854093
corley,366,255,621,35.748792270531396
talen,44,1982,2026,191.31293188548867
rhyen,162,51,213,104.22535211267605
octavius,15,3687,3702,198.37925445705025
arin,2607,2247,4854,14.833127317676142
shawn,33055,306542,339597,161.06561600956428
donshay,28,64,92,78.26086956521739
braven,31,1053,1084,188.5608856088561
kelen,25,189,214,153.27102803738316
kaiser,34,3921,3955,196.56131479140328
june,205556,3627,209183,193.06444596358213
alexix,36,5,41,151.21951219512195
jun,156,1452,1608,161.19402985074626
justina,12240,6,12246,199.80401763841255
rahat,5,56,61,167.21311475409837
gayla,10838,6,10844,199.77867945407598
haiven,339,28,367,169.48228882833786
nevin,99,6372,6471,193.88038942976357
maxey,5,286,291,193.12714776632302
alaina,50578,6,50584,199.95255416732564
karle,94,56,150,50.66666666666667
destyn,169,448,617,90.43760129659644
son,5,1061,1066,198.12382739212006
mclane,15,136,151,160.26490066225165
kiden,11,5,16,75.0
kaiea,5,65,70,171.42857142857142
myrle,2405,703,3108,109.52380952380953
dynasty,2369,10,2379,198.31862126944094
hope,97225,568,97793,197.6767253279887
antonio,1975,262995,264970,197.01853039966787
mavin,22,131,153,142.48366013071896
zion,7026,46871,53897,147.85609588659852
kyley,1603,76,1679,181.89398451459203
marcel,992,20131,21123,181.21478956587606
aurel,33,203,236,144.0677966101695
macel,821,5,826,197.57869249394673
chandler,10385,36507,46892,111.41346071824618
ryden,43,1849,1892,190.9090909090909
carmello,21,2154,2175,196.13793103448276
faris,20,3225,3245,197.5346687211094
dezi,308,349,657,12.480974124809741
fiyinfoluwa,66,33,99,66.66666666666666
dagan,10,1077,1087,196.32014719411222
auggie,5,247,252,192.06349206349208
kashe,40,84,124,70.96774193548387
chanin,301,11,312,185.8974358974359
garren,17,1863,1880,196.38297872340425
tobey,758,1698,2456,76.54723127035831
vang,11,325,336,186.9047619047619
dax,16,11918,11934,199.46371711077592
rhema,1270,20,1290,193.7984496124031
loye,173,448,621,88.56682769726248
averey,471,206,677,78.28655834564255
texas,235,497,732,71.58469945355192
kimoni,265,370,635,33.07086614173229
lurie,107,16,123,147.96747967479675
jeriah,380,2097,2477,138.63544610415826
bryson,284,83241,83525,198.63992816522
irish,1453,155,1608,161.44278606965173
jadrian,50,581,631,168.30427892234547
vertie,1543,5,1548,198.70801033591732
maximus,17,34662,34679,199.80391591453042
dakoda,904,3356,4260,115.11737089201878
sundance,10,70,80,150.0
maeson,314,714,1028,77.82101167315176
jaxon,404,113651,114055,198.58313971329622
rien,29,96,125,107.2
martina,18498,40,18538,199.1369079728126
declynn,211,22,233,162.23175965665234
brylee,11164,499,11663,182.8860499013976
ivy,82713,3460,86173,183.93928492683324
taven,59,1706,1765,186.62889518413596
se,12,6,18,66.66666666666666
alla,1192,10,1202,196.67221297836937
demetrious,58,1766,1824,187.28070175438597
arless,5,65,70,171.42857142857142
tylei,30,5,35,142.85714285714286
jingyi,31,10,41,102.4390243902439
assil,11,5,16,75.0
ronelle,588,69,657,157.99086757990867
antiona,5,18,23,113.04347826086956
real,26,395,421,175.29691211401425
zeddie,15,63,78,123.07692307692308
kiel,30,2505,2535,195.2662721893491
aleph,5,159,164,187.80487804878047
haru,191,312,503,48.111332007952285
jin,385,1460,1845,116.53116531165311
rashan,66,935,1001,173.62637362637363
keagyn,16,16,32,0.0
myles,325,64512,64837,197.99497200672457
estle,80,676,756,157.67195767195767
payden,701,1343,2044,62.81800391389433
sherwood,11,5671,5682,199.22562478000705
jamee,2734,218,2952,170.46070460704607
abyan,43,129,172,100.0
hala,1813,7,1820,198.46153846153845
deziah,237,5,242,191.73553719008265
hadden,38,501,539,171.7996289424861
emris,19,47,66,84.84848484848484
sibley,117,18,135,146.66666666666666
callum,38,16051,16089,199.05525514326558
arther,47,4993,5040,196.26984126984127
troye,22,75,97,109.27835051546391
mannie,505,1054,1559,70.42976266837717
shaylen,581,32,613,179.11908646003263
kenndy,10,7,17,35.294117647058826
eliel,9,4922,4931,199.26992496451024
amryn,184,6,190,187.3684210526316
kiya,4134,23,4157,197.78686552802503
jamesley,6,81,87,172.41379310344826
nihan,211,67,278,103.59712230215827
donye,86,284,370,107.02702702702702
gaberial,16,445,461,186.117136659436
asonte,6,10,16,50.0
jadiah,31,65,96,70.83333333333334
deshae,185,55,240,108.33333333333333
valeria,80052,105,80157,199.47602829447212
aireon,5,80,85,176.47058823529412
yang,47,291,338,144.3786982248521
carolina,47971,137,48108,198.86089631662094
iden,5,471,476,195.7983193277311
hikaru,18,169,187,161.49732620320856
tamboura,5,12,17,82.35294117647058
nassiah,12,57,69,130.43478260869566
cash,135,27705,27840,198.06034482758622
indi,846,53,899,176.4182424916574
windy,4971,12,4983,199.03672486453942
kamea,1076,10,1086,196.31675874769797
jacy,3416,756,4172,127.51677852348993
britney,35585,83,35668,199.0691936750028
cameren,211,1348,1559,145.8627325208467
korrie,798,30,828,185.5072463768116
jermiyah,168,17,185,163.24324324324323
jenna,148587,255,148842,199.31470955778613
joddie,34,12,46,95.65217391304348
iraj,16,19,35,17.142857142857142
grasyn,21,92,113,125.66371681415929
perrin,479,1568,2047,106.39960918417195
chestine,307,5,312,193.5897435897436
rafi,5,734,739,197.2936400541272
jamye,835,12,847,194.33293978748526
cortland,49,2145,2194,191.0665451230629
doye,20,106,126,136.5079365079365
makay,42,35,77,18.181818181818183
syxx,5,34,39,148.71794871794873
leotha,367,119,486,102.05761316872429
kayron,66,302,368,128.26086956521738
misha,4255,603,4858,150.34993824619184
edel,53,503,556,161.8705035971223
camille,75722,1398,77120,192.74896265560167
eileen,189614,406,190020,199.14535312072414
linwood,5,12776,12781,199.84351772161804
yariel,10,2028,2038,198.03729146221787
konnar,5,144,149,186.5771812080537
axelle,199,5,204,190.19607843137254
kye,347,5557,5904,176.49051490514904
baily,1407,417,1824,108.55263157894737
jazire,7,13,20,60.0
kaycie,2462,5,2467,199.18929874341305
olivier,21,1989,2010,195.82089552238807
kenly,541,103,644,136.0248447204969
azai,26,1574,1600,193.5
zakiyah,2035,7,2042,198.62879529872674
sienna,39877,10,39887,199.8997166996766
lawrene,15,21,36,33.33333333333333
shanice,9586,5,9591,199.79147117088937
mesiah,5,502,507,196.0552268244576
naziah,323,184,507,54.83234714003945
adell,6214,1049,7263,142.2277295883244
nacari,13,53,66,121.21212121212122
in,21,5,26,123.07692307692308
leora,12119,6,12125,199.8020618556701
kazari,20,19,39,5.128205128205128
beckett,1374,29156,30530,181.9980347199476
viola,132993,434,133427,198.69891401290593
lynnx,5,15,20,100.0
wray,23,859,882,189.5691609977324
jasman,259,46,305,139.67213114754097
shenandoah,347,112,459,102.39651416122004
jossie,2034,17,2051,196.68454412481717
zaiah,243,164,407,38.82063882063882
edyn,1236,119,1355,164.8708487084871
roxy,3868,103,3971,189.62477965248047
keiko,1170,14,1184,195.27027027027026
ritchie,50,4120,4170,195.20383693045565
darien,1849,10977,12826,142.3358802432559
ashton,19660,88267,107927,127.13593447422795
lyne,202,5,207,190.33816425120773
lenzie,184,373,557,67.86355475763017
avryn,7,5,12,33.33333333333333
coye,42,425,467,164.02569593147751
cailan,71,174,245,84.08163265306122
garlyn,5,11,16,75.0
micale,6,15,21,85.71428571428571
kailani,12778,45,12823,198.5962723231693
nichol,2900,22,2922,196.9883641341547
seager,5,141,146,186.3013698630137
dorsey,817,5411,6228,147.52729608220938
beryle,550,94,644,141.61490683229815
aviv,234,741,975,104.0
johnson,22,7021,7043,198.75053244356099
ko,10,75,85,152.94117647058823
thuy,1076,17,1093,193.77859103385177
major,76,21673,21749,198.6022345854982
codie,1872,2600,4472,32.55813953488372
arys,32,24,56,28.57142857142857
dawn,289641,1039,290680,198.57024907114354
lundin,33,5,38,147.36842105263156
nathel,5,5,10,0.0
gerri,5446,17,5463,198.75526267618525
sevn,7,98,105,173.33333333333334
mu,10,7,17,35.294117647058826
reilly,5528,4560,10088,19.191118160190328
flores,11,19,30,53.333333333333336
ivan,650,150137,150787,198.275713423571
trinell,40,5,45,155.55555555555557
shean,6,414,420,194.28571428571428
darin,364,32546,32910,195.5758128228502
misbah,135,21,156,146.15384615384613
davee,10,11,21,9.523809523809524
zakiah,470,246,716,62.56983240223464
alyjah,50,341,391,148.84910485933506
carlee,12982,308,13290,190.7298720842739
amaziah,125,667,792,136.86868686868686
keishawn,63,774,837,169.89247311827958
shunta,732,29,761,184.75689881734561
vesper,932,74,1006,170.5765407554672
auriel,870,111,981,154.7400611620795
andrian,96,599,695,144.74820143884892
gabryel,182,424,606,79.86798679867987
graye,17,16,33,6.0606060606060606
kairos,36,739,775,181.41935483870967
jhersi,157,9,166,178.3132530120482
chinelo,136,5,141,185.81560283687944
shaheen,143,592,735,122.17687074829932
opha,427,12,439,189.06605922551253
ajene,59,89,148,40.54054054054054
sevan,49,348,397,150.62972292191438
wesleigh,376,5,381,194.750656167979
merced,181,764,945,123.38624338624338
danny,1693,286648,288341,197.6513919283071
rosalie,84049,96,84145,199.54364489868678
mariana,45887,85,45972,199.26041938571305
delancy,28,5,33,139.3939393939394
malikia,45,10,55,127.27272727272727
damaris,12734,552,13286,183.38100255908475
bona,181,10,191,179.05759162303664
georgi,419,74,493,139.95943204868152
monaco,33,49,82,39.02439024390244
drake,83,36792,36875,199.09966101694917
rannie,45,205,250,128.0
uhuru,5,28,33,139.3939393939394
haevyn,384,5,389,194.85861182519278
aundra,427,838,1265,64.9802371541502
ja,136,305,441,76.64399092970523
armer,16,6,22,90.9090909090909
camen,10,55,65,138.46153846153845
kyper,11,35,46,104.34782608695652
dayo,5,16,21,104.76190476190477
shane,3583,192583,196166,192.6939428851075
paula,280856,913,281769,198.70390284239926
dayna,14460,87,14547,197.6077541761188
venis,47,11,58,124.13793103448276
chasten,5,342,347,194.2363112391931
ashlee,43533,258,43791,197.6433513735699
kendle,339,189,528,56.81818181818182
gladis,3071,5,3076,199.34980494148243
harmanpreet,7,6,13,15.384615384615385
kayler,142,250,392,55.10204081632652
erys,35,6,41,141.46341463414635
marcelle,5414,507,5921,165.7490288802567
armistice,10,11,21,9.523809523809524
mckinnon,21,153,174,151.72413793103448
adlai,88,608,696,149.42528735632183
bayle,221,28,249,155.02008032128515
caedyn,83,393,476,130.25210084033614
toree,418,30,448,173.21428571428572
esly,414,19,433,182.44803695150117
notnamed,643,722,1365,11.575091575091575
semaj,2038,7421,9459,113.81752827994502
taryn,25698,741,26439,188.7892885510042
khouri,38,11,49,110.20408163265304
peyten,509,131,640,118.12499999999999
cozy,122,21,143,141.25874125874125
kin,6,271,277,191.33574007220219
jaie,29,5,34,141.1764705882353
cheyene,720,22,742,188.14016172506737
noaah,5,52,57,164.91228070175438
dayle,2181,1139,3320,62.77108433734939
macheal,16,33,49,69.38775510204081
ashdyn,6,36,42,142.85714285714286
pearl,159088,3922,163010,190.37605054904608
masani,63,28,91,76.92307692307693
remedy,887,21,908,190.7488986784141
javonni,90,523,613,141.27243066884176
keller,470,3702,4172,154.93767976989454
cydney,5145,25,5170,198.06576402321085
elgin,43,3959,4002,195.70214892553724
catlin,1055,446,1501,81.14590273151232
braedyn,291,2299,2590,155.05791505791507
raunak,21,181,202,158.41584158415841
coa,6,29,35,131.42857142857142
ensley,3794,16,3810,198.3202099737533
laeken,5,5,10,0.0
hridaya,5,12,17,82.35294117647058
cheyenne,70732,2696,73428,185.31350438524814
rochon,5,5,10,0.0
cayce,1141,606,1747,61.24785346307956
kielyn,91,5,96,179.16666666666669
mong,18,92,110,134.54545454545453
burnett,282,1561,1843,138.79544221378188
elysian,53,101,154,62.33766233766234
abril,9324,5,9329,199.78561474970522
kinta,14,73,87,135.63218390804596
rusty,565,17802,18367,187.69532313388143
ackley,10,48,58,131.0344827586207
zan,114,659,773,141.0090556274256
hau,34,109,143,104.8951048951049
natori,377,6,383,193.733681462141
cova,138,5,143,186.01398601398603
ken,30,33013,33043,199.6368368489544
haydin,300,464,764,42.93193717277487
kenley,7290,1161,8451,145.04792332268372
briana,97120,206,97326,199.15336086965456
cola,259,81,340,104.70588235294119
devry,11,27,38,84.21052631578947
oluwalonimi,23,5,28,128.57142857142858
jaheim,5,4062,4067,199.50823702975165
namaari,210,11,221,180.09049773755657
dor,30,11,41,92.6829268292683
loma,2289,5,2294,199.128160418483
jadan,343,1194,1537,110.73519843851658
tal,548,1265,1813,79.09542195256482
emrie,1712,5,1717,198.83517763541062
kendra,98438,350,98788,198.58282382475605
aline,14668,5,14673,199.86369522251755
shyler,164,102,266,46.616541353383454
ansel,10,4801,4811,199.16857202244856
life,22,62,84,95.23809523809523
rockie,128,943,1071,152.19421101774043
maguire,118,577,695,132.0863309352518
reva,16048,11,16059,199.72601033688275
tylin,262,1022,1284,118.38006230529594
meyers,11,51,62,129.03225806451613
andra,5572,2592,8164,73.00342969132778
cloy,5,126,131,184.73282442748092
braylenn,5,31,36,144.44444444444443
catalina,33009,7,33016,199.91519263387448
leshaun,28,235,263,157.4144486692015
ariah,11675,76,11751,197.41298612884012
xyion,5,57,62,167.74193548387098
windell,21,3006,3027,197.22497522299307
nealie,776,17,793,191.4249684741488
lennell,15,128,143,158.04195804195805
devinn,100,273,373,92.76139410187668
ariane,3777,5,3782,199.4711792702274
may,49400,699,50099,194.41905028044474
rhonda,208069,589,208658,198.87087962119833
torris,5,364,369,194.579945799458
perlie,565,73,638,154.2319749216301
terrin,394,576,970,37.52577319587629
randall,1153,198592,199745,197.69105609652306
jase,132,23905,24037,197.8033864458959
nakita,2990,28,3018,196.2889330682571
chapel,283,168,451,50.99778270509978
cannie,225,5,230,191.30434782608697
burton,48,22486,22534,199.1479542025384
breece,52,115,167,75.44910179640718
aquarius,235,183,418,24.880382775119617
ashly,12179,122,12301,196.0328428583042
nyree,1743,249,1992,150.0
koast,21,156,177,152.54237288135593
cosmo,6,2949,2955,199.18781725888326
lashawn,7349,3279,10628,76.59013925479866
tokunbo,5,10,15,66.66666666666666
taeler,341,5,346,194.21965317919074
trea,112,399,511,112.32876712328768
paycen,42,57,99,30.303030303030305
metztli,494,5,499,195.99198396793588
taler,68,5,73,172.6027397260274
ming,142,349,491,84.31771894093686
toriana,649,5,654,196.94189602446482
nikita,10778,2890,13668,115.42288557213931
refugio,863,3984,4847,128.7806890860326
perry,3691,76044,79735,181.48366463911708
kiza,32,31,63,3.1746031746031744
dontavia,118,11,129,165.89147286821705
lacie,10789,42,10831,198.44889668543993
angelica,93217,321,93538,198.62729585836772
treu,70,90,160,25.0
peri,2465,10,2475,198.38383838383837
adler,398,3758,4156,161.6939364773821
hieu,28,836,864,187.03703703703704
michie,97,6,103,176.6990291262136
helen,1024202,3105,1027307,198.79101378653118
sheron,3379,389,3768,158.70488322717623
ruey,80,10,90,155.55555555555557
jermanie,38,113,151,99.33774834437085
jaz,116,236,352,68.18181818181817
kyler,2405,38973,41378,176.75093044613078
brooks,1693,57946,59639,188.64501416858099
jo,179057,1854,180911,195.90074677603903
unique,7615,954,8569,155.46738242502042
chau,389,107,496,113.70967741935485
sheen,11,15,26,30.76923076923077
nyel,38,115,153,100.65359477124183
telly,82,1527,1609,179.61466749533872
mylan,433,1442,1875,107.62666666666667
armony,34,5,39,148.71794871794873
amethyst,4560,16,4576,198.6013986013986
fiori,11,6,17,58.82352941176471
maycen,52,122,174,80.45977011494253
nakie,8,14,22,54.54545454545454
hai,21,567,588,185.71428571428572
portia,10627,8,10635,199.69910672308416
camber,555,41,596,172.48322147651007
lanie,5602,35,5637,197.51640943764414
corlis,483,32,515,175.14563106796118
maddox,1825,47119,48944,185.08499509643676
franklyn,99,6097,6196,193.60877985797288
ryley,3341,3856,7197,14.311518688342364
roi,51,379,430,152.55813953488374
hastings,5,82,87,177.01149425287358
jameel,18,3040,3058,197.64551994767822
mackie,597,1032,1629,53.40699815837937
najae,578,83,661,149.7730711043873
maika,507,251,758,67.54617414248021
alizah,1459,10,1469,197.27705922396188
raylen,811,1611,2422,66.06110652353428
darrian,971,3452,4423,112.18629889215465
daun,778,27,805,186.58385093167703
kenny,548,51931,52479,195.82309114121838
blanche,87425,223,87648,198.982292807594
charlis,22,102,124,129.03225806451613
jalyn,4827,1795,6622,91.57354273633344
jerald,102,26191,26293,198.44825618986042
jacquise,47,73,120,43.333333333333336
karrol,52,7,59,152.54237288135593
clydie,853,22,875,189.94285714285715
skeeter,13,126,139,162.58992805755398
rorie,1096,13,1109,195.31109107303877
kuiper,5,68,73,172.6027397260274
kaidynn,53,31,84,52.38095238095239
emmer,2155,11,2166,197.9686057248384
mackay,21,276,297,171.7171717171717
heli,130,15,145,158.6206896551724
kirklyn,54,24,78,76.92307692307693
apurva,102,28,130,113.84615384615384
cambryn,164,38,202,124.75247524752476
macie,23472,31,23503,199.4724077777305
scout,5129,2092,7221,84.11577343858191
coey,5,5,10,0.0
julani,103,30,133,109.77443609022556
calihan,24,201,225,157.33333333333331
toi,1493,53,1546,186.28719275549804
nation,75,424,499,139.8797595190381
kaylan,4402,801,5203,138.42014222563904
jaelin,918,1262,2180,31.55963302752294
shamaine,197,5,202,190.0990099009901
lajuan,739,1096,1835,38.910081743869206
avalon,4213,69,4282,193.55441382531527
leslee,4905,96,5001,192.32153569286143
raylyn,1149,90,1239,170.9443099273608
joshua,4953,1248929,1253882,198.4199470125578
paeton,441,86,527,134.72485768500948
reazyn,15,5,20,100.0
theon,9,420,429,191.6083916083916
soul,322,461,783,35.50446998722861
kayo,5,279,284,192.95774647887325
odera,14,23,37,48.64864864864865
orea,32,10,42,104.76190476190477
iah,10,5,15,66.66666666666666
tuli,5,16,21,104.76190476190477
huntley,780,1067,1847,31.077422847861396
donshae,27,13,40,70.0
kirsten,53181,212,53393,198.4117768246774
success,117,87,204,29.411764705882355
mccoy,105,4568,4673,191.0121977316499
jonny,131,3401,3532,185.16421291053226
ventura,231,1301,1532,139.68668407310705
monico,17,787,804,191.54228855721394
braxlee,27,69,96,87.5
kenyell,22,7,29,103.44827586206897
abigail,413263,672,413935,199.3506226823052
layton,1171,12156,13327,164.85330532002703
gurnoor,384,165,549,79.78142076502732
kolsyn,31,272,303,159.07590759075907
arla,2789,17,2806,197.57662152530293
corby,303,1355,1658,126.89987937273824
davine,365,96,461,116.70281995661604
rotha,153,6,159,184.9056603773585
avyn,338,288,626,15.974440894568689
ifechukwu,11,28,39,87.17948717948718
linn,844,1450,2294,52.833478639930256
witten,57,1013,1070,178.69158878504675
kailin,1221,189,1410,146.38297872340425
shawne,810,429,1239,61.50121065375303
hollen,47,5,52,161.53846153846155
artha,548,117,665,129.62406015037593
tion,16,446,462,186.14718614718615
izayah,7,4269,4276,199.34518241347052
kenyon,187,7977,8164,190.83782459578637
kaegan,207,400,607,63.59143327841845
tarran,39,42,81,7.4074074074074066
capri,6436,128,6564,192.19987812309566
randee,2833,179,3012,176.2284196547145
ailin,1178,5,1183,198.30938292476753
jd,30,1419,1449,191.7184265010352
shinobu,5,5,10,0.0
bayly,51,12,63,123.80952380952381
lether,241,5,246,191.869918699187
kolbie,1475,432,1907,109.38647089669638
rabaab,31,11,42,95.23809523809523
khmari,10,164,174,177.01149425287358
hanna,42005,132,42137,198.74694449059024
natasha,97652,285,97937,198.83598639942005
acelyn,676,52,728,171.42857142857142
loise,818,37,855,182.69005847953218
elliot,7008,58592,65600,157.26829268292684
nakia,8738,2006,10744,125.31645569620254
brandell,6,91,97,175.2577319587629
jule,1998,1408,3406,34.64474456840869
darle,10,57,67,140.2985074626866
westyn,215,3113,3328,174.15865384615387
jamisyn,262,34,296,154.05405405405406
fortune,326,208,534,44.19475655430712
kaycen,48,1712,1760,189.0909090909091
jaice,125,796,921,145.7111834961998
teighan,228,5,233,191.41630901287553
cam,401,2794,3195,149.79655712050078
nhia,32,213,245,147.75510204081633
teagen,850,731,1581,15.053763440860216
denny,402,15417,15819,189.83500853404135
ro,24,39,63,47.61904761904761
tiante,16,5,21,104.76190476190477
corliss,2849,343,3192,157.01754385964912
diep,21,6,27,111.11111111111111
niger,25,11,36,77.77777777777779
laurice,1739,280,2019,144.5269935611689
jayani,541,6,547,195.6124314442413
lizbeth,25918,31,25949,199.52213958148675
torrin,100,947,1047,161.7956064947469
jeral,10,421,431,190.71925754060322
isla,58252,19,58271,199.86957491719724
kameryn,2070,826,2896,85.91160220994475
leilani,56466,25,56491,199.82298065178523
sevin,122,522,644,124.22360248447204
scotland,724,272,996,90.76305220883533
maclin,11,432,443,190.06772009029345
carrigan,1236,10,1246,196.7897271268058
renn,266,361,627,30.303030303030305
dayl,15,5,20,100.0
page,3960,1538,5498,88.10476536922516
russell,1696,359780,361476,198.12325022961414
reuben,45,32145,32190,199.44082013047532
francesc,19,10,29,62.06896551724138
yvette,64047,186,64233,198.84171687450376
precious,19393,147,19540,196.99078812691914
montana,8815,4040,12855,74.29015947102295
attley,14,6,20,80.0
tyne,435,18,453,184.10596026490066
tollie,40,566,606,173.59735973597358
tom,614,139756,140370,198.25033839139417
laverl,15,49,64,106.25
tanvir,7,271,278,189.92805755395682
ohara,20,6,26,107.6923076923077
vi,962,125,1087,154.00183992640294
sharon,723024,3106,726130,198.2890116094914
syaire,52,1005,1057,180.321665089877
izel,1524,420,1944,113.58024691358024
carmi,74,55,129,29.457364341085274
latonya,21757,67,21824,198.77199413489737
mallory,59044,1100,60144,192.68422452779993
lenix,147,225,372,41.935483870967744
deshai,22,5,27,125.92592592592592
concetta,14193,5,14198,199.8591350894492
ynez,231,5,236,191.52542372881356
norbert,6,20379,20385,199.8822663723326
thang,29,767,796,185.42713567839195
lottie,48352,133,48485,198.90275342889555
edden,6,44,50,152.0
izrael,15,1243,1258,195.23052464228934
rehmat,391,22,413,178.69249394673125
delijah,42,154,196,114.28571428571428
donta,91,3899,3990,190.87719298245614
jalon,74,2468,2542,188.35562549173878
kodi,3944,3337,7281,16.673533855239665
torin,218,5255,5473,184.06723917412754
alexandra,245451,869,246320,198.58882754140953
aerin,944,16,960,193.33333333333334
hansel,5,3631,3636,199.44994499449945
portland,172,93,265,59.62264150943396
adriane,6146,274,6420,182.92834890965733
baran,101,194,295,63.05084745762712
alfred,1292,243861,245153,197.8919287139052
earl,2247,289174,291421,196.91580222427348
ranell,290,62,352,129.54545454545453
dharma,618,22,640,186.25
iman,5124,1485,6609,110.12256014525647
kham,6,86,92,173.91304347826087
linden,1998,4102,6100,68.98360655737706
ferris,312,2837,3149,160.36837091140043
vanessa,261622,984,262606,198.5011766677075
kovey,14,8,22,54.54545454545454
juan,2760,365606,368366,197.0029807311207
emmett,308,78564,78872,198.43797545389998
mack,180,42720,42900,198.32167832167832
angeline,36874,10,36884,199.89155189241947
vision,91,98,189,7.4074074074074066
swayde,38,227,265,142.64150943396226
chastain,5,5,10,0.0
lionel,44,33789,33833,199.4797978305205
newton,5,8177,8182,199.7555609875336
taegan,1109,391,1500,95.73333333333333
cade,146,34772,34918,198.3275101666762
casper,21,6208,6229,198.65146893562368
polly,29684,24,29708,199.67685471926754
dalen,16,1971,1987,196.77906391545042
ressie,1823,18,1841,196.08908202064094
anwar,103,2761,2864,185.6145251396648
ireon,15,5,20,100.0
novis,139,15,154,161.03896103896105
flory,53,31,84,52.38095238095239
yian,31,140,171,127.48538011695906
dream,7771,556,8327,173.29170169328688
florine,11254,5,11259,199.8223643307576
chazz,29,1321,1350,191.4074074074074
trevor,611,161164,161775,198.48925977437798
yoni,20,798,818,190.2200488997555
thanh,650,1099,1749,51.34362492853059
carry,1359,300,1659,127.66726943942135
mian,35,75,110,72.72727272727273
willer,87,5,92,178.26086956521738
kase,7,4842,4849,199.42256135285626
ade,34,374,408,166.66666666666669
yovani,16,2091,2107,196.9625059326056
larson,94,1677,1771,178.7690570299266
terrence,527,72412,72939,197.10991376355585
kapri,1569,160,1729,162.98438403701562
clemmie,2637,972,3609,92.26932668329178
destine,1222,199,1421,143.98311048557352
larin,87,58,145,40.0
kasani,134,50,184,91.30434782608695
elgene,70,48,118,37.28813559322034
lakin,1916,439,2355,125.43524416135881
gertrude,177100,568,177668,198.72121034738953
jovoni,5,101,106,181.13207547169813
demaris,1018,286,1304,112.26993865030674
shandon,184,748,932,121.03004291845494
sullivan,1442,15635,17077,166.2235755694794
morton,5,12336,12341,199.83793857872135
kayan,246,414,660,50.90909090909091
tarrin,97,113,210,15.238095238095239
login,11,126,137,167.8832116788321
azari,2040,832,2872,84.12256267409471
ora,39278,5616,44894,149.96213302445761
viper,5,5,10,0.0
nour,2877,585,3462,132.40901213171577
fair,41,5,46,156.52173913043478
dayne,206,3885,4091,179.8582253727695
reza,9,1206,1215,197.03703703703704
cristy,8200,80,8280,196.1352657004831
dia,2250,117,2367,180.2281368821293
aysa,337,25,362,172.3756906077348
kip,154,8568,8722,192.93739967897272
lavalle,5,121,126,184.12698412698413
aleksey,10,571,581,193.11531841652322
laren,551,370,921,39.30510314875136
moises,52,31345,31397,199.3375163232156
aryam,471,38,509,170.1375245579568
diarra,354,78,432,127.77777777777777
brett,3404,159109,162513,191.6215933494551
ashanta,597,6,603,196.01990049751242
orie,429,1727,2156,120.40816326530613
dillion,6,3655,3661,199.34444140945098
jaxx,32,3285,3317,196.14109134760324
sky,9743,4205,13948,79.4092342988242
alize,5334,350,5684,175.36945812807883
bette,34897,22,34919,199.74798820126577
danari,52,48,100,8.0
ether,1214,71,1285,177.8988326848249
angelita,11702,37,11739,198.73924525087315
wilson,210,48807,49017,198.28630883162984
vicki,153266,294,153560,199.23417556655377
damari,811,5547,6358,148.97766593268324
raffie,23,5,28,128.57142857142858
llewelyn,10,178,188,178.72340425531914
byrl,53,533,586,163.82252559726962
danie,272,543,815,66.50306748466258
keenan,339,18176,18515,192.67620847961112
sunday,3197,120,3317,185.5290925535122
saher,175,5,180,188.88888888888889
noa,11815,2434,14249,131.67239806302194
kollier,5,15,20,100.0
blaze,602,8508,9110,173.5675082327113
goldie,38553,443,38996,195.45594419940505
karis,6744,104,6848,193.92523364485982
candice,67984,155,68139,199.09009524648144
zelle,21,6,27,111.11111111111111
johnnye,843,36,879,183.61774744027304
jassiel,5,951,956,197.907949790795
belamy,5,27,32,137.5
aileen,37637,5,37642,199.94686786036874
alai,68,6,74,167.56756756756758
kamalei,117,30,147,118.36734693877551
heriberto,16,10266,10282,199.3775530052519
tagan,63,54,117,15.384615384615385
rashawn,709,6408,7117,160.15174933258396
geri,8021,5,8026,199.75080986792923
malik,259,49607,49866,197.92243211807644
lemmy,26,108,134,122.38805970149254
semajae,5,10,15,66.66666666666666
abby,61855,181,62036,198.83293571474627
taraji,2764,50,2814,192.89267945984363
mia,310219,391,310610,199.49647467885774
elienai,288,6,294,191.83673469387753
bodee,5,762,767,197.39243807040415
arlet,3346,5,3351,199.40316323485527
jansyn,25,18,43,32.55813953488372
maddyx,232,208,440,10.909090909090908
tillian,32,56,88,54.54545454545454
machael,5,195,200,190.0
vitaly,5,224,229,191.26637554585153
regen,10,6,16,50.0
levert,5,588,593,196.6273187183811
jahni,170,91,261,60.53639846743295
remie,565,16,581,188.98450946643717
elvyn,11,83,94,153.19148936170214
frankye,266,6,272,191.1764705882353
sherril,1622,153,1775,165.5211267605634
alaye,5,11,16,75.0
remmi,502,40,542,170.47970479704796
orell,44,158,202,112.87128712871286
teygan,27,15,42,57.14285714285714
haylo,245,9,254,185.82677165354332
elison,11,98,109,159.63302752293578
lorin,2677,4729,7406,55.414528760464485
rae,23460,960,24420,184.27518427518427
ziggy,277,1501,1778,137.6827896512936
kaile,699,22,721,187.79472954230238
makena,6568,84,6652,194.94888755261576
rosalinda,15628,5,15633,199.87206550246276
navil,117,5,122,183.60655737704917
jacelyn,2983,5,2988,199.33065595716198
edwin,1191,247553,248744,198.08477792429164
levar,9,2017,2026,198.22309970384995
edil,5,64,69,171.0144927536232
laparis,139,5,144,186.11111111111111
lila,76493,57,76550,199.70215545395166
montie,935,1695,2630,57.79467680608364
xolani,1039,72,1111,174.07740774077408
jon,1249,168142,169391,197.0506107172164
rune,148,713,861,131.24274099883857
samari,1499,699,2198,72.79344858962693
romani,126,196,322,43.47826086956522
alaijah,735,5,740,197.2972972972973
tylo,13,56,69,124.63768115942028
rahil,193,545,738,95.39295392953929
shawndel,46,51,97,10.309278350515463
larkie,5,5,10,0.0
kashtyn,81,756,837,161.29032258064515
paulina,20137,5,20142,199.90070499453878
kylan,1087,10734,11821,163.21800186109465
loring,22,1285,1307,193.2670237184392
carrol,4252,6067,10319,35.17782730884776
kelli,74891,301,75192,198.39876582615173
darein,5,16,21,104.76190476190477
aley,33,6,39,138.46153846153845
breck,444,2648,3092,142.5614489003881
keimari,24,123,147,134.6938775510204
talbot,11,450,461,190.45553145336225
braydin,11,1088,1099,195.99636032757053
takeshi,5,708,713,197.19495091164094
dione,2373,573,2946,122.19959266802445
nance,761,10,771,194.8119325551232
lohgan,48,40,88,18.181818181818183
jenifer,25551,22,25573,199.65588706839245
zelmer,16,52,68,105.88235294117648
meerab,186,11,197,177.66497461928935
lain,27,484,511,178.86497064579257
calan,20,974,994,191.95171026156942
maynard,22,14918,14940,199.41097724230255
artee,10,26,36,88.88888888888889
conda,205,15,220,172.72727272727272
kaida,692,12,704,193.1818181818182
kendy,510,21,531,184.18079096045196
sung,69,444,513,146.19883040935673
vernice,7290,789,8079,160.93575937616043
margo,27208,34,27242,199.50077086851186
cashe,68,58,126,15.873015873015872
uganda,46,12,58,117.24137931034481
chevi,141,5,146,186.3013698630137
kayce,3224,3316,6540,2.8134556574923546
chalon,133,22,155,143.22580645161293
sharman,1014,28,1042,189.2514395393474
karmel,137,21,158,146.8354430379747
dayshawn,5,1356,1361,198.5304922850845
jodeci,420,455,875,8.0
jair,11,7258,7269,199.3946897785115
vondell,279,204,483,31.05590062111801
gable,6,804,810,197.03703703703704
amire,107,835,942,154.5647558386412
jaxyn,349,1349,1698,117.78563015312132
ebubechukwu,5,128,133,184.9624060150376
berlie,103,188,291,58.4192439862543
gursanjh,52,5,57,164.91228070175438
terrylee,30,10,40,100.0
themis,15,5,20,100.0
kayin,82,548,630,147.93650793650795
kevion,5,1097,1102,198.1851179673321
roxanna,13459,7,13466,199.7920689143027
judah,853,35578,36431,190.63434986687162
wilber,11,6891,6902,199.36250362213852
di,57,13,70,125.71428571428571
shola,32,5,37,145.94594594594594
covey,94,279,373,99.19571045576407
ahari,12,5,17,82.35294117647058
holiday,426,5,431,195.3596287703016
hendrixx,6,486,492,195.1219512195122
candler,5,67,72,172.22222222222223
thea,20113,5,20118,199.90058653941745
yesica,2411,5,2416,199.17218543046357
pinkie,3881,11,3892,198.8694758478931
darragh,35,265,300,153.33333333333334
lijah,10,219,229,182.53275109170306
onyxx,22,119,141,137.5886524822695
rhylan,350,706,1056,67.42424242424242
yamari,217,103,320,71.25
sukhdeep,10,37,47,114.89361702127661
tavyn,12,176,188,174.468085106383
jlyn,164,110,274,39.416058394160586
elyon,29,414,443,173.81489841986456
nikola,658,3444,4102,135.83617747440272
bess,7171,5,7176,199.72129319955408
amiree,156,22,178,150.56179775280899
alija,49,130,179,90.5027932960894
navi,1572,459,2031,109.60118168389957
koby,97,6038,6135,193.6756316218419
houston,436,18104,18540,190.5933117583603
harlen,115,3405,3520,186.9318181818182
ronit,341,554,895,47.59776536312849
dennie,808,3729,4537,128.76350011020497
berlyn,937,87,1024,166.015625
lo,53,33,86,46.51162790697674
wood,6,320,326,192.63803680981596
embry,712,379,1091,61.044912923923015
malachia,20,11,31,58.06451612903226
avion,304,2692,2996,159.41255006675567
mavi,217,90,307,82.73615635179154
mystikal,5,17,22,109.09090909090908
freeman,5,10991,10996,199.8181156784285
carnell,546,4618,5164,157.70720371804802
jullian,948,2821,3769,99.38975855664633
cashmir,11,163,174,174.71264367816093
nasir,54,17917,17971,198.79806354682543
justise,264,66,330,120.0
kennyatta,10,5,15,66.66666666666666
lamarr,30,2896,2926,195.89883800410118
carrington,2663,1818,4481,37.71479580450792
roman,478,104653,105131,198.18131664304534
harlow,13986,2669,16655,135.8991293905734
knowledge,124,2375,2499,180.15206082432974
deontra,18,135,153,152.94117647058823
azlan,13,1337,1350,196.14814814814815
elmar,20,294,314,174.52229299363057
ashland,687,166,853,122.15709261430246
eartha,2920,32,2952,195.6639566395664
lesean,10,351,361,188.9196675900277
donnell,1026,14279,15305,173.18523358379613
timber,1504,893,2397,50.98039215686274
darlene,204942,604,205546,198.8245940081539
zae,5,198,203,190.14778325123152
mckenzy,1008,35,1043,186.5771812080537
sascha,1135,395,1530,96.73202614379085
claudy,14,315,329,182.9787234042553
shams,342,106,448,105.35714285714286
noelle,44457,115,44572,198.96796194920577
zavier,5,7047,7052,199.71639251276235
erion,113,599,712,136.51685393258427
jeremie,70,4301,4371,193.59414321665523
kaige,5,458,463,195.6803455723542
jacoby,120,11161,11281,195.74505806222854
valrie,909,5,914,197.81181619256017
aden,663,21854,22517,188.2222320913088
rameen,292,105,397,94.20654911838791
kamalani,303,6,309,192.23300970873788
teresa,416044,1165,417209,198.8830538171516
zeal,17,175,192,164.58333333333331
azizi,71,21,92,108.69565217391303
riko,108,88,196,20.408163265306122
emrah,5,119,124,183.8709677419355
braxten,5,1864,1869,198.9299090422686
mical,193,330,523,52.39005736137668
rilee,3324,418,3742,155.31801175841795
dalas,10,24,34,82.35294117647058
messiah,1036,27064,28100,185.2526690391459
mekka,47,5,52,161.53846153846155
crimson,1278,558,1836,78.43137254901961
alayan,6,5,11,18.181818181818183
kili,117,16,133,151.8796992481203
derek,909,239060,239969,198.48480428722044
rei,550,478,1028,14.007782101167315
ollie,41641,17626,59267,81.0400391448867
wadie,96,90,186,6.451612903225806
armari,45,115,160,87.5
oluwateniola,90,6,96,175.0
birdie,14708,106,14814,197.13784258134197
mark,4496,1362176,1366672,198.6841026961846
derin,240,911,1151,116.59426585577759
carsyn,4431,1955,6386,77.54462887566552
val,1749,5657,7406,105.53605184985146
woody,10,4236,4246,199.05793688177107
donnel,47,776,823,177.15674362089914
donyel,96,79,175,19.428571428571427
eddison,36,531,567,174.6031746031746
shade,869,1156,2025,28.34567901234568
machel,118,10,128,168.75
gentry,2777,4287,7064,42.7519818799547
kimothy,35,125,160,112.5
laurie,166488,1954,168442,195.35982712150178
kendale,55,981,1036,178.76447876447875
elroi,61,130,191,72.25130890052355
peja,61,23,84,90.47619047619048
shadell,66,5,71,171.83098591549296
camoni,83,13,96,145.83333333333331
lashan,512,87,599,141.90317195325542
yonah,26,911,937,188.90074706510137
emmette,7,812,819,196.58119658119656
cuba,569,47,616,169.4805194805195
reece,4949,21968,26917,126.45539993312775
dois,59,96,155,47.74193548387097
noor,8276,1077,9353,153.93991232759544
markel,121,4708,4829,189.97722095671983
rylann,464,88,552,136.23188405797103
malak,3894,289,4183,172.36433181926847
thuong,37,7,44,136.36363636363635
gefen,21,5,26,123.07692307692308
tyan,68,222,290,106.20689655172413
dusti,1815,9,1824,198.0263157894737
clarion,10,113,123,167.47967479674796
jaydan,585,3243,3828,138.87147335423197
jacie,4230,5,4235,199.52774498229044
vaylen,15,109,124,151.61290322580646
archer,412,31391,31803,194.81809892148542
tymber,583,41,624,173.71794871794873
aalijah,149,304,453,68.43267108167771
yue,142,86,228,49.122807017543856
talon,542,12497,13039,183.37295804893012
nesbit,18,62,80,110.00000000000001
nian,7,11,18,44.44444444444444
soli,119,9,128,171.875
khalee,61,111,172,58.139534883720934
hallel,129,6,135,182.22222222222223
montrose,6,6,12,0.0
sheldon,496,36676,37172,194.6626493059292
greylyn,40,10,50,120.0
racine,597,5,602,196.67774086378736
farah,6278,98,6376,193.85194479297365
austin,5681,438042,443723,194.87878699098312
kearney,52,275,327,136.3914373088685
navada,121,6,127,181.1023622047244
phoebe,43658,5,43663,199.95419462702975
omer,67,8856,8923,196.99652583211923
ahsani,6,5,11,18.181818181818183
yasin,5,2784,2789,199.28289709573323
byntlee,5,27,32,137.5
valerie,273229,693,273922,198.98803308971168
elga,120,10,130,169.23076923076923
kaimoni,5,15,20,100.0
celia,56642,74,56716,199.4781014175894
tijah,89,5,94,178.72340425531914
rylin,1787,1065,2852,50.63113604488079
moriah,13399,108,13507,196.8016583993485
haydn,402,1845,2247,128.43791722296396
jardin,7,5,12,33.33333333333333
marvelle,442,75,517,141.97292069632493
rozelle,497,33,530,175.0943396226415
gregorio,5,10842,10847,199.81561722135152
khamil,75,28,103,91.2621359223301
sarang,72,66,138,8.695652173913043
leanne,29627,5,29632,199.93250539956804
deone,182,110,292,49.31506849315068
glenn,2136,248642,250778,196.59300257598352
virgal,5,220,225,191.11111111111111
karti,5,6,11,18.181818181818183
mell,202,342,544,51.470588235294116
raen,20,11,31,58.06451612903226
ermine,522,67,589,154.49915110356537
dana,193555,53287,246842,113.65002714286871
kaylix,10,65,75,146.66666666666666
summit,247,1024,1271,122.26593233674272
arguster,10,11,21,9.523809523809524
tien,506,814,1320,46.666666666666664
oris,232,1661,1893,150.9772847332277
iley,191,108,299,55.51839464882943
jee,38,5,43,153.48837209302326
avonni,73,27,100,92.0
elim,220,326,546,38.82783882783883
nellis,18,18,36,0.0
cordelle,5,94,99,179.7979797979798
osha,280,85,365,106.84931506849315
alexcis,215,11,226,180.5309734513274
victory,1759,700,2459,86.13257421716145
kona,243,438,681,57.268722466960355
hannan,473,132,605,112.72727272727272
kellis,104,111,215,6.511627906976744
magic,74,392,466,136.48068669527896
bo,865,14984,15849,178.16896965108208
trelynn,32,18,50,56.00000000000001
taigan,56,5,61,167.21311475409837
adelyn,23612,6,23618,199.89838258955035
lyfe,124,339,463,92.87257019438445
darean,26,56,82,73.17073170731707
saundra,17851,11,17862,199.7536670025753
abel,161,66037,66198,199.02716094141817
nery,287,1563,1850,137.94594594594594
ryne,31,4373,4404,197.18437783832877
kagen,17,524,541,187.43068391866913
aleksi,28,97,125,110.4
poet,239,134,373,56.30026809651475
zell,370,213,583,53.859348198970835
conor,69,27380,27449,198.99449888884843
moa,5,10,15,66.66666666666666
doll,363,24,387,175.19379844961242
tami,37927,90,38017,199.05305521214194
paityn,6309,29,6338,198.16976964342064
dolores,211440,1336,212776,197.48843854570063
payton,60045,24739,84784,83.28458199660314
raeshawn,124,351,475,95.57894736842105
najay,26,26,52,0.0
malika,4967,36,5003,197.12172696382171
roney,5,883,888,197.74774774774775
maryann,62953,52,63005,199.66986747083564
avy,461,16,477,186.58280922431868
ozzi,29,30,59,3.389830508474576
vallie,3462,143,3605,184.13314840499305
jovannie,11,333,344,187.2093023255814
lovelle,157,76,233,69.52789699570815
garnet,6913,2010,8923,109.89577496357728
ayodele,98,261,359,90.80779944289694
aviyon,6,142,148,183.7837837837838
lenny,736,8299,9035,167.41560597675706
bowen,326,13187,13513,190.35003330126546
lev,84,2999,3083,189.10152448913396
aree,55,5,60,166.66666666666669
jarrell,22,4223,4245,197.92697290930505
kerrigan,2460,111,2571,182.73045507584598
teryn,1373,261,1634,136.1077111383109
hailee,16484,6,16490,199.85445724681625
iliya,46,194,240,123.33333333333334
laker,10,233,243,183.53909465020578
amaree,812,1013,1825,22.027397260273972
kyarie,33,13,46,86.95652173913044
demetrius,1727,36064,37791,181.72051546664548
marcello,10,6608,6618,199.39558779087338
reeves,82,977,1059,169.02738432483474
kaylen,7150,1354,8504,136.31232361241769
sonny,1029,22327,23356,182.3771193697551
rodriguez,5,952,957,197.91013584117033
monyae,58,5,63,168.25396825396825
dabney,391,232,623,51.04333868378812
eleven,76,36,112,71.42857142857143
carmell,152,12,164,170.73170731707316
rainn,304,286,590,6.101694915254238
lam,76,554,630,151.74603174603175
eryn,7415,173,7588,190.8803373748023
danyal,176,609,785,110.31847133757961
cecilia,111511,177,111688,199.36609125420816
fynn,89,1600,1689,178.92243931320309
kashmiere,6,9,15,40.0
kaysen,435,6640,7075,175.40636042402826
jarod,5,11799,11804,199.83056590986106
prabhjot,23,133,156,141.02564102564102
mariam,18555,5,18560,199.89224137931035
paxton,2124,28194,30318,171.97704334058974
teddie,1081,1458,2539,29.696730996455294
rondie,5,31,36,144.44444444444443
ariel,78697,21968,100665,112.70848855113496
chane,128,322,450,86.22222222222223
derrion,45,1471,1516,188.12664907651714
issie,6,5,11,18.181818181818183
arzo,5,39,44,154.54545454545453
grae,157,170,327,7.951070336391437
noe,436,23494,23930,192.71207689093188
carles,5,681,686,197.08454810495627
alin,506,144,650,111.38461538461539
maria,566111,4278,570389,196.99994214474683
braidy,17,6,23,95.65217391304348
zai,71,247,318,110.69182389937107
rex,141,60449,60590,199.06915332563128
kindall,596,45,641,171.91887675507022
grant,207,136462,136669,199.39415668512976
renie,614,6,620,196.1290322580645
jakie,17,759,776,191.23711340206185
tee,51,407,458,155.45851528384281
child,53,78,131,38.16793893129771
musiq,44,77,121,54.54545454545454
joslyn,11227,28,11255,199.00488671701467
tonie,2908,348,3256,157.24815724815724
leary,16,194,210,169.52380952380952
laquinn,5,53,58,165.51724137931035
jurnee,4557,12,4569,198.9494418910046
kiah,3313,265,3578,170.3745108999441
shannon,295782,52379,348161,139.82209380143095
masiya,81,10,91,156.04395604395606
leonides,18,693,711,189.873417721519
roane,10,53,63,136.5079365079365
monroe,7266,17094,24360,80.6896551724138
brianda,1968,5,1973,198.9863152559554
ashlen,1070,13,1083,195.19852262234534
kehinde,102,168,270,48.888888888888886
breslin,169,156,325,8.0
chevy,883,3794,4677,124.48150523840069
keelynn,88,5,93,178.49462365591398
phoenyx,716,382,1098,60.83788706739527
roni,4707,822,5529,140.53174172544766
darris,98,1991,2089,181.23504068932505
adrielle,1179,5,1184,198.3108108108108
asencion,110,379,489,110.02044989775051
bera,181,12,193,175.12953367875647
bevin,1037,136,1173,153.6231884057971
terre,838,99,937,157.7374599786553
shadow,491,613,1104,22.10144927536232
larue,3980,1540,5520,88.40579710144928
massiah,93,1451,1544,175.90673575129534
azaryah,277,177,454,44.052863436123346
inari,559,30,589,179.62648556876061
braylynn,1632,184,1816,159.4713656387665
cathy,170303,343,170646,199.19599639018787
jehlani,288,105,393,93.12977099236642
han,646,768,1414,17.256011315417254
naje,111,37,148,100.0
jua,8,20,28,85.71428571428571
terrelle,34,575,609,177.66830870279148
rajae,22,42,64,62.5
dareon,7,441,448,193.75
karron,376,175,551,72.95825771324864
kolbi,874,318,1192,93.28859060402685
amanpreet,125,34,159,114.46540880503144
khy,5,142,147,186.39455782312925
jer,12,10,22,18.181818181818183
dahn,16,5,21,104.76190476190477
azaria,7603,224,7827,188.5524466590009
ran,15,94,109,144.95412844036696
mana,703,134,837,135.96176821983275
jaron,48,11228,11276,198.29726853494148
alver,5,119,124,183.8709677419355
destry,145,1502,1647,164.7844565877353
marle,46,6,52,153.84615384615387
mikael,300,5939,6239,180.76614842122135
mako,71,281,352,119.31818181818181
jazel,672,21,693,187.87878787878788
rayvin,369,6,375,193.6
lisandro,5,2411,2416,199.17218543046357
darling,1045,15,1060,194.33962264150944
jeryl,1029,802,1831,24.795193883123975
yacine,86,118,204,31.372549019607842
phalen,18,21,39,15.384615384615385
israel,1637,71237,72874,191.01462798803414
pharon,5,6,11,18.181818181818183
kenney,5,2500,2505,199.20159680638722
katlyn,18433,5,18438,199.89152836533245
auguste,28,468,496,177.41935483870967
haydyn,307,292,599,5.008347245409015
farron,114,607,721,136.75450762829405
eisa,133,330,463,85.09719222462203
millian,69,13,82,136.58536585365854
naylen,5,32,37,145.94594594594594
marian,141944,1351,143295,196.22875885411216
leonardo,141,96066,96207,199.4137640712214
murphey,27,10,37,91.8918918918919
sadi,677,26,703,185.20625889046943
tajai,147,175,322,17.391304347826086
sathya,6,40,46,147.82608695652172
wan,10,5,15,66.66666666666666
reven,6,76,82,170.73170731707316
kailand,14,179,193,170.98445595854923
burnice,1593,1333,2926,17.771701982228297
muril,15,28,43,60.46511627906976
emarie,1502,5,1507,198.67285998672858
tijay,5,6,11,18.181818181818183
ximena,39656,13,39669,199.86891527389145
hayden,33424,114084,147508,109.36355994251159
ramone,12,2430,2442,198.03439803439804
jamie,270936,88654,359590,101.38324202564031
gussie,13084,1098,14182,169.03116626709914
jantzen,14,706,720,192.22222222222223
titan,5,5496,5501,199.63642974004728
kemonie,121,29,150,122.66666666666666
ezriah,10,57,67,140.2985074626866
hassan,7,12300,12307,199.77248720240513
elgia,23,11,34,70.58823529411765
gurjot,6,178,184,186.95652173913044
wiley,394,18400,18794,191.6143450037246
delta,4368,108,4476,190.3485254691689
chanon,62,26,88,81.81818181818183
zavery,5,46,51,160.7843137254902
kauai,11,32,43,97.67441860465115
shayron,11,5,16,75.0
vian,32,333,365,164.93150684931507
graham,235,61436,61671,198.47578278283146
ellington,1004,700,1704,35.68075117370892
nola,26262,9,26271,199.86296676944158
nix,5,96,101,180.1980198019802
anik,17,415,432,184.25925925925927
arshdeep,21,138,159,147.16981132075472
foy,421,2112,2533,133.51756810106593
chaniel,17,10,27,51.85185185185185
desmond,233,40031,40264,197.68527717067354
tali,1463,72,1535,181.23778501628664
ogle,10,113,123,167.47967479674796
taiga,11,355,366,187.97814207650273
emory,10792,18970,29762,54.955984140850745
ibukunoluwa,51,34,85,40.0
kace,31,3188,3219,196.14787200994098
tegan,6789,2574,9363,90.0352451137456
hermes,5,697,702,197.15099715099714
derick,39,19771,19810,199.21251892983344
eziah,5,1140,1145,198.2532751091703
wendell,567,53763,54330,195.82551076753174
keyior,6,5,11,18.181818181818183
earon,5,163,168,188.0952380952381
devlyn,268,341,609,23.973727422003286
pheonyx,25,6,31,122.58064516129032
braxtyn,351,2095,2446,142.60016353229764
joelle,16115,525,16640,187.37980769230768
jeree,202,5,207,190.33816425120773
kaylor,796,502,1298,45.300462249614796
pita,43,11,54,118.5185185185185
marianne,65520,49,65569,199.70107825344294
sheehan,5,69,74,172.97297297297297
nichole,63770,184,63954,198.8491728429809
aba,27,5,32,137.5
hong,450,198,648,77.77777777777779
amy,701631,1853,703484,198.94638684035456
jaid,168,5,173,188.43930635838151
alexa,131551,284,131835,199.13831683543825
milen,25,117,142,129.5774647887324
emeril,16,70,86,125.5813953488372
elbie,10,81,91,156.04395604395606
holden,288,32507,32795,196.4872694008233
aydyn,11,390,401,189.02743142144638
amai,186,63,249,98.79518072289156
simone,27531,536,28067,192.36113585349344
farrah,12156,7,12163,199.76979363643838
ezariah,147,481,628,106.36942675159236
roxana,11994,26,12020,199.13477537437606
harlee,8023,479,8502,177.4641260879793
jarrett,78,22892,22970,198.6417065737919
tate,1555,27400,28955,178.51839060611294
orva,508,105,613,131.48450244698208
cheri,36068,12,36080,199.8669623059867
merril,134,858,992,145.96774193548387
sonam,492,124,616,119.48051948051948
coree,395,166,561,81.63992869875223
nayel,5,503,508,196.06299212598427
columbia,647,5,652,196.9325153374233
zyan,325,1749,2074,137.3191899710704
zacharee,5,97,102,180.3921568627451
asil,16,84,100,136.0
zyn,25,36,61,36.0655737704918
kawan,15,568,583,189.7084048027444
dannel,20,120,140,142.85714285714286
hades,5,261,266,192.4812030075188
jorey,25,238,263,161.97718631178708
colbey,28,523,551,179.67332123411978
tsering,85,33,118,88.13559322033898
camlin,5,5,10,0.0
jourden,84,201,285,82.10526315789474
olee,37,28,65,27.692307692307693
kaelen,340,739,1079,73.95736793327154
seraphine,751,10,761,194.7437582128778
dareth,77,5,82,175.609756097561
aavyn,5,6,11,18.181818181818183
adetokunbo,5,104,109,181.65137614678898
maddex,40,1744,1784,191.03139013452915
colbe,6,113,119,179.83193277310926
ericka,23420,46,23466,199.21588681496632
kelcie,3298,37,3335,195.56221889055473
gemini,500,319,819,44.2002442002442
joyce,509332,2900,512232,197.73540114635554
mozelle,5344,11,5355,199.17833800186742
ryelee,283,57,340,132.94117647058823
jasper,1246,62428,63674,192.17262933065302
danis,31,166,197,137.05583756345177
leno,6,656,662,196.37462235649548
shree,1047,13,1060,195.0943396226415
justyn,152,4398,4550,186.63736263736263
elaine,262890,653,263543,199.00889038980355
bethany,100902,184,101086,199.27190708901333
dreu,24,59,83,84.33734939759037
duffie,6,34,40,140.0
myaire,49,146,195,99.48717948717949
jay,2584,195548,198132,194.78327579593403
jarin,33,1021,1054,187.4762808349146
rayn,660,592,1252,10.86261980830671
alexi,4220,1756,5976,82.46318607764391
allure,589,5,594,196.63299663299662
cassey,1691,155,1846,166.41386782231854
blessed,260,209,469,21.748400852878465
haze,110,1232,1342,167.21311475409837
rayli,113,20,133,139.84962406015038
brye,10,42,52,123.07692307692308
djuan,7,1521,1528,198.1675392670157
klark,24,137,161,140.3726708074534
arzell,8,81,89,164.04494382022472
khepri,82,82,164,0.0
hartley,2219,1608,3827,31.931016461980665
paiden,127,137,264,7.575757575757576
dollie,19237,61,19298,198.73562027153073
orin,16,6283,6299,198.98396570884267
zayden,193,32246,32439,197.62014858657787
merlyn,1635,3410,5045,70.36669970267592
kemarii,17,5,22,109.09090909090908
myan,140,114,254,20.47244094488189
jance,5,78,83,175.9036144578313
duanne,54,109,163,67.48466257668711
sellers,11,32,43,97.67441860465115
neriah,3651,97,3748,189.6478121664888
valery,8825,107,8932,195.20824003582624
evone,410,5,415,195.18072289156626
jeannine,24066,6,24072,199.90029910269192
braydon,23,14315,14338,199.3583484446924
key,10,166,176,177.27272727272728
zyien,12,60,72,133.33333333333331
nika,2497,5,2502,199.20063948840928
kellan,517,10752,11269,181.64877096459313
zailyn,324,207,531,44.06779661016949
dali,160,51,211,103.3175355450237
marin,6096,1010,7106,143.14663664508868
malikai,5,2083,2088,199.04214559386972
courtenay,1189,246,1435,131.42857142857142
artice,64,152,216,81.48148148148148
alta,28931,117,29048,198.38887358854308
jerre,617,795,1412,25.21246458923513
nermin,17,32,49,61.224489795918366
lorren,409,368,777,10.553410553410554
orlando,242,49454,49696,198.0521571152608
lindell,357,2435,2792,148.85386819484242
verna,69113,525,69638,196.98440506619949
orra,129,17,146,153.42465753424656
hari,14,871,885,193.6723163841808
olean,853,17,870,192.183908045977
bellamy,3745,3014,6759,21.63041870099127
marquelle,84,267,351,104.27350427350429
boston,1043,10901,11944,165.07032819825852
keilan,43,1325,1368,187.4269005847953
julio,422,63775,64197,197.3705936414474
cyril,97,12034,12131,196.80158272195203
bernard,983,200087,201070,198.04446212761724
donny,40,12887,12927,198.7622804981821
mikhal,5,37,42,152.38095238095238
giannis,37,1046,1083,186.3342566943675
barry,766,181270,182036,198.31681645388824
prestin,5,735,740,197.2972972972973
sakari,649,296,945,74.70899470899471
howard,1676,346666,348342,198.07545458199124
josefina,13932,35,13967,198.99763728789287
lydell,10,1911,1921,197.91775117126497
elysha,697,31,728,182.96703296703296
renny,129,661,790,134.68354430379748
aymen,17,499,516,186.8217054263566
koli,8,13,21,47.61904761904761
daya,927,8,935,196.5775401069519
brian,4563,1173735,1178298,198.4509860833168
tauren,26,239,265,160.75471698113208
rayven,3018,170,3188,178.67001254705144
azuriah,18,94,112,135.71428571428572
eknoor,173,28,201,144.27860696517413
shelia,47780,111,47891,199.07289469837758
shelton,172,11973,12145,194.33511733223548
ehren,17,1186,1203,194.3474646716542
sia,2790,5,2795,199.2844364937388
amaria,2912,5,2917,199.31436407267742
tolulope,152,38,190,120.0
oddie,257,343,600,28.666666666666668
anri,21,57,78,92.3076923076923
traeh,76,29,105,89.52380952380953
jareth,37,2076,2113,192.99574065309986
offie,72,151,223,70.85201793721974
shanan,745,123,868,143.3179723502304
jerzi,595,36,631,177.17908082408874
kari,59696,931,60627,193.8575222260709
joselyn,18214,5,18219,199.89022449091607
jonel,328,362,690,9.855072463768117
amyris,5,12,17,82.35294117647058
ailen,686,5,691,197.10564399421128
azaya,240,10,250,184.0
shyah,136,5,141,185.81560283687944
sadio,5,5,10,0.0
teja,571,73,644,154.65838509316768
atta,10,12,22,18.181818181818183
storm,2789,3605,6394,25.523928683140447
lanell,2124,354,2478,142.85714285714286
searcy,11,226,237,181.43459915611814
croix,22,1179,1201,192.6727726894255
edis,41,162,203,119.21182266009853
areen,255,13,268,180.59701492537314
draper,5,432,437,195.4233409610984
iren,5,78,83,175.9036144578313
lorene,39379,113,39492,198.85546439785273
channin,45,86,131,62.59541984732825
bettie,38395,83,38478,199.13716929154322
leondra,758,5,763,197.37876802096986
edi,29,379,408,171.5686274509804
liron,44,89,133,67.66917293233082
chesney,2664,157,2821,177.73839064161646
mychael,242,1348,1590,139.11949685534591
azar,10,212,222,181.981981981982
khi,27,364,391,172.3785166240409
clover,5640,98,5738,193.168351341931
selah,15187,207,15394,194.62128101857869
abney,10,5,15,66.66666666666666
datril,5,6,11,18.181818181818183
edy,191,696,887,113.86696730552424
marquel,248,2712,2960,166.48648648648648
harbour,118,24,142,132.3943661971831
stacie,39119,198,39317,197.98560419157107
gracin,219,515,734,80.65395095367847
felice,4188,700,4888,142.71685761047465
ramari,5,200,205,190.2439024390244
yahav,5,5,10,0.0
leoni,282,10,292,186.3013698630137
ping,10,6,16,50.0
brently,18,1424,1442,195.00693481276005
barkley,5,318,323,193.80804953560371
demery,27,11,38,84.21052631578947
johne,5,63,68,170.58823529411765
ridge,18,7893,7911,199.08987485779295
marshall,1157,97447,98604,195.30647843900857
azur,13,41,54,103.7037037037037
saran,651,25,676,185.20710059171597
rolland,5,9868,9873,199.79742732705358
rylei,1308,73,1381,178.85590152063722
nadia,46556,62,46618,199.46801664593073
aamari,109,196,305,57.049180327868854
donnis,1046,466,1512,76.71957671957672
kasyn,250,1413,1663,139.86770895971136
soledad,4197,5,4202,199.52403617325083
royce,2508,33154,35662,171.8692165330043
kreedence,5,34,39,148.71794871794873
isabella,417001,453,417454,199.56594019939922
renarda,141,5,146,186.3013698630137
kylann,14,20,34,35.294117647058826
thamar,85,5,90,177.77777777777777
jakell,6,186,192,187.5
freddy,172,26796,26968,197.44882824087807
sherrill,6932,1915,8847,113.41697750649938
jemiah,216,105,321,69.1588785046729
jacki,3518,5,3523,199.43230201532785
connor,1716,234546,236262,197.0947507428194
zakaria,466,2883,3349,144.34159450582263
brookes,44,108,152,84.21052631578947
cleatis,21,207,228,163.1578947368421
kaci,10009,174,10183,193.16507905332415
guy,470,90632,91102,197.936379003754
deor,10,24,34,82.35294117647058
swan,78,124,202,45.54455445544555
kandia,15,5,20,100.0
dutton,45,1456,1501,188.00799467021986
charity,35518,39,35557,199.5612678234947
geryl,95,10,105,161.9047619047619
kimbal,5,56,61,167.21311475409837
tatumn,375,5,380,194.73684210526315
sequoia,3941,491,4432,155.6859205776173
wisdom,1043,1146,2189,9.410689812699863
nanda,65,5,70,171.42857142857142
tiler,59,286,345,131.59420289855072
gabreal,41,149,190,113.68421052631578
jadden,28,306,334,166.4670658682635
eziyah,15,34,49,77.55102040816327
mac,58,11397,11455,197.9746835443038
burl,19,7181,7200,198.94444444444443
valgene,11,177,188,176.59574468085106
ku,6,33,39,138.46153846153845
trayce,208,609,817,98.1640146878825
lillie,158918,873,159791,197.8146453805283
raydean,5,5,10,0.0
rowe,185,527,712,96.06741573033707
sariel,5,139,144,186.11111111111111
paiten,409,15,424,185.8490566037736
maywood,6,26,32,125.0
winner,81,170,251,70.91633466135458
cooper,2782,123702,126484,191.20204927105405
artist,88,840,928,162.06896551724137
ashlan,1018,80,1098,170.85610200364297
miel,208,16,224,171.42857142857142
challie,5,5,10,0.0
tru,2530,3794,6324,39.974699557242246
finesse,195,47,242,122.31404958677685
novel,34,53,87,43.67816091954023
javen,100,3461,3561,188.767200224656
oaklynn,11766,97,11863,196.72932647728229
loren,12841,46479,59320,113.41200269723532
kai,8478,70232,78710,156.91525854402235
aimar,176,261,437,38.901601830663616
milagro,1872,37,1909,192.24724986904138
brixtyn,154,108,262,35.11450381679389
luzell,5,5,10,0.0
deshun,40,1314,1354,188.1831610044313
meryle,397,32,429,170.16317016317015
adi,945,779,1724,19.25754060324826
raphael,323,24258,24581,194.7439078963427
jorge,690,139476,140166,198.0309062112067
gia,22695,5,22700,199.91189427312776
landyn,1569,11887,13456,153.359096313912
sherrel,768,112,880,149.0909090909091
orel,136,562,698,122.06303724928367
symba,35,12,47,97.87234042553192
brixley,506,5,511,196.08610567514677
mazari,21,18,39,15.384615384615385
roshan,129,1788,1917,173.0829420970266
kensey,920,5,925,197.83783783783784
rosella,15990,5,15995,199.87496092528914
shauntel,913,10,923,195.66630552546044
jodee,3112,38,3150,195.1746031746032
kaygen,17,12,29,34.48275862068966
jazmon,225,36,261,144.82758620689654
sang,47,671,718,173.81615598885793
michi,143,8,151,178.80794701986756
rayane,7,128,135,179.25925925925924
shanon,4817,1732,6549,94.21285692472134
nikolia,5,11,16,75.0
siaire,5,67,72,172.22222222222223
jodie,27442,3657,31099,152.96311778513777
demaria,391,59,450,147.55555555555554
ezer,6,39,45,146.66666666666666
gaylord,5,6086,6091,199.6716466918404
jissie,10,45,55,127.27272727272727
fisher,65,6581,6646,196.0878724044538
omar,456,106438,106894,198.29363668681123
brody,282,81678,81960,198.62371888726207
dublin,128,334,462,89.17748917748918
marcy,21787,256,22043,195.35453431928505
kadrian,11,458,469,190.6183368869936
peighton,2740,93,2833,186.8690434168726
tina,292146,904,293050,198.76608087357107
cleary,8,10,18,22.22222222222222
taki,5,50,55,163.63636363636365
shanika,5599,11,5610,199.2156862745098
railyn,896,13,909,194.27942794279426
caziah,18,39,57,73.68421052631578
aziah,900,1074,1974,17.62917933130699
levone,34,117,151,109.93377483443709
aldene,347,5,352,194.3181818181818
kashindi,5,11,16,75.0
rakhi,54,27,81,66.66666666666666
londyn,27245,532,27777,192.33898549159377
ennis,320,3204,3524,163.67763904653802
tory,3926,6990,10916,56.13777940637596
garen,12,1208,1220,196.0655737704918
kaylee,140425,176,140601,199.49929232366767
norma,278071,1278,279349,198.17003103644547
turner,397,9989,10386,184.7101867899095
marque,140,1035,1175,152.3404255319149
aadi,16,1166,1182,194.58544839255498
jeremia,10,713,723,194.46749654218533
camrin,226,1047,1273,128.98664571877453
emsley,797,10,807,195.04337050805452
kierston,849,13,862,193.96751740139212
amilleon,10,5,15,66.66666666666666
shirrell,68,31,99,74.74747474747475
heaven,30361,443,30804,194.24750032463317
ahmiri,26,65,91,85.71428571428571
kemari,537,1585,2122,98.77474081055608
machenzie,32,5,37,145.94594594594594
brylan,77,1243,1320,176.66666666666666
ottis,174,4473,4647,185.02259522272433
al,255,17079,17334,194.11561093804085
vernet,10,11,21,9.523809523809524
elie,390,3015,3405,154.1850220264317
sofia,186744,187,186931,199.59985235193736
zoey,115332,230,115562,199.20389055225766
braylan,61,1332,1393,182.48384781048097
mozell,3050,484,3534,145.21788341822298
corban,11,3586,3597,198.7767584097859
darren,569,103937,104506,197.82213461428051
brelyn,598,69,667,158.6206896551724
khristian,559,2801,3360,133.45238095238093
matia,419,15,434,186.17511520737327
makenzie,45023,301,45324,197.34357073515136
kopelyn,132,7,139,179.85611510791367
kippy,102,166,268,47.76119402985074
yanel,199,6,205,188.29268292682926
irvine,5,899,904,197.78761061946904
kijana,137,264,401,63.34164588528678
atari,58,95,153,48.36601307189542
mursal,50,17,67,98.50746268656717
juda,162,378,540,80.0
gwynne,1403,30,1433,191.62595952547105
samuel,2889,820196,823085,198.5960137774349
byrle,28,32,60,13.333333333333334
temitope,260,128,388,68.04123711340206
jarae,211,62,273,109.15750915750915
georgy,15,26,41,53.65853658536586
nghia,5,211,216,190.74074074074073
clea,815,10,825,195.15151515151516
alvah,72,1808,1880,184.68085106382978
robert,20119,4849730,4869849,198.3474641616198
camry,1409,125,1534,167.40547588005214
bryant,237,51697,51934,198.1746062309855
kailan,519,599,1118,14.311270125223613
schylar,232,111,343,70.55393586005832
charlton,5,3530,3535,199.43422913719942
isabell,15274,5,15279,199.86910138098045
merion,119,157,276,27.536231884057973
bently,81,2443,2524,187.16323296354994
keontay,5,370,375,194.66666666666669
pearce,49,1247,1296,184.87654320987653
garie,34,10,44,109.09090909090908
nyrie,159,11,170,174.11764705882354
princess,15975,7,15982,199.82480290326617
kaisen,12,2625,2637,198.1797497155859
dereon,367,1204,1571,106.55633354551242
denise,373422,1367,374789,198.5410457617486
chamberlain,17,135,152,155.26315789473685
amos,64,36536,36600,199.30054644808743
camerin,236,584,820,84.8780487804878
dore,198,20,218,163.30275229357798
brinkley,1308,38,1346,188.70728083209508
braylyn,744,570,1314,26.48401826484018
shone,51,335,386,147.1502590673575
ryatt,192,2502,2694,171.49220489977728
daven,92,2543,2635,186.03415559772296
wallie,57,362,419,145.58472553699283
toccara,966,14,980,194.28571428571428
camryn,30959,4698,35657,147.29786577670583
jarah,433,11,444,190.0900900900901
tieran,6,22,28,114.28571428571428
navy,5913,804,6717,152.1214828048236
victorious,92,102,194,10.309278350515463
chali,15,5,20,100.0
julianni,60,5,65,169.23076923076923
dave,114,64378,64492,199.29293555789866
iyanu,21,16,37,27.027027027027028
lawsyn,180,107,287,50.87108013937283
rejean,8,18,26,76.92307692307693
zhavia,1096,7,1103,197.46146872166818
mccartney,320,124,444,88.28828828828829
orion,630,23120,23750,189.38947368421054
brittain,321,391,712,19.662921348314608
avian,329,1896,2225,140.85393258426967
alissa,38591,31,38622,199.67893946455388
giang,12,63,75,136.0
riott,5,166,171,188.30409356725147
myra,63916,51,63967,199.68108555974175
darel,5,2168,2173,199.07961343764381
mearl,428,1210,1638,95.48229548229548
lennan,146,5,151,186.75496688741723
oshen,10,150,160,175.0
breylin,78,190,268,83.5820895522388
marlene,130573,359,130932,198.9032474872453
rael,202,458,660,77.57575757575758
bradey,9,714,723,195.0207468879668
deshaun,231,5718,5949,184.46797781139688
damoni,465,1537,2002,107.09290709290708
charlie,40359,184280,224639,128.1353638504445
cian,27,3724,3751,197.1207677952546
nathalie,20667,6,20673,199.88390654476854
xen,17,142,159,157.23270440251574
duffy,16,627,643,190.0466562986003
tasnim,856,10,866,195.3810623556582
zakia,1724,16,1740,196.32183908045977
gwin,52,133,185,87.56756756756758
chyanne,2932,5,2937,199.31903302689818
kennon,30,1796,1826,193.42825848849944
phan,15,20,35,28.57142857142857
dareen,465,10,475,191.57894736842104
perley,32,1020,1052,187.83269961977186
brannigan,7,21,28,100.0
jayln,232,425,657,58.75190258751902
buff,47,31,78,41.02564102564102
hiawatha,303,925,1228,101.30293159609121
daytona,731,253,984,97.15447154471545
adeyinka,5,5,10,0.0
djimon,11,255,266,183.45864661654133
saint,188,7288,7476,189.94114499732478
josey,3231,1017,4248,104.23728813559323
spencer,5707,123931,129638,182.39096561193477
autrey,21,213,234,164.1025641025641
dakkota,6,41,47,148.93617021276594
mykah,1381,1110,2491,21.758329987956643
bergen,551,403,954,31.027253668763105
zakeria,214,5,219,190.8675799086758
marchella,150,14,164,165.85365853658536
dorren,10,5,15,66.66666666666666
jaxen,44,5647,5691,196.90739764540504
mahari,397,330,727,18.43191196698762
johnell,355,1239,1594,110.9159347553325
verl,211,2517,2728,169.0615835777126
alessi,635,9,644,194.40993788819875
jayleen,13048,199,13247,193.99109232279005
montgomery,547,5701,6248,164.9807938540333
trillian,37,5,42,152.38095238095238
tajuan,7,665,672,195.83333333333331
elvie,2704,725,3429,115.42723826188393
allen,1866,271796,273662,197.2725478875401
laikin,68,5,73,172.6027397260274
marlei,784,11,795,194.46540880503144
dakarai,18,1493,1511,195.2349437458637
chen,57,193,250,108.80000000000001
jeremya,7,19,26,92.3076923076923
winslow,935,1789,2724,62.70190895741556
ki,109,426,535,118.50467289719626
maesyn,456,37,493,169.97971602434077
envy,713,5,718,197.21448467966573
maddax,13,569,582,191.06529209621993
ryann,11348,761,12109,174.86167313568419
koen,20,5170,5190,198.45857418111754
lessie,14073,945,15018,174.83020375549341
jamilah,2656,16,2672,197.60479041916167
kortney,5313,436,5749,169.664289441642
nellie,152691,593,153284,198.45254560162834
akida,15,42,57,94.73684210526315
treasure,8754,209,8963,190.6727658150173
craig,1012,299616,300628,198.65348537062414
lei,652,31,683,181.84480234260616
tyrie,41,851,892,181.61434977578475
money,68,41,109,49.54128440366973
shaine,222,1013,1235,128.09716599190284
matilda,37270,10,37280,199.89270386266094
gardner,10,3016,3026,198.67812293456709
abbie,22226,330,22556,194.1478985635751
hoai,6,35,41,141.46341463414635
savonne,26,5,31,135.48387096774192
sway,226,113,339,66.66666666666666
cassady,1085,87,1172,170.3071672354949
yesenia,39467,314,39781,196.8427138583746
ilya,256,970,1226,116.4763458401305
remmy,308,662,970,72.98969072164948
alexandre,145,5244,5389,189.23733531267396
karon,6208,3198,9406,64.00170104188815
bryer,346,2600,2946,153.02104548540393
andre,2205,130656,132861,193.3614830537178
dewie,16,239,255,174.90196078431373
haize,28,85,113,100.88495575221239
valerian,6,497,503,195.2286282306163
yamani,67,5,72,172.22222222222223
breon,290,2467,2757,157.9252811026478
cru,35,1553,1588,191.18387909319898
juelle,95,21,116,127.58620689655173
keyunta,5,10,15,66.66666666666666
willian,18,4074,4092,198.24046920821115
nami,1172,13,1185,195.61181434599155
kennie,327,1308,1635,120.0
arnett,75,1298,1373,178.15003641660596
slater,67,2378,2445,189.03885480572598
millen,5,26,31,135.48387096774192
niv,36,97,133,91.72932330827066
kamiri,66,153,219,79.45205479452055
toby,8387,34846,43233,122.40186894270579
erna,9060,11,9071,199.51493771359276
hilliary,303,5,308,193.5064935064935
reve,73,27,100,92.0
doha,153,11,164,173.17073170731706
easton,1001,79440,80441,195.02243880608148
lenis,55,170,225,102.22222222222221
kaydynn,5,6,11,18.181818181818183
andersen,336,948,1284,95.32710280373831
azul,4547,338,4885,172.32343909928352
haylee,30213,20,30233,199.73538848278372
karry,1200,648,1848,59.74025974025974
jadeen,15,5,20,100.0
litzy,7228,6,7234,199.6682333425491
ikram,333,43,376,154.25531914893617
jahmiah,35,17,52,69.23076923076923
sharron,16856,370,17226,191.40833623592243
elisah,37,102,139,93.5251798561151
alvin,1098,161414,162512,197.29743034360538
shalamar,234,83,317,95.26813880126183
tylynn,637,103,740,144.32432432432432
star,8275,157,8432,192.55218216318787
emilio,58,53955,54013,199.57047377483198
seraphim,224,115,339,64.30678466076697
doren,36,337,373,161.3941018766756
naylan,5,15,20,100.0
vali,146,44,190,107.36842105263158
juana,18793,88,18881,198.13569196546794
tamaris,32,26,58,20.689655172413794
oreoluwa,271,170,441,45.80498866213152
fox,97,3891,3988,190.27081243731195
lorne,50,4302,4352,195.40441176470588
shantel,10260,59,10319,197.712956681849
yi,182,304,486,50.20576131687243
hermie,305,12,317,184.85804416403786
chia,214,69,283,102.47349823321554
jamary,5,21,26,123.07692307692308
kyriee,7,186,193,185.49222797927462
renly,193,430,623,76.08346709470305
sabbath,11,27,38,84.21052631578947
trellis,345,103,448,108.03571428571428
haynes,11,605,616,192.85714285714286
iry,12,15,27,22.22222222222222
tiney,327,5,332,193.97590361445782
eyden,5,935,940,197.87234042553192
ladon,323,1260,1583,118.38281743524952
kansas,1231,98,1329,170.50413844996237
shaylan,328,60,388,138.1443298969072
avielle,648,6,654,196.3302752293578
aurie,483,6,489,195.09202453987731
ashlyn,48039,54,48093,199.55087018900878
rooney,858,671,1529,24.46043165467626
everette,494,11090,11584,182.94198895027625
barney,91,16090,16181,197.7504480563624
patience,12425,44,12469,198.5884994787072
leila,55436,11,55447,199.92064494021318
tyquan,10,3671,3681,198.9133387666395
terri,146113,914,147027,197.51338189584226
shanen,131,48,179,92.73743016759776
dariell,10,127,137,170.80291970802918
ebbie,346,317,663,8.74811463046757
kashka,16,12,28,28.57142857142857
keontae,27,1205,1232,191.23376623376623
theo,3503,35830,39333,164.37596928787534
marsai,131,35,166,115.66265060240963
tobi,2936,631,3567,129.24025791982058
ezekiel,52,83605,83657,199.75136569563813
casy,86,122,208,34.61538461538461
amillion,222,242,464,8.620689655172415
loi,12,53,65,126.15384615384615
teal,1604,302,1906,136.6211962224554
rany,10,21,31,70.96774193548387
ardyn,396,91,487,125.25667351129364
murle,189,286,475,40.8421052631579
justi,17,5,22,109.09090909090908
benson,32,14312,14344,199.10764082543224
bellami,366,14,380,185.26315789473685
bexley,3239,254,3493,170.91325508159176
hanh,454,21,475,182.31578947368422
channon,729,412,1141,55.56529360210342
bonita,37842,12,37854,199.87319702012996
wynell,1027,6,1033,197.67666989351403
detrick,25,1511,1536,193.48958333333331
yari,578,57,635,164.09448818897638
paisley,65369,87,65456,199.4683451478856
katharine,41230,11,41241,199.89331005552725
sanders,6,2392,2398,198.99916597164304
gurmehar,86,16,102,137.2549019607843
orise,5,5,10,0.0
braeden,230,13642,13872,193.36793540945789
rhian,889,126,1015,150.3448275862069
armonee,132,6,138,182.6086956521739
joye,3473,8,3481,199.0807239299052
vonda,10312,11,10323,199.5737673157028
boone,5,6887,6892,199.70980847359257
jurell,5,139,144,186.11111111111111
caden,948,72045,72993,194.80498129957667
camdynn,73,22,95,107.36842105263158
rhone,43,311,354,151.41242937853107
beaux,255,2541,2796,163.51931330472104
berthal,6,17,23,95.65217391304348
ardith,5581,131,5712,190.8263305322129
nakari,149,224,373,40.21447721179624
ahmani,533,102,635,135.748031496063
elzia,20,150,170,152.94117647058823
delphine,10448,33,10481,198.7405781891041
phoenixx,54,75,129,32.55813953488372
tayshaun,10,1319,1329,196.99021820917983
arjuna,5,319,324,193.82716049382717
keimani,185,44,229,123.14410480349345
tobe,29,949,978,188.13905930470347
jesse,12492,432428,444920,188.76921693787648
honor,3129,1475,4604,71.85056472632493
quincey,786,1927,2713,84.11352746037596
gaynor,105,95,200,10.0
emrys,341,1310,1651,117.38340399757723
ellyott,52,5,57,164.91228070175438
rayhan,80,850,930,165.59139784946237
maylon,7,331,338,191.71597633136093
shavontae,94,5,99,179.7979797979798
khyrie,78,787,865,163.9306358381503
doni,679,144,823,130.01215066828675
briton,5,549,554,196.3898916967509
demarie,119,69,188,53.191489361702125
jerzy,140,182,322,26.08695652173913
sevy,11,15,26,30.76923076923077
aryian,40,46,86,13.953488372093023
tamar,6158,886,7044,149.68767745599092
jordyan,77,23,100,108.0
alaia,17682,17,17699,199.61579750268376
harumi,294,21,315,173.33333333333334
larsen,187,539,726,96.96969696969697
natha,250,27,277,161.01083032490976
antone,10,5967,5977,199.3307679437845
olayinka,61,49,110,21.818181818181817
jeanine,23815,11,23826,199.81532779316714
axton,5,5672,5677,199.64770125066056
midnight,22,5,27,125.92592592592592
broghan,21,104,125,132.8
scott,2608,774997,777605,198.65844484024666
monty,279,15350,15629,192.85942798643546
elias,239,129263,129502,199.2617874627419
alfa,234,30,264,154.54545454545453
shyan,826,35,861,183.739837398374
sayre,93,99,192,6.25
virginia,652959,2009,654968,198.7730698293657
tully,199,1045,1244,136.0128617363344
neville,75,2343,2418,187.59305210918114
beck,126,3983,4109,187.7342419080068
carly,66466,160,66626,199.03941404256597
allie,53251,3121,56372,177.85425388490742
pheonix,439,573,1012,26.48221343873518
kyel,5,299,304,193.42105263157893
lana,57434,15,57449,199.8955595397657
corin,1696,996,2692,52.00594353640417
ayele,5,5,10,0.0
tj,10,2139,2149,198.13866914844112
darby,8338,2940,11278,95.72619258733818
wonder,265,24,289,166.78200692041523
tobie,1390,931,2321,39.551917277035756
rally,24,101,125,123.2
tha,20,37,57,59.64912280701754
kedron,5,145,150,186.66666666666666
dansby,12,218,230,179.13043478260872
radie,161,6,167,185.62874251497007
jetty,261,24,285,166.31578947368422
aeron,65,628,693,162.48196248196248
avante,38,803,841,181.92627824019024
emile,648,8641,9289,172.09602755947896
masi,5,43,48,158.33333333333331
tameka,12731,41,12772,198.71594112120263
braxley,49,226,275,128.72727272727275
maitland,126,226,352,56.81818181818182
riah,646,15,661,190.9228441754917
ha,422,73,495,141.010101010101
jovonnie,6,38,44,145.45454545454547
brilee,1340,23,1363,193.25018341892883
ruel,5,1921,1926,198.96157840083072
asian,16,11,27,37.03703703703704
kaydyn,228,346,574,41.11498257839721
prue,95,6,101,176.23762376237624
emjay,95,54,149,55.033557046979865
acea,5,77,82,175.609756097561
chandar,12,13,25,8.0
darriell,54,11,65,132.3076923076923
exodus,93,639,732,149.18032786885246
seraiah,390,12,402,188.05970149253733
ayrian,28,12,40,80.0
luka,563,28959,29522,192.37179052909696
kaidan,72,1134,1206,176.11940298507463
lily,189644,145,189789,199.69439746244512
jadian,16,136,152,157.89473684210526
jonnie,5880,3181,9061,59.573998454916676
des,5,11,16,75.0
camyron,5,11,16,75.0
nyne,5,38,43,153.48837209302326
waylon,290,55048,55338,197.90379124652137
skylen,241,162,403,39.20595533498759
brynlee,22229,21,22250,199.62247191011235
atley,901,659,1560,31.025641025641026
jeylan,6,36,42,142.85714285714286
johani,5,6,11,18.181818181818183
sayani,160,5,165,187.87878787878788
brylen,50,659,709,171.79125528913963
deniz,910,1212,2122,28.463713477851083
viviana,27268,22,27290,199.6775375595456
gatlyn,52,243,295,129.4915254237288
rapha,5,68,73,172.6027397260274
phil,72,20036,20108,198.5677342351303
airris,5,6,11,18.181818181818183
theron,40,12960,13000,198.76923076923077
doreen,46431,58,46489,199.50095721568545
rozell,350,586,936,50.427350427350426
raynell,716,439,1155,47.96536796536797
cena,428,6,434,194.47004608294932
starr,9843,324,10167,187.25287695485392
acire,77,10,87,154.02298850574712
rodolfo,83,33773,33856,199.01937618147448
quintell,5,175,180,188.88888888888889
kaname,5,16,21,104.76190476190477
callen,604,9501,10105,176.09104403760514
wilmar,16,597,613,189.55954323001632
delayne,630,56,686,167.3469387755102
santonia,10,11,21,9.523809523809524
amanda,790638,2136,792774,198.9222653618812
carrey,47,6,53,154.7169811320755
aleksei,12,455,467,189.72162740899356
enai,5,6,11,18.181818181818183
coyote,5,148,153,186.9281045751634
emiri,92,32,124,96.7741935483871
caydin,37,425,462,167.96536796536796
wannie,39,11,50,112.00000000000001
marquee,34,227,261,147.8927203065134
anoop,36,211,247,141.7004048582996
camaron,52,715,767,172.8813559322034
rayen,172,115,287,39.721254355400696
free,76,56,132,30.303030303030305
emri,623,76,699,156.5092989985694
macey,11536,51,11587,198.23940623112108
brogan,872,4159,5031,130.66984694891673
hardeep,25,72,97,96.90721649484536
ryker,580,41204,41784,194.44763545854872
juliann,7462,78,7540,195.86206896551724
markie,1600,336,1936,130.57851239669424
juni,401,85,486,130.0411522633745
kelvin,304,51551,51855,197.6549995178864
asiah,1738,1049,2787,49.44384642985289
dieudonne,5,56,61,167.21311475409837
arlyn,2344,2181,4525,7.204419889502763
honour,266,109,375,83.73333333333333
cartier,307,2478,2785,155.90664272890484
loreto,21,494,515,183.6893203883495
ersie,415,5,420,195.23809523809524
auryn,47,129,176,93.18181818181817
shavonte,233,48,281,131.67259786476868
elvy,116,57,173,68.20809248554913
zi,67,65,132,3.0303030303030303
kaiyden,5,171,176,188.63636363636365
oley,5,373,378,194.7089947089947
yanis,134,674,808,133.66336633663366
raekwon,6,2289,2295,198.95424836601308
fendi,201,29,230,149.56521739130434
kavani,19,28,47,38.297872340425535
loy,872,4111,4983,130.00200682319885
luverne,847,1067,1914,22.988505747126435
chancellor,5,2643,2648,199.24471299093656
lynix,112,93,205,18.536585365853657
chantal,8469,7,8476,199.66965549787636
sandy,69072,10458,79530,147.4009807619766
zephyr,695,2528,3223,113.74495811355881
clemence,548,418,966,26.91511387163561
akia,1560,94,1654,177.26723095525998
oluremi,5,5,10,0.0
brexlee,225,5,230,191.30434782608697
bobby,9675,315053,324728,188.08233352220935
carney,6,491,497,195.17102615694165
linnell,86,59,145,37.24137931034483
shalon,1186,130,1316,160.48632218844986
nemiah,80,230,310,96.7741935483871
cyrille,6,25,31,122.58064516129032
rivian,18,19,37,5.405405405405405
clancy,585,1425,2010,83.5820895522388
zyon,720,4325,5045,142.91377601585728
desani,101,45,146,76.71232876712328
brazil,653,69,722,161.77285318559558
finnly,15,82,97,138.1443298969072
jamaria,1327,42,1369,187.72826880934988
ripley,2555,1035,3590,84.67966573816156
amren,26,16,42,47.61904761904761
mertis,466,10,476,191.5966386554622
laakea,10,208,218,181.65137614678898
quay,15,397,412,185.4368932038835
zakariya,47,2511,2558,192.6505082095387
jhordyn,107,15,122,150.81967213114754
issa,929,2288,3217,84.48865402548958
joan,481238,7701,488939,193.69982758585428
astrid,14145,8,14153,199.77389952660215
lauris,132,167,299,23.411371237458194
azariya,343,12,355,186.4788732394366
kalee,3883,74,3957,192.5195855446045
keaten,5,358,363,194.4903581267218
ahnyx,12,40,52,107.6923076923077
sonnet,380,5,385,194.80519480519482
shawndell,146,258,404,55.44554455445545
superior,12,20,32,50.0
asher,1463,111227,112690,194.80699263466147
mikhael,8,1163,1171,197.267292912041
constantine,42,6678,6720,197.5
everly,43374,38,43412,199.6498663963881
drexel,40,1404,1444,188.9196675900277
charlotte,453433,771,454204,199.32100994266892
jael,4561,3387,7948,29.54202315047811
amie,21608,40,21648,199.2609016999261
haidyn,2234,711,2945,103.4295415959253
heath,181,29523,29704,197.56261782924858
lorian,233,30,263,154.37262357414448
roshawn,422,931,1353,75.24020694752403
million,86,427,513,132.94346978557505
harvie,118,1646,1764,173.24263038548753
taje,99,125,224,23.214285714285715
kailey,27244,10,27254,199.85323255301975
jalan,70,911,981,171.45769622833845
ami,7678,422,8100,179.16049382716048
florida,3527,5,3532,199.43374858437147
carman,2407,1084,3491,75.79490117444858
glady,538,5,543,196.31675874769797
ziv,5,252,257,192.21789883268482
chade,137,18,155,153.54838709677418
navid,26,821,847,187.72136953955138
kenzi,3208,38,3246,195.3173136167591
davonte,5,4676,4681,199.57274086733602
ebony,38998,455,39453,195.38691607735788
jaki,100,261,361,89.19667590027701
seena,645,99,744,146.7741935483871
cruz,4232,30792,35024,151.6674280493376
teniola,192,10,202,180.1980198019802
dailynn,441,15,456,186.8421052631579
alyn,477,321,798,39.097744360902254
calder,37,2166,2203,193.28188833408987
cris,1094,3033,4127,93.96656166707051
kyro,13,2977,2990,198.2608695652174
jamey,3053,6755,9808,75.489396411093
lynne,61957,458,62415,197.06480813906913
jazai,10,137,147,172.7891156462585
stacey,147750,13982,161732,165.41933569114337
krishawn,12,175,187,174.33155080213905
bonny,6208,261,6469,183.8614932756222
raimi,67,5,72,172.22222222222223
tellie,52,5,57,164.91228070175438
bai,10,5,15,66.66666666666666
jandy,89,7,96,170.83333333333331
denis,873,20733,21606,183.8378228269925
simran,2866,134,3000,182.13333333333333
revy,83,5,88,177.27272727272728
ishmeet,10,5,15,66.66666666666666
mickie,3575,610,4185,141.69653524492233
stonie,28,25,53,11.320754716981133
flor,7608,92,7700,195.22077922077924
laven,5,17,22,109.09090909090908
kamaree,197,388,585,65.2991452991453
bradyn,224,4773,4997,182.06924154492697
jamarea,34,87,121,87.60330578512396
jovi,2257,720,2977,103.25831373866308
kiare,26,5,31,135.48387096774192
tahja,233,15,248,175.80645161290323
sherron,2947,526,3473,139.41837028505614
rylynn,3120,123,3243,184.82886216466235
thaddeus,32,26057,26089,199.50937176587834
mikko,25,854,879,188.6234357224118
subin,6,10,16,50.0
ronie,220,253,473,13.953488372093023
cassiel,69,474,543,149.17127071823205
mosley,75,25,100,100.0
kamarion,6,2677,2683,199.1054789414834
donielle,1950,91,2041,182.1656050955414
domnique,138,71,209,64.11483253588517
jagger,210,8238,8448,190.0568181818182
quilla,164,16,180,164.44444444444443
nicky,1967,7475,9442,116.67019699216267
romy,3298,235,3533,173.3937163883385
east,5,80,85,176.47058823529412
keith,2216,437907,440123,197.98601754509534
samori,5,73,78,174.35897435897436
dylin,139,641,780,128.71794871794873
daurice,85,5,90,177.77777777777777
geffen,12,31,43,88.37209302325581
admire,159,45,204,111.76470588235294
yanni,280,781,1061,94.43920829406221
mayra,33217,344,33561,195.900002979649
courtnay,467,10,477,191.61425576519918
dannie,2309,9137,11446,119.3080552157959
rayme,67,26,93,88.17204301075269
tillie,15738,27,15765,199.31493815413893
tonia,22194,53,22247,199.0470625252843
regis,343,5193,5536,175.21676300578036
monet,4546,6,4552,199.47275922671352
nain,5,304,309,193.5275080906149
stefan,42,21195,21237,199.20892781466307
kovie,37,7,44,136.36363636363635
effie,44256,241,44497,197.83356181315594
kelce,202,96,298,71.14093959731544
peace,758,351,1109,73.39945897204689
dennise,3488,83,3571,190.70288434612152
rari,18,30,48,50.0
monique,78783,377,79160,198.09499747347147
toshua,129,55,184,80.43478260869566
omarie,12,206,218,177.9816513761468
meba,27,143,170,136.47058823529412
sherone,40,10,50,120.0
oluwatosin,150,156,306,3.9215686274509802
ashlon,68,5,73,172.6027397260274
manasseh,5,577,582,196.5635738831615
tyre,50,2119,2169,190.77916090364224
macaulay,15,267,282,178.72340425531914
lan,769,318,1087,82.98068077276909
crew,71,12509,12580,197.74244833068363
nakiya,1797,5,1802,198.8901220865705
jaazaniah,20,5,25,120.0
dorsie,391,254,645,42.480620155038764
simmons,10,17,27,51.85185185185185
micaela,14977,6,14983,199.83981846092237
kanoa,11,867,878,194.9886104783599
thyri,347,10,357,188.7955182072829
konya,62,6,68,164.70588235294116
kionte,16,233,249,174.29718875502007
kazumi,32,111,143,110.48951048951048
verdie,2614,206,2820,170.78014184397162
avis,17224,818,18042,181.86453829952333
jalene,1160,67,1227,178.15810920945395
tamer,33,799,832,184.1346153846154
dora,105930,550,106480,197.93388429752065
nakoma,83,36,119,78.99159663865547
sabriel,159,51,210,102.85714285714285
jowell,5,801,806,197.51861042183623
sherley,1238,264,1502,129.69374167776297
clarissa,40484,21,40505,199.79261819528455
sherry,229937,976,230913,198.30931996033138
colleen,162754,330,163084,199.19060116259107
banks,511,6459,6970,170.67431850789097
meko,97,192,289,65.7439446366782
merrik,5,310,315,193.65079365079364
jailin,315,207,522,41.37931034482759
christen,11521,2185,13706,136.23230701882386
fathi,15,36,51,82.35294117647058
choua,390,86,476,127.73109243697478
dashay,304,24,328,170.73170731707316
trew,16,158,174,163.2183908045977
jachai,10,363,373,189.27613941018765
vannie,830,191,1021,125.17140058765916
keaghan,95,304,399,104.76190476190477
tirrell,13,780,793,193.44262295081967
jhayden,6,271,277,191.33574007220219
chaffee,5,5,10,0.0
matti,656,77,733,157.98090040927696
jabri,16,239,255,174.90196078431373
evynn,310,5,315,193.65079365079364
maylen,840,7,847,196.69421487603307
anna,914859,2756,917615,198.79862469554226
soua,105,56,161,60.86956521739131
blessen,191,5,196,189.79591836734696
kenai,74,2391,2465,187.9918864097363
donal,5,3707,3712,199.46120689655174
ivory,14546,8568,23114,51.72622652937614
merwin,5,1625,1630,198.77300613496934
my,1101,239,1340,128.65671641791045
valor,188,1492,1680,155.23809523809524
eloise,72699,116,72815,199.36276866030352
aric,5,7626,7631,199.7379111518805
kiren,33,203,236,144.0677966101695
charleston,1305,2508,3813,63.099921321793865
ezzie,148,19,167,154.49101796407186
jaclyn,49632,102,49734,199.17963566172034
mikki,2086,11,2097,197.90176442536958
avin,76,1045,1121,172.8813559322034
donte,137,15695,15832,196.5386558868115
germany,517,206,723,86.03042876901799
jabree,70,341,411,131.87347931873478
gaige,127,4417,4544,188.82042253521126
vershawn,5,80,85,176.47058823529412
trudell,54,5,59,166.10169491525423
banner,35,799,834,183.2134292565947
kasie,4202,21,4223,198.01089273028654
murriel,513,120,633,124.17061611374407
lorna,28535,22,28557,199.6918443814126
isamar,2437,91,2528,185.6012658227848
marne,849,38,887,182.86358511837653
jerel,5,3612,3617,199.44705557091513
hudsen,22,568,590,185.08474576271186
given,23,91,114,119.29824561403508
okie,181,124,305,37.37704918032787
ferrari,45,23,68,64.70588235294117
revon,5,28,33,139.3939393939394
dkota,12,10,22,18.181818181818183
gem,217,5,222,190.990990990991
albany,725,5,730,197.26027397260273
ivon,1156,580,1736,66.3594470046083
elree,14,34,48,83.33333333333334
amilian,29,7,36,122.22222222222223
vader,44,21,65,70.76923076923077
landrey,416,40,456,164.91228070175438
demari,277,2828,3105,164.31561996779388
anthony,7114,1488042,1495156,198.0967872248782
maira,6341,17,6358,198.93048128342247
joplin,361,5,366,194.53551912568307
elian,112,15268,15380,197.08712613784135
kahlin,11,70,81,145.679012345679
remmington,278,427,705,42.269503546099294
curlie,360,172,532,70.67669172932331
chastin,126,463,589,114.43123938879455
jaelynn,9354,154,9508,193.52124526714346
verlyn,488,1432,1920,98.33333333333333
dariel,493,8962,9455,179.1433104177684
alaa,1525,464,1989,106.68677727501257
arlee,1267,435,1702,97.76733254994124
kate,85987,89,86076,199.58641200799295
tawn,270,32,302,157.6158940397351
zera,693,10,703,194.31009957325747
haedyn,357,223,580,46.206896551724135
kharis,289,5,294,193.1972789115646
leal,23,24,47,4.25531914893617
laray,377,422,799,11.264080100125156
rush,12,3438,3450,198.6086956521739
aggie,1490,30,1520,192.10526315789474
maranatha,417,5,422,195.260663507109
haven,22889,4871,27760,129.8126801152738
carle,144,462,606,104.95049504950495
marcie,15653,13,15666,199.6680709817439
chesleigh,38,10,48,116.66666666666667
ravin,994,247,1241,120.38678485092666
medley,50,5,55,163.63636363636365
teryl,779,263,1042,99.04030710172745
leona,113330,294,113624,198.96500739280435
santrell,10,15,25,40.0
mattie,133079,780,133859,197.66918922149426
khole,784,84,868,161.29032258064515
dustine,146,96,242,41.32231404958678
crosley,108,142,250,27.200000000000003
kyrie,4298,18612,22910,124.95853339153209
ryelan,5,113,118,183.05084745762713
kannyn,44,27,71,47.88732394366197
eirian,11,21,32,62.5
jodey,50,93,143,60.13986013986013
dulce,20306,49,20355,199.0370916236797
keylan,55,1018,1073,179.49673811742775
daneil,32,1216,1248,189.74358974358972
zeplyn,98,22,120,126.66666666666666
manraj,13,474,487,189.3223819301848
dristen,5,44,49,159.18367346938774
domingo,26,14374,14400,199.27777777777777
jamal,266,33235,33501,196.8239754037193
jamarii,5,224,229,191.26637554585153
ezelle,74,39,113,61.94690265486725
cordie,2064,167,2231,170.05826983415508
lennox,5409,14330,19739,90.38958407214145
tally,562,137,699,121.60228898426324
kamsi,19,27,46,34.78260869565217
eliza,70569,202,70771,198.8582894123299
hollan,129,37,166,110.8433734939759
ivie,2415,82,2497,186.86423708450138
tamarr,5,12,17,82.35294117647058
tony,2888,251595,254483,195.46060051162553
ender,19,1857,1876,195.94882729211088
cairo,584,9415,9999,176.63766376637665
earsel,13,145,158,167.08860759493672
mung,5,138,143,186.01398601398603
queen,16092,31,16123,199.2309123612231
sid,5,3007,3012,199.33598937583002
logan,31838,387999,419837,169.666322882452
tanaka,129,10,139,171.22302158273382
stav,21,19,40,10.0
dasani,1172,444,1616,90.0990099009901
meryl,5167,432,5599,169.13734595463475
cristan,203,166,369,20.05420054200542
seva,112,15,127,152.75590551181102
kaimana,166,1010,1176,143.5374149659864
jasi,32,66,98,69.38775510204081
nikia,3728,246,3974,175.23905385002516
amoure,53,5,58,165.51724137931035
kadison,22,6,28,114.28571428571428
stuart,314,68876,69190,198.18470877294408
daryll,17,1697,1714,196.03267211201867
randie,1541,517,2058,99.51409135082604
janel,12023,32,12055,198.93819991704686
sincere,1472,10095,11567,149.09656782225295
lyndon,415,9705,10120,183.59683794466403
lake,937,2987,3924,104.48521916411823
karriem,5,512,517,196.13152804642166
jersey,4031,642,4673,145.04600898780225
shaye,2188,674,2862,105.80013976240392
estee,830,43,873,180.29782359679268
kenzie,21391,483,21874,191.16759623297065
hue,89,476,565,136.99115044247787
camauri,76,163,239,72.80334728033473
rowin,12,250,262,181.6793893129771
rocklin,5,145,150,186.66666666666666
marlyn,6806,2306,9112,98.77085162423178
theory,165,92,257,56.809338521400775
ajay,5,4589,4594,199.56464954288202
rimas,43,65,108,40.74074074074074
robby,215,10565,10780,192.02226345083488
rocky,447,28687,29134,193.86284066726162
shenan,27,25,52,7.6923076923076925
kaiza,28,31,59,10.16949152542373
dejan,13,317,330,184.24242424242425
oluwaseyifunmi,13,5,18,88.88888888888889
loel,5,284,289,193.07958477508652
hugo,36,37482,37518,199.61618423156884
matias,5,25387,25392,199.92123503465658
walter,3632,631172,634804,197.71141958777827
kourtney,13925,840,14765,177.24348120555368
valin,5,133,138,185.5072463768116
ziyu,5,11,16,75.0
gianna,110315,73,110388,199.7354784940392
aston,217,3040,3257,173.34970832054037
russel,12,16610,16622,199.71122608591023
tommi,1815,22,1837,195.20958083832335
finch,5,199,204,190.19607843137254
scottie,6817,11157,17974,48.29197730054523
jojo,209,267,476,24.369747899159663
aliyah,49011,43,49054,199.64936600481101
zakai,18,4052,4070,198.2309582309582
quin,586,1698,2284,97.37302977232925
toki,12,11,23,8.695652173913043
braylin,1638,3147,4785,63.07210031347963
mackenzy,1084,119,1203,160.4322527015794
gloria,415281,1737,417018,198.33388486827909
thiago,33,35200,35233,199.62535123321885
jerico,8,889,897,196.4325529542921
summitt,12,17,29,34.48275862068966
marina,39514,51,39565,199.48439277138885
lovern,10,11,21,9.523809523809524
javon,760,17646,18406,183.48364663696623
fay,32059,4118,36177,154.46830859385798
uzoma,8,125,133,175.93984962406014
esperanza,20849,35,20884,199.32963033901552
lindsy,2153,5,2158,199.0732159406858
aoi,208,36,244,140.98360655737704
marka,249,5,254,192.1259842519685
tarry,189,430,619,77.86752827140549
carlos,2040,307036,309076,197.35987265268088
rilen,6,136,142,183.09859154929578
georgia,166290,729,167019,198.254090851939
nazaret,282,39,321,151.4018691588785
sherell,1475,5,1480,198.64864864864865
makell,149,337,486,77.36625514403292
keyan,7,1382,1389,197.98416126709864
amen,902,1259,2161,33.040259139287365
rudi,485,761,1246,44.301765650080256
nelson,431,79709,80140,197.84876466184178
carlas,59,174,233,98.71244635193133
evyn,1074,753,1827,35.139573070607554
shauntay,439,6,445,194.6067415730337
roland,362,100829,101191,198.569042701426
waylyn,114,259,373,77.7479892761394
brevyn,11,206,217,179.72350230414747
phynix,158,53,211,99.52606635071089
adoniah,65,48,113,30.08849557522124
elize,439,16,455,185.93406593406593
donn,62,6553,6615,196.25094482237338
shandel,365,10,375,189.33333333333334
avari,891,201,1092,126.37362637362637
kira,40829,27,40856,199.7356569414529
sinai,2286,249,2535,160.71005917159763
jorryn,85,77,162,9.876543209876543
greyson,812,60231,61043,194.67916059171404
itzel,21316,115,21431,197.85357659465262
xan,123,132,255,7.0588235294117645
gannon,5,6677,6682,199.70068841664173
makel,48,751,799,175.96996245306633
akhari,56,201,257,112.84046692607004
shaylin,1891,10,1901,197.89584429247765
seraph,21,37,58,55.172413793103445
soe,46,15,61,101.63934426229508
krisna,94,13,107,151.4018691588785
ngozi,512,26,538,180.66914498141264
cale,84,8207,8291,195.94741285731516
janvier,15,22,37,37.83783783783784
mayze,76,16,92,130.43478260869566
clovis,627,3092,3719,132.5625168055929
anu,282,85,367,107.35694822888284
raidyn,134,617,751,128.62849533954727
graecyn,62,5,67,170.1492537313433
krishi,12,28,40,80.0
obie,271,4165,4436,175.56357078449054
zeppelin,289,1504,1793,135.52704963747908
bentura,5,43,48,158.33333333333331
solis,21,37,58,55.172413793103445
tamilore,33,5,38,147.36842105263156
nollie,365,86,451,123.72505543237251
floy,6612,323,6935,181.36986301369865
verlon,326,1698,2024,135.57312252964425
audy,12,290,302,184.10596026490066
annas,22,34,56,42.857142857142854
jaquae,6,93,99,175.75757575757575
keilen,31,255,286,156.64335664335664
marciel,84,10,94,157.4468085106383
lewis,870,155766,156636,197.77828851604994
mattox,24,678,702,186.32478632478632
sylvan,129,3684,3813,186.4673485444532
sopheap,80,46,126,53.96825396825397
pierce,389,20245,20634,192.45904817291847
keni,259,88,347,98.55907780979827
jalil,5,2910,2915,199.31389365351632
safari,369,138,507,91.12426035502959
lorenza,3184,3692,6876,14.776032577079699
taylan,359,899,1258,85.85055643879174
joss,255,436,691,52.38784370477568
macayle,56,5,61,167.21311475409837
brooklyn,125197,1858,127055,194.15056471606783
robin,291961,46952,338913,144.58518852920957
florian,55,3691,3746,194.12706887346502
nissan,5,89,94,178.72340425531914
brylin,228,335,563,38.01065719360569
kalin,1519,1897,3416,22.131147540983605
brandyn,442,4764,5206,166.03918555512868
andersyn,295,5,300,193.33333333333334
essence,10744,17,10761,199.36808846761454
tavita,34,161,195,130.25641025641025
raylynn,3827,62,3889,193.6230393417331
keaire,15,35,50,80.0
adisa,117,80,197,37.56345177664975
lequan,5,391,396,194.94949494949495
micky,562,2584,3146,128.54418308963764
elroy,6,7476,7482,199.67923015236568
arba,16,47,63,98.4126984126984
neftali,387,2290,2677,142.1740754576018
sea,10,11,21,9.523809523809524
raini,527,53,580,163.44827586206895
juliana,67748,49,67797,199.71090166231545
imri,24,147,171,143.859649122807
nino,21,2719,2740,196.93430656934308
emrey,268,34,302,154.96688741721854
jeri,22637,377,23014,193.44746675936386
suad,270,5,275,192.72727272727272
dejour,19,309,328,176.82926829268294
rylyn,687,218,905,103.646408839779
griffyn,58,468,526,155.893536121673
laredo,5,19,24,116.66666666666667
sokha,55,27,82,68.29268292682927
dellie,634,11,645,193.17829457364343
shivaya,5,5,10,0.0
rubin,16,7054,7070,199.0947666195191
shelly,84420,2190,86610,189.8856944925528
antoinette,78721,68,78789,199.65477414359873
havyn,1189,65,1254,179.26634768740033
delyn,57,11,68,135.29411764705884
tristen,4182,21372,25554,134.53862409016202
acelin,19,142,161,152.7950310559006
ernest,1855,302499,304354,197.5620494555682
karey,2187,584,2771,115.69830386142186
lochlyn,354,110,464,105.17241379310344
donna,831641,2233,833874,198.92885495890266
halle,16651,6,16657,199.8559164315303
lumen,465,62,527,152.94117647058823
lovett,6,319,325,192.6153846153846
aleksis,68,5,73,172.6027397260274
mio,348,116,464,100.0
buddy,45,22540,22585,199.2030108479079
joanna,111761,306,112067,198.90779622904157
veryle,28,6,34,129.41176470588235
aymar,303,29,332,165.06024096385542
krystal,75186,190,75376,198.99172150286563
jordon,1846,13762,15608,152.69092772936958
willett,34,127,161,115.527950310559
lotis,18,5,23,113.04347826086956
foster,286,13122,13408,191.46778042959426
taylor,330145,113541,443686,97.638419963668
akon,27,97,124,112.90322580645163
deidre,14673,11,14684,199.70035412694088
jansen,214,2124,2338,163.38751069289992
jawanza,5,201,206,190.29126213592232
neiman,5,320,325,193.84615384615384
savon,66,1726,1792,185.26785714285714
chai,263,384,647,37.403400309119014
berdell,149,92,241,47.30290456431535
jaylenn,194,133,327,37.308868501529055
yuchen,18,110,128,143.75
teva,144,16,160,160.0
jame,403,3430,3833,157.94416905817897
sophea,345,5,350,194.28571428571428
sabree,287,24,311,169.13183279742765
dory,968,124,1092,154.5787545787546
amare,386,6150,6536,176.37698898408814
anan,5,89,94,178.72340425531914
karsyn,9369,2898,12267,105.50256786500367
cecil,7687,106989,114676,173.18706616903273
karroll,12,10,22,18.181818181818183
averie,13448,269,13717,192.15571918057884
wrenn,448,59,507,153.45167652859962
reginal,5,2589,2594,199.2289899768697
chantha,34,30,64,12.5
benjie,31,922,953,186.9884575026233
derryl,15,901,916,193.44978165938863
harmon,35,6607,6642,197.89220114423367
maisyn,1721,112,1833,175.55919258046916
jimmye,496,22,518,183.011583011583
teagin,26,15,41,53.65853658536586
madelyn,116010,50,116060,199.82767534034122
ariez,5,164,169,188.1656804733728
cha,37,253,290,148.96551724137933
twan,27,217,244,155.7377049180328
mickey,6546,27627,34173,123.37810552190325
junie,1884,168,2052,167.2514619883041
france,1159,379,1538,101.43042912873864
ercel,186,156,342,17.543859649122805
erie,1482,1958,3440,27.674418604651162
yer,572,142,714,120.44817927170868
keatyn,227,128,355,55.774647887323944
davon,367,13396,13763,189.33372084574586
ridley,1364,1528,2892,11.341632088520056
lenyn,28,22,50,24.0
ura,508,70,578,151.55709342560553
whitten,22,516,538,183.6431226765799
davida,4026,5,4031,199.5038451997023
arel,6,306,312,192.30769230769232
orris,49,939,988,180.16194331983806
gee,17,64,81,116.0493827160494
hal,12,16784,16796,199.71421767087404
mallie,3462,407,3869,157.92194365469115
knightly,42,61,103,36.89320388349515
pace,64,917,981,173.90417940876657
kover,5,5,10,0.0
sabr,14,38,52,92.3076923076923
megan,440065,1104,441169,198.99902305012364
mikel,995,11559,12554,168.296957145133
claudette,18784,11,18795,199.76589518488962
tyrell,145,16070,16215,196.42306506321307
trisha,40302,53,40355,199.47466237145335
marisa,48707,66,48773,199.45871691304615
lester,1359,130688,132047,195.88328398221847
ledell,21,541,562,185.05338078291814
rashida,2999,6,3005,199.20133111480865
guadlupe,27,22,49,20.408163265306122
triumph,5,98,103,180.58252427184468
ivette,11175,10,11185,199.6423781850693
zhane,1954,408,2362,130.9060118543607
ather,17,22,39,25.64102564102564
eli,1017,153495,154512,197.3671947809879
mars,202,1320,1522,146.9119579500657
domino,163,21,184,154.34782608695653
martrice,123,11,134,167.1641791044776
pete,170,43530,43700,198.44393592677346
loris,1701,579,2280,98.42105263157895
masai,18,864,882,191.83673469387753
vessie,513,5,518,196.13899613899613
tiara,23868,61,23929,198.9803167704459
morgan,223626,45643,269269,132.1971708588809
cortlyn,376,15,391,184.65473145780052
aubin,11,56,67,134.32835820895522
sarom,5,10,15,66.66666666666666
karsin,45,273,318,143.39622641509433
peniel,175,163,338,7.100591715976331
lavone,1173,117,1290,163.72093023255815
dreamer,101,12,113,157.52212389380531
terriel,5,32,37,145.94594594594594
callyn,584,23,607,184.84349258649092
llewellyn,341,3414,3755,163.67509986684422
aidin,12,740,752,193.61702127659575
theoda,20,10,30,66.66666666666666
alter,18,408,426,183.09859154929578
virgle,33,2196,2229,194.07806191117092
natay,11,7,18,44.44444444444444
niyel,5,5,10,0.0
halen,860,1255,2115,37.35224586288416
adedoyin,17,5,22,109.09090909090908
korey,1420,11443,12863,155.84233849024335
kelcey,2123,698,2821,101.0280042538107
hiyab,223,63,286,111.8881118881119
brice,379,15737,16116,190.59319930503847
devin,17556,156250,173806,159.59633154206415
dores,18,5,23,113.04347826086956
lavorn,5,10,15,66.66666666666666
adama,659,449,1108,37.90613718411552
desire,5336,132,5468,190.34381858083393
murry,94,3085,3179,188.17238125196602
joa,52,62,114,17.543859649122805
carroll,5916,35431,41347,142.76731080852298
nilay,22,240,262,166.41221374045801
bonney,447,5,452,195.57522123893804
francell,10,5,15,66.66666666666666
kevi,11,10,21,9.523809523809524
hadley,46595,2096,48691,182.78121213365918
omega,2186,818,3004,91.07856191744341
susana,20999,52,21051,199.01192342406537
damar,5,1140,1145,198.2532751091703
ariam,493,71,564,149.645390070922
shae,6065,1629,7694,115.31063166103456
tawan,60,349,409,141.320293398533
damarie,50,120,170,82.35294117647058
mischa,1693,198,1891,158.11739820200953
jaydee,603,555,1158,8.290155440414509
jamon,6,2742,2748,199.12663755458516
renell,553,154,707,112.87128712871286
trenity,862,23,885,189.6045197740113
caspian,5,4170,4175,199.52095808383234
kayren,85,29,114,98.24561403508771
sterling,3723,37474,41197,163.85173677694976
dylahn,5,12,17,82.35294117647058
lynnie,349,16,365,182.46575342465755
dann,1145,1089,2234,5.0134288272157566
bixby,17,20,37,16.216216216216218
jaquise,40,202,242,133.88429752066116
ajream,27,5,32,137.5
danial,80,9394,9474,196.62233481106185
kendyn,7,218,225,187.55555555555557
tyshaun,5,1976,1981,198.99040888440183
eliot,573,7892,8465,172.9238038984052
kristine,84329,185,84514,199.12440542395342
psalm,359,761,1120,71.78571428571429
aubra,37,310,347,157.3487031700288
courtland,245,3855,4100,176.09756097560975
kaeden,158,5100,5258,187.98022061620387
dekoda,11,56,67,134.32835820895522
dany,111,1430,1541,171.18754055807918
binh,38,487,525,171.04761904761904
rogan,140,2311,2451,177.15218278253775
glenis,405,27,432,175.0
lashay,2837,10,2847,198.5950122936424
narvell,26,22,48,16.666666666666664
jami,21473,937,22410,183.27532351628736
mikayle,55,5,60,166.66666666666669
nassim,21,286,307,172.6384364820847
carmela,24506,5,24511,199.9184039818857
lyndale,5,25,30,133.33333333333331
legaci,1071,142,1213,153.1739488870569
kalle,325,33,358,163.12849162011173
cleatus,71,894,965,170.5699481865285
dariyon,10,181,191,179.05759162303664
creed,5,5920,5925,199.66244725738395
cleo,33565,11527,45092,97.74682870575711
ariana,120380,200,120580,199.33654005639409
kofi,10,1542,1552,197.42268041237114
keshun,7,645,652,195.70552147239263
aris,1853,2753,4606,39.07946157186279
dawsen,31,522,553,177.57685352622062
dorey,48,7,55,149.0909090909091
kamrynn,942,40,982,183.70672097759675
jayd,349,117,466,99.57081545064378
tysen,10,1668,1678,197.61620977353994
tuyen,160,26,186,144.08602150537635
neema,784,256,1040,101.53846153846153
krist,37,170,207,128.50241545893718
jesiah,773,4394,5167,140.15869943874588
kinsler,31,300,331,162.5377643504532
zacariah,5,464,469,195.73560767590618
aubie,5,24,29,131.0344827586207
elly,4585,10,4595,199.12948857453753
sora,1799,663,2462,92.28269699431357
laurien,16,5,21,104.76190476190477
el,38,246,284,146.47887323943664
trystin,283,803,1086,95.76427255985267
arleen,12611,6,12617,199.80978045494174
dennell,28,10,38,94.73684210526315
armand,6,15343,15349,199.843638022021
clifton,436,70249,70685,197.53271556907407
tavion,13,3088,3101,198.3231215736859
jessica,1050729,3578,1054307,198.64252063203602
taj,571,5719,6290,163.68839427662957
devine,784,835,1619,6.300185299567635
morrison,134,1867,2001,173.21339330334834
erma,54949,238,55187,198.27495605849202
kieran,1605,17613,19218,166.59381829534811
stoney,168,3092,3260,179.38650306748468
arius,47,1120,1167,183.8903170522708
scotty,359,19030,19389,192.5937387178297
mckayla,13225,5,13230,199.848828420257
domani,10,629,639,193.74021909233176
camari,1121,1653,2774,38.35616438356164
raheel,86,256,342,99.41520467836257
lyndal,313,399,712,24.15730337078652
morrissey,5,22,27,125.92592592592592
joaquin,53,35601,35654,199.40539630896953
normani,384,5,389,194.85861182519278
layten,49,392,441,155.55555555555557
morocco,6,159,165,185.45454545454544
lolo,11,5,16,75.0
wing,22,166,188,153.19148936170214
azhari,37,5,42,152.38095238095238
neziah,128,217,345,51.59420289855072
odell,4151,14883,19034,112.76662813911946
marvelous,109,232,341,72.14076246334311
dominic,1252,193424,194676,197.42752059832748
vero,5,25,30,133.33333333333331
jayme,14071,3897,17968,113.24577025823686
bertis,19,455,474,183.9662447257384
ruddy,5,536,541,196.30314232902032
sandra,875531,2692,878223,198.7738877255549
willow,65095,465,65560,197.16290420988406
khadijah,7596,7,7603,199.63172431934763
alema,5,21,26,123.07692307692308
shayd,5,26,31,135.48387096774192
charone,16,5,21,104.76190476190477
kamauri,343,800,1143,79.9650043744532
kahli,462,117,579,119.17098445595855
shayden,289,975,1264,108.54430379746836
jaimie,9549,904,10453,165.40706017411267
micah,14035,119571,133606,157.9809290001946
climmie,461,260,721,55.75589459084605
oluwademilade,113,237,350,70.85714285714285
bradly,11,9343,9354,199.52961299978617
kristie,38361,44,38405,199.54172633771645
garnett,2784,3857,6641,32.314410480349345
carole,110688,264,110952,199.0482370754921
arnold,550,103846,104396,197.89263956473428
ryelin,16,23,39,35.8974358974359
allan,253,96458,96711,198.95358335659853
bayker,15,57,72,116.66666666666667
jamin,138,3446,3584,184.59821428571428
jonatha,29,311,340,165.8823529411765
doy,34,731,765,182.22222222222223
erwin,49,21213,21262,199.07816762298938
merle,14723,30666,45389,70.25050122276323
esmeralda,51571,180,51751,198.60872253676257
daloni,82,6,88,172.72727272727272
gertis,23,5,28,128.57142857142858
huntlee,241,178,419,30.071599045346066
tenny,39,31,70,22.857142857142858
amazin,140,18,158,154.43037974683546
cashlin,16,14,30,13.333333333333334
rhoda,26057,12,26069,199.81587325942692
kaycee,8654,530,9184,176.9163763066202
shontel,771,19,790,190.37974683544303
gabby,1246,16,1262,194.92868462757528
mykelle,109,5,114,182.45614035087718
amazi,24,267,291,167.01030927835052
corrigan,45,204,249,127.71084337349396
deoveon,22,6,28,114.28571428571428
roscoe,11,22159,22170,199.80153360396932
amit,202,2899,3101,173.94388906804258
jamere,22,1805,1827,195.18336070060207
dian,5369,209,5578,185.01254930082467
aryon,32,183,215,140.46511627906978
yarin,38,31,69,20.28985507246377
takari,98,369,467,116.05995717344754
joah,5,1241,1246,198.39486356340288
melrose,1180,51,1231,183.4281072298944
covington,17,27,44,45.45454545454545
horizon,125,35,160,112.5
deven,1316,10670,11986,156.08209577840816
corde,5,614,619,196.76898222940227
winn,39,335,374,158.28877005347596
ardell,2635,2435,5070,7.889546351084813
tyger,59,448,507,153.45167652859962
keira,33836,7,33843,199.91726501787664
danai,426,5,431,195.3596287703016
jazmen,1074,5,1079,198.14643188137165
brinley,13490,151,13641,195.5721721281431
sa,48,25,73,63.013698630136986
malique,11,1952,1963,197.75853285787062
jovanni,192,6835,7027,189.0707271951046
devonte,32,11773,11805,198.9157136806438
janas,41,5,46,156.52173913043478
truby,34,33,67,2.9850746268656714
jasiri,80,192,272,82.35294117647058
juanito,5,1182,1187,198.3150800336984
cher,1721,110,1831,175.96941561987984
stephan,229,27681,27910,196.71802221426012
mildred,451415,1583,452998,198.60220133422223
ireland,6347,209,6556,187.248322147651
prophecy,16,16,32,0.0
rayan,1058,8895,9953,157.4801567366623
trenell,144,286,430,66.04651162790698
courteney,1124,5,1129,198.22852081488043
kennith,5,10560,10565,199.81069569332703
jontay,15,152,167,164.07185628742516
cincere,133,751,884,139.81900452488688
fenyx,41,65,106,45.28301886792453
brittin,227,113,340,67.05882352941175
shakell,10,29,39,97.43589743589743
christion,17,1196,1213,194.39406430338005
mirza,135,554,689,121.6255442670537
vega,746,190,936,118.80341880341881
auden,1001,1887,2888,61.35734072022161
kiani,1296,30,1326,190.9502262443439
veril,5,22,27,125.92592592592592
tierney,3956,23,3979,197.6878612716763
kiante,182,471,653,88.51454823889739
kaede,248,70,318,111.9496855345912
jermany,337,141,478,82.00836820083683
kiernan,687,1761,2448,87.74509803921569
brilliant,21,46,67,74.6268656716418
xing,7,5,12,33.33333333333333
kellee,3714,16,3730,198.28418230563003
jayoni,38,5,43,153.48837209302326
delon,38,1378,1416,189.26553672316385
dre,5,856,861,197.67711962833914
remey,15,15,30,0.0
ebba,925,28,953,188.2476390346275
junis,19,32,51,50.98039215686274
jaquis,10,247,257,184.43579766536965
keyshawn,24,4059,4083,197.6487876561352
joell,1029,1200,2229,15.343203230148047
aurora,99113,96,99209,199.6129383422875
ryu,5,1685,1690,198.81656804733728
yeng,98,426,524,125.1908396946565
cledith,240,207,447,14.76510067114094
lee,62299,233627,295926,115.79110993964707
rodie,15,10,25,40.0
dion,1250,18914,20164,175.20333267208886
desmone,6,41,47,148.93617021276594
jaylin,9209,10399,19608,12.137902896776826
fern,37666,529,38195,194.4600078544312
hagan,168,1455,1623,158.59519408502774
nakai,185,947,1132,134.62897526501766
delia,37318,62,37380,199.3365436062065
amillian,52,18,70,97.14285714285714
makenna,33741,8,33749,199.9051823757741
lonie,1677,1078,2755,43.48457350272233
rahi,204,62,266,106.76691729323309
mardy,66,219,285,107.36842105263158
karem,233,129,362,57.4585635359116
cleve,23,4506,4529,197.9686465003312
reyan,17,819,836,191.86602870813397
myers,97,697,794,151.13350125944584
isiah,11,24710,24721,199.82201367258605
shaylon,166,87,253,62.450592885375485
azaiah,171,1962,2133,167.93248945147678
giani,254,333,587,26.916524701873932
rylen,807,3391,4198,123.10624106717485
klover,742,23,765,187.9738562091503
bristen,22,15,37,37.83783783783784
jaidin,189,317,506,50.59288537549407
fallon,11634,619,12253,179.79270382763406
kiyoshi,15,1226,1241,195.1651893634166
willard,884,77658,78542,195.49795014132565
tylee,1591,401,1992,119.47791164658635
merlin,919,15049,15968,176.97895791583167
teague,32,1705,1737,192.63097294185377
iretomiwa,5,31,36,144.44444444444443
kallin,24,183,207,153.6231884057971
ricki,4442,2303,6745,63.4247590808006
kior,358,190,548,61.31386861313869
marte,35,139,174,119.54022988505749
darlyn,2064,33,2097,193.70529327610873
rivi,85,7,92,169.56521739130434
zee,37,84,121,77.68595041322314
braidyn,83,594,677,150.96011816838995
dandrea,915,174,1089,136.08815426997245
domenik,5,264,269,192.56505576208178
haydon,71,1192,1263,177.51385589865401
hayze,11,571,582,192.43986254295532
daylen,344,3986,4330,168.22170900692842
noha,393,157,550,85.81818181818181
ziyan,176,262,438,39.26940639269406
kenni,339,10,349,188.53868194842406
llewyn,11,542,553,192.04339963833635
merci,991,64,1055,175.7345971563981
kaelan,431,1520,1951,111.63505894413122
deane,1304,2758,4062,71.59034958148696
breilyn,28,5,33,139.3939393939394
rumi,953,671,1624,34.72906403940887
malvin,12,2673,2685,198.2122905027933
keonta,64,433,497,148.49094567404427
kerby,122,884,1006,151.4910536779324
mandy,42465,138,42603,198.70431659742272
jophiel,14,24,38,52.63157894736842
meghan,96500,227,96727,199.06127554870926
ignacio,22,19947,19969,199.55931694125894
ammie,2575,32,2607,195.09014192558496
sydney,178296,9404,187700,179.95950985615343
amonti,5,55,60,166.66666666666669
bennette,74,30,104,84.61538461538461
malu,258,5,263,192.3954372623574
jerome,1062,161234,162296,197.3825602602652
alivia,34786,15,34801,199.82759116117353
elisa,47661,143,47804,198.80344741025854
rory,13580,35841,49421,90.08720989053236
wei,79,290,369,114.36314363143632
micki,2654,33,2687,195.08745813174545
trystyn,80,217,297,92.25589225589226
kena,1848,63,1911,186.8131868131868
javian,6,2872,2878,199.16608756080612
elder,52,2268,2320,191.0344827586207
tabby,162,5,167,188.02395209580837
jersi,418,6,424,194.33962264150944
legendary,11,129,140,168.57142857142858
kayci,1653,14,1667,196.64067186562687
alby,15,90,105,142.85714285714286
cordero,9,1807,1816,198.01762114537445
eliah,468,1159,1627,84.94161032575292
tani,1004,10,1014,196.0552268244576
marcedes,306,5,311,193.56913183279744
darrion,149,4398,4547,186.892456564768
caidyn,440,830,1270,61.417322834645674
waylynn,362,140,502,88.44621513944223
augie,10,749,759,194.72990777338603
oleander,13,77,90,142.22222222222223
luan,515,1107,1622,72.99630086313194
mitra,590,5,595,196.63865546218486
umi,185,27,212,149.0566037735849
ge,5,51,56,164.28571428571428
sivan,644,83,727,154.33287482806054
connell,5,1766,1771,198.87069452286843
damian,336,109920,110256,198.78101872006965
shaolin,62,5,67,170.1492537313433
joon,73,491,564,148.22695035460993
jasiah,648,9597,10245,174.69985358711565
shirl,1323,448,1771,98.81422924901186
reigan,314,6,320,192.5
bryten,17,172,189,164.02116402116403
dominek,5,17,22,109.09090909090908
jaxson,134,68535,68669,199.21944399947574
dalia,14291,6,14297,199.83213261523395
indiana,2090,1447,3537,36.358495900480634
domonic,67,2990,3057,191.23323519790645
timmy,168,25755,25923,197.40770744126837
roma,8286,576,8862,174.00135409614083
teigan,1552,635,2187,83.85916780978509
orlie,12,345,357,186.5546218487395
haydan,97,298,395,101.7721518987342
rodrigo,5,27754,27759,199.92795129507547
paige,146734,1335,148069,196.39357326651762
alexsis,1264,190,1454,147.73039889958736
khalis,105,37,142,95.77464788732394
tyra,14626,143,14769,196.12702281806486
khaos,6,188,194,187.62886597938143
aryan,748,8106,8854,166.20736390332053
adilene,6590,7,6597,199.57556465059875
ocie,4132,2739,6871,40.54722747780527
leon,1436,182638,184074,196.87951584688764
mikaiah,108,63,171,52.63157894736842
donzell,23,1050,1073,191.42590866728796
sunny,13191,4506,17697,98.15222919138837
kellian,15,35,50,80.0
rythm,5,5,10,0.0
shiya,206,48,254,124.40944881889764
jaimee,4565,48,4613,195.83784955560373
solstice,163,24,187,148.66310160427807
lynox,31,48,79,43.037974683544306
latonia,5104,16,5120,198.75
durelle,23,96,119,122.6890756302521
everett,1201,135900,137101,196.49601388757193
maitreya,7,25,32,112.5
kapree,82,15,97,138.1443298969072
jaidyn,5799,3448,9247,50.848923975343354
gracyn,4129,197,4326,181.7845584835876
minh,293,2116,2409,151.34910751349108
temiloluwa,245,152,397,46.85138539042821
sergio,355,81878,82233,198.2731993238724
paiton,1207,165,1372,151.89504373177843
vai,5,5,10,0.0
becky,86898,144,87042,199.33825049975871
jhan,5,211,216,190.74074074074073
rowan,22225,50628,72853,77.97345339244781
thurman,5,16392,16397,199.8780264682564
hager,39,84,123,73.17073170731707
rosie,85556,470,86026,197.81461418640876
tacori,64,36,100,56.00000000000001
glendell,92,491,583,136.87821612349916
lavonn,65,28,93,79.56989247311827
levvy,18,5,23,113.04347826086956
marke,5,159,164,187.80487804878047
java,17,20,37,16.216216216216218
rosean,5,32,37,145.94594594594594
korri,634,6,640,196.25
arda,332,560,892,51.12107623318386
graceson,23,531,554,183.39350180505417
baretta,20,52,72,88.88888888888889
carden,37,425,462,167.96536796536796
sebastian,408,218055,218463,199.25296274426333
rowyn,3326,799,4125,122.52121212121212
wilfred,103,29417,29520,198.60433604336043
sallie,49961,135,50096,198.92206962631747
gwendolyn,124385,333,124718,198.93199057072758
dune,5,103,108,181.4814814814815
goldyn,60,5,65,169.23076923076923
maxime,55,1098,1153,180.91934084995665
eniola,361,39,400,161.0
kirie,46,5,51,160.7843137254902
earnestine,16073,61,16134,198.48766579893393
xander,68,40281,40349,199.32588168232175
tayler,11169,2587,13756,124.77464379179995
silver,1749,528,2277,107.24637681159422
alois,186,2525,2711,172.55625230542236
azarie,212,51,263,122.43346007604563
juelz,168,4113,4281,184.30273300630694
edlin,289,14,303,181.5181518151815
eclipse,28,7,35,120.0
tennison,7,44,51,145.09803921568627
chas,10,3213,3223,198.75892026062672
dashon,33,1615,1648,191.9902912621359
flynn,479,6681,7160,173.24022346368716
jayde,8647,404,9051,182.1456192685891
gay,17985,1382,19367,171.4566014354314
meron,394,50,444,154.95495495495496
shawndale,28,158,186,139.78494623655914
jette,156,6,162,185.1851851851852
osie,1354,748,2102,57.6593720266413
kalae,12,5,17,82.35294117647058
agam,160,458,618,96.44012944983818
lamari,221,448,669,67.86248131539611
zavia,262,6,268,191.04477611940297
kelijah,12,176,188,174.468085106383
emone,55,5,60,166.66666666666669
khyree,34,1942,1976,193.1174089068826
rily,63,16,79,118.9873417721519
kilynn,437,11,448,190.17857142857142
lyan,114,633,747,138.9558232931727
khoa,5,817,822,197.5669099756691
burney,5,883,888,197.74774774774775
weslee,283,1233,1516,125.32981530343008
alexey,19,560,579,186.87392055267702
kennison,60,44,104,30.76923076923077
uchenna,190,442,632,79.74683544303798
avett,54,770,824,173.7864077669903
tela,693,7,700,196.0
cinsere,5,78,83,175.9036144578313
tacari,34,193,227,140.08810572687224
kori,14822,1565,16387,161.79898700189176
ashtan,119,131,250,9.6
delano,71,5531,5602,194.93038200642627
kalel,15,4400,4415,198.6409966024915
dameron,15,39,54,88.88888888888889
osiris,883,3592,4475,121.07262569832402
lenox,494,2104,2598,123.941493456505
axyl,6,519,525,195.42857142857142
dorie,1735,36,1771,191.86900056465274
santiago,137,103828,103965,199.47289953349684
blakeley,1351,102,1453,171.92016517549897
thuan,5,207,212,190.56603773584905
nova,55783,3227,59010,178.12574139976277
elyah,21,5,26,123.07692307692308
elbert,97,33511,33608,198.84551297310165
holdyn,53,690,743,171.46702557200538
yori,96,6,102,176.47058823529412
meril,20,130,150,146.66666666666666
jake,217,129322,129539,199.3299315264129
linder,302,12,314,184.71337579617835
romyn,18,225,243,170.37037037037038
awn,5,5,10,0.0
alister,5,1659,1664,198.7980769230769
azrael,361,3188,3549,159.3124823894055
brandt,38,6119,6157,197.53126522657138
burdette,127,1714,1841,172.40630092341118
troyce,62,412,474,147.67932489451476
francine,36470,11,36481,199.87938927112742
haniel,10,471,481,191.68399168399168
maysun,96,5,101,180.1980198019802
brunell,27,5,32,137.5
oaklin,93,142,235,41.702127659574465
chevis,11,264,275,184.0
korie,2496,492,2988,134.13654618473896
khozen,7,37,44,136.36363636363635
rhemy,34,16,50,72.0
jeffrey,3498,979601,983099,198.5767455769968
mccall,1137,134,1271,157.82848151062157
akemi,927,5,932,197.8540772532189
creighton,16,3764,3780,198.3068783068783
briley,6618,1332,7950,132.98113207547172
keily,5355,5,5360,199.62686567164178
pruitt,62,140,202,77.22772277227723
chae,175,148,323,16.718266253869967
danney,5,512,517,196.13152804642166
cimani,290,5,295,193.22033898305085
bertha,207870,937,208807,198.2050410187398
lynette,43392,53,43445,199.51202670042582
jaymi,1342,5,1347,198.51521900519674
marris,6,62,68,164.70588235294116
kimbrell,5,5,10,0.0
ariya,7370,30,7400,198.3783783783784
mello,10,78,88,154.54545454545453
manning,44,1840,1884,190.65817409766456
mila,84489,88,84577,199.58381120162693
rorey,103,153,256,39.0625
supreme,14,572,586,190.44368600682594
ree,300,5,305,193.44262295081967
deonta,36,2642,2678,194.62285287528005
tyson,318,48395,48713,197.3887873873504
carrie,266350,1190,267540,198.22082679225537
lew,15,2193,2208,197.2826086956522
nyjah,629,847,1476,29.539295392953928
javan,43,3593,3636,195.26952695269526
harjap,5,6,11,18.181818181818183
jakari,300,5312,5612,178.61724875267285
ryder,2449,66639,69088,185.82098193608152
felicity,18559,6,18565,199.8707244815513
kendahl,662,49,711,172.43319268635724
lundon,240,102,342,80.7017543859649
rico,45,9926,9971,198.1947648179721
erine,88,12,100,152.0
rome,503,5572,6075,166.880658436214
javoni,26,344,370,171.8918918918919
nancy,1004448,2945,1007393,198.83064504121032
haleigh,14284,9,14293,199.7481284544882
khamryn,81,47,128,53.125
maron,33,377,410,167.8048780487805
owyn,78,775,853,163.4232121922626
raylan,586,6856,7442,168.50309056705186
fletcher,225,17419,17644,194.89911584674678
jawan,12,1462,1474,196.74355495251018
taijae,18,11,29,48.275862068965516
alika,570,635,1205,10.78838174273859
antwana,5,7,12,33.33333333333333
jerney,181,10,191,179.05759162303664
jante,14,41,55,98.18181818181819
santana,5941,7785,13726,26.868716304822964
mickell,51,136,187,90.9090909090909
lavin,36,147,183,121.31147540983606
chizitere,18,5,23,113.04347826086956
eno,5,76,81,175.30864197530863
kristion,5,176,181,188.95027624309392
amazing,291,34,325,158.15384615384616
justice,18772,19902,38674,5.843719294616538
hartlen,8,68,76,157.89473684210526
onyekachi,16,92,108,140.74074074074073
daveon,16,2655,2671,197.60389367278174
jasiel,91,2793,2884,187.37864077669903
lauryn,22156,12,22168,199.78347167087693
khalei,34,7,41,131.70731707317074
nazari,138,92,230,40.0
doan,17,37,54,74.07407407407408
dekari,5,687,692,197.10982658959537
chayden,6,327,333,192.7927927927928
len,102,4514,4616,191.16117850953208
jacobi,306,4195,4501,172.806043101533
aayden,5,1715,1720,198.8372093023256
claire,211919,2204,214123,195.88274029413003
korei,21,6,27,111.11111111111111
simmie,160,1177,1337,152.13163799551234
cuyler,10,749,759,194.72990777338603
ofelia,8992,5,8997,199.7777036790041
adam,2075,580378,582453,198.57499231697665
jentry,1075,423,1498,87.04939919893191
exie,2071,6,2077,198.84448724121327
hayes,961,20925,21886,182.43626062322946
power,22,141,163,146.01226993865032
shermaine,508,173,681,98.38472834067548
marchand,7,5,12,33.33333333333333
alohi,62,5,67,170.1492537313433
rigby,113,403,516,112.40310077519379
ragen,583,15,598,189.9665551839465
aidan,2727,118431,121158,190.99688010696775
jacori,12,1054,1066,195.49718574108817
kessler,119,568,687,130.7132459970888
skyelar,710,161,871,126.06199770378875
ciara,34876,7,34883,199.9197316744546
marli,2841,5,2846,199.29725931131412
kanai,169,406,575,82.43478260869566
hargun,221,25,246,159.34959349593495
anzel,5,148,153,186.9281045751634
kiptyn,28,742,770,185.45454545454544
kelsie,19591,345,19936,193.07784911717496
syler,31,770,801,184.51935081148565
danyl,59,81,140,31.428571428571427
claudell,302,576,878,62.414578587699324
tannar,10,141,151,173.50993377483442
truman,26,15947,15973,199.34890127089463
shawnn,44,107,151,83.44370860927152
rhylen,84,201,285,82.10526315789474
christian,19875,453968,473843,183.22229092758573
brittney,82203,265,82468,198.7146529562982
angle,1149,130,1279,159.34323690383113
manar,739,5,744,197.31182795698925
alexiz,265,249,514,6.22568093385214
faran,24,6,30,120.0
prentiss,65,2724,2789,190.6776622445321
kealoha,43,53,96,20.833333333333336
dick,48,29273,29321,199.34517922308243
athens,55,163,218,99.08256880733946
deva,964,22,986,191.07505070993915
merel,35,205,240,141.66666666666669
ramie,690,257,947,91.4466737064414
aydrian,56,393,449,150.11135857461025
rebeca,14193,5,14198,199.8591350894492
keaton,1418,22087,23505,175.8689640502021
laine,4051,2062,6113,65.07443153934238
caydan,5,284,289,193.07958477508652
abigayle,6185,5,6190,199.67689822294022
jie,18,86,104,130.76923076923077
gaylon,218,3478,3696,176.4069264069264
anjel,403,1188,1591,98.68007542426147
brilyn,373,60,433,144.5727482678984
taja,1888,28,1916,194.1544885177453
fernanda,20130,26,20156,199.48402460805715
isa,3433,3142,6575,8.85171102661597
braylinn,139,5,144,186.11111111111111
deavon,29,424,453,174.39293598233996
yael,4501,5207,9708,14.544705397610219
janell,15733,23,15756,199.41609545569943
barrett,992,33425,34417,188.4708138419967
clayton,610,139344,139954,198.25657001586237
verneal,171,5,176,188.63636363636365
amaurie,73,91,164,21.951219512195124
yule,5,5,10,0.0
omari,399,13158,13557,188.22748395662757
timmie,350,3250,3600,161.11111111111111
kie,5,135,140,185.71428571428572
justen,5,4056,4061,199.50751046540262
beverly,378561,4632,383193,195.1648386061332
yun,78,26,104,100.0
jacquis,10,77,87,154.02298850574712
martie,1221,221,1442,138.69625520110958
kathy,334131,739,334870,199.11726938812075
houa,181,79,260,78.46153846153847
wilmot,5,454,459,195.64270152505446
artie,6399,4417,10816,36.64940828402367
yoani,12,12,24,0.0
delane,955,923,1878,3.407880724174654
cleon,189,3000,3189,176.29350893697085
taran,560,2073,2633,114.9259399924041
dawan,35,817,852,183.5680751173709
ridgley,10,22,32,75.0
gregg,112,36512,36624,198.7767584097859
dejuan,40,5520,5560,197.12230215827338
kavya,2146,6,2152,198.88475836431226
tipton,5,256,261,192.33716475095787
najah,1857,34,1891,192.80803807509255
apollo,12,9000,9012,199.46737683089216
abrian,5,370,375,194.66666666666669
shon,358,5172,5530,174.10488245931285
thien,29,1055,1084,189.29889298892988
brylie,2166,5,2171,199.0787655458314
deloris,34683,98,34781,198.87294787383917
ashleigh,31861,83,31944,198.96068119208616
nashawn,53,912,965,178.03108808290156
nixon,339,7389,7728,182.45341614906832
chrisley,83,11,94,153.19148936170214
aubri,5052,5,5057,199.6045086019379
oliver,777,269903,270680,198.8517807004581
aj,43,2456,2499,193.1172468987595
oral,506,2802,3308,138.8149939540508
ling,197,18,215,166.51162790697674
owen,676,245644,246320,198.90224098733356
londin,141,6,147,183.67346938775512
dewan,16,653,669,190.43348281016443
lawton,5,2861,2866,199.30216329378925
vivian,228172,2583,230755,195.52252388897315
guillermo,74,32074,32148,199.07925842976235
kekoa,22,2053,2075,195.7590361445783
kennedy,93663,7457,101120,170.50237341772151
mabel,142284,409,142693,198.85348265156665
genevieve,125131,151,125282,199.51788764547183
varnell,98,180,278,58.992805755395686
ever,2912,4463,7375,42.06101694915254
yireh,83,18,101,128.7128712871287
italy,2220,10,2230,198.20627802690584
eastin,10,541,551,192.7404718693285
iria,90,10,100,160.0
claris,990,77,1067,171.1340206185567
kerian,24,21,45,13.333333333333334
amyri,246,14,260,178.46153846153848
kellen,1265,17042,18307,172.36029933905064
haeden,34,263,297,154.20875420875421
ezell,411,3243,3654,155.008210180624
connelly,237,122,359,64.06685236768801
kenyari,10,9,19,10.526315789473683
keir,64,1053,1117,177.08146821844227
rees,136,1014,1150,152.69565217391306
kanye,24,1404,1428,193.27731092436974
shaughnessy,91,5,96,179.16666666666669
jaedynn,150,16,166,161.44578313253012
vernelle,1245,5,1250,198.4
erica,231613,1024,232637,198.23931704758917
audre,870,40,910,182.41758241758242
izaiah,10,14899,14909,199.7317056811322
kalyn,7412,381,7793,180.44398819453355
randy,5004,329468,334472,194.01564256499796
myrna,31700,42,31742,199.47073278306345
kharii,10,5,15,66.66666666666666
ori,347,1619,1966,129.3997965412004
dagen,27,363,390,172.30769230769232
joie,2968,242,3210,169.8442367601246
kahlani,2213,7,2220,198.73873873873873
pat,40123,26732,66855,40.059830977488595
ofir,5,46,51,160.7843137254902
nocona,6,11,17,58.82352941176471
eldie,17,31,48,58.333333333333336
deonte,41,8198,8239,198.00946716834568
wilkie,18,340,358,179.88826815642457
akela,620,38,658,176.89969604863222
carol,816928,8656,825584,195.80612027364873
johnathon,52,25600,25652,199.18914704506471
trinidad,4354,5366,9720,20.82304526748971
winton,5,1940,1945,198.97172236503854
prescott,169,1718,1887,164.1759406465289
raul,484,88040,88524,197.81302245718675
tokyo,89,27,116,106.89655172413792
pure,51,19,70,91.42857142857143
brylynn,522,10,532,192.4812030075188
statler,5,139,144,186.11111111111111
cailean,17,68,85,120.0
lesslie,499,142,641,111.38845553822152
sylva,890,18,908,192.0704845814978
ogie,6,15,21,85.71428571428571
rondelle,13,6,19,73.68421052631578
jedi,5,306,311,193.56913183279744
shamel,155,1020,1175,147.23404255319147
kenyata,820,306,1126,91.29662522202486
charles,12476,2434659,2447135,197.96071732863123
koa,846,7702,8548,160.41179223210108
cardell,23,2371,2394,196.15705931495404
abiah,117,14,131,157.25190839694656
shu,18,77,95,124.21052631578948
ricci,854,879,1733,2.8851702250432774
mattison,2339,222,2561,165.32604451386177
coral,10971,191,11162,193.15534850385237
malachi,290,65758,66048,198.24370155038758
tehran,5,119,124,183.8709677419355
seely,19,5,24,116.66666666666667
cotie,18,17,35,5.714285714285714
britten,354,529,883,39.637599093997736
dakotta,33,56,89,51.68539325842697
alexiss,528,20,548,185.4014598540146
jose,4220,592512,596732,197.17125945985802
jaiden,8272,33302,41574,120.41179583393466
arias,50,337,387,148.32041343669252
isreal,58,4664,4722,195.0868276154172
freedom,1235,681,1916,57.82881002087683
breez,11,28,39,87.17948717948718
randyl,11,55,66,133.33333333333331
romaine,3136,990,4126,104.02326708676684
kenta,5,711,716,197.20670391061452
alie,528,83,611,145.66284779050736
rolando,78,24438,24516,198.72736172295643
lorane,423,5,428,195.32710280373834
maritza,23153,79,23232,198.63980716253445
tavish,5,780,785,197.45222929936307
lorrin,244,215,459,12.636165577342048
lesa,11409,12,11421,199.57972156553717
irving,85,44364,44449,199.23507840446354
mario,1093,151310,152403,197.1312900664685
kamryn,24809,5395,30204,128.5525096013773
raegen,913,5,918,197.82135076252723
aubrey,133515,31090,164605,124.44943956744933
lenni,341,16,357,182.07282913165267
aubery,103,503,606,132.013201320132
massie,251,99,350,86.85714285714286
brixten,10,131,141,171.63120567375887
rinley,231,6,237,189.873417721519
linkyn,94,300,394,104.56852791878173
mathai,10,13,23,26.08695652173913
yiran,37,10,47,114.89361702127661
halcyon,85,11,96,154.16666666666669
rhenn,17,5,22,109.09090909090908
calvin,1223,221064,222287,197.7992415210966
asyah,254,36,290,150.3448275862069
vergie,4582,47,4629,195.93864765608123
clary,308,177,485,54.02061855670103
floyce,517,12,529,190.92627599243858
yumin,6,5,11,18.181818181818183
biak,57,22,79,88.60759493670885
jaryn,335,583,918,54.03050108932462
rebel,1490,966,2456,42.671009771986974
cillian,6,4084,4090,199.41320293398533
holy,176,22,198,155.55555555555557
daryian,11,6,17,58.82352941176471
jalyric,119,10,129,168.9922480620155
phi,45,474,519,165.31791907514452
kyran,133,3149,3282,183.79037172455818
espen,148,715,863,131.40208574739282
earlee,134,44,178,101.12359550561798
jaskirat,49,107,156,74.35897435897436
baylee,21741,662,22403,188.1801544436013
lorena,44960,219,45179,198.06104606122315
maurice,2611,136332,138943,192.48324852637413
dwann,5,20,25,120.0
zhi,17,176,193,164.76683937823836
nico,1028,21294,22322,181.5787115849834
jaylan,824,4715,5539,140.49467412890414
rhylee,2504,262,2766,162.1113521330441
laurance,5,1932,1937,198.9674754775426
dara,13692,855,14547,176.48999793771912
malone,338,389,727,14.030261348005501
arien,456,646,1102,34.48275862068966
rainey,2182,450,2632,131.61094224924014
earlie,1329,2263,3592,52.00445434298441
harris,189,16472,16661,195.46245723546005
ahsen,12,6,18,66.66666666666666
nereida,3697,6,3703,199.35187685660276
jacole,127,5,132,184.84848484848484
keala,853,28,881,187.2871736662883
jim,816,153122,153938,197.8796658394938
bronx,141,2388,2529,177.69869513641757
mor,14,5,19,94.73684210526315
sagan,428,748,1176,54.421768707483
lindel,16,340,356,182.02247191011236
vestal,125,367,492,98.3739837398374
karly,10866,5,10871,199.81602428479442
cypress,1046,1191,2237,12.963790791238267
ernie,714,16520,17234,183.4281072298944
mankirat,22,39,61,55.73770491803278
marquie,27,108,135,120.0
jahlani,326,346,672,5.952380952380952
latrell,541,3839,4380,150.59360730593608
tasha,35528,106,35634,198.81012516136275
amisadai,134,5,139,185.6115107913669
rise,1099,74,1173,174.76555839727195
sequoya,493,5,498,195.98393574297188
vee,269,10,279,185.663082437276
chatham,44,155,199,111.55778894472361
michal,4031,3782,7813,6.373992064507872
joey,7644,53758,61402,150.20357643073515
isah,5,36,41,151.21951219512195
zelda,16734,5,16739,199.8805185494952
ulises,15,11944,11959,199.49828580985033
tahsin,19,120,139,145.32374100719426
glenda,109227,295,109522,198.92259089498
luren,5,5,10,0.0
suhan,15,127,142,157.74647887323943
dot,1370,22,1392,193.67816091954023
hyatt,44,412,456,161.4035087719298
jordie,164,149,313,9.584664536741213
emo,12,15,27,22.22222222222222
aziel,75,8721,8796,196.5893587994543
tatiana,35234,35,35269,199.60305083784627
dionte,26,3143,3169,196.71820763647838
karma,7593,270,7863,186.26478443342236
kennis,76,560,636,152.20125786163524
anyx,19,42,61,75.40983606557377
chantelle,6682,8,6690,199.52167414050822
pauline,226404,775,227179,198.63543725432368
salud,5,5,10,0.0
savya,22,5,27,125.92592592592592
nature,639,210,849,101.0600706713781
kiara,57068,221,57289,198.4569463596851
juel,653,1073,1726,48.66743916570104
jannie,14829,28,14857,199.24614659756344
najee,417,2755,3172,147.41488020176544
hilal,66,80,146,19.17808219178082
jermaine,967,42027,42994,191.00339582267293
graciela,16315,39,16354,199.04610492845788
juniper,21856,261,22117,195.27964913867163
letha,19137,25,19162,199.47813380649202
colon,11,1318,1329,196.68924003009784
adalid,11,141,152,171.05263157894737
ellen,275284,745,276029,198.92040329095857
emari,1171,1184,2355,1.1040339702760085
esli,469,150,619,103.06946688206786
imogene,27901,55,27956,199.21304907712118
lexie,16789,436,17225,189.87518142235123
jae,1280,1700,2980,28.187919463087248
shante,5814,216,6030,185.67164179104478
wally,147,4954,5101,188.47284846108604
tressie,5360,6,5366,199.5527394707417
kenan,30,4645,4675,197.4331550802139
kweli,11,228,239,181.5899581589958
kaidyn,1320,2741,4061,69.9827628662891
moyosoreoluwa,17,17,34,0.0
mahin,16,164,180,164.44444444444443
airyn,141,5,146,186.3013698630137
kamani,1207,743,1950,47.58974358974359
dewey,547,34373,34920,193.73424971363116
kailyn,14211,140,14351,196.0978329036304
jorden,2335,7030,9365,100.2669514148425
keven,130,8752,8882,194.14546273361856
khalin,6,163,169,185.79881656804733
brix,5,455,460,195.65217391304347
bao,580,850,1430,37.76223776223776
arvis,189,640,829,108.80579010856452
azayah,116,86,202,29.7029702970297
janelle,56881,86,56967,199.39614162585357
kashawn,78,1111,1189,173.75946173254837
quinncy,10,15,25,40.0
huxley,496,4734,5230,162.06500956022944
amara,28982,297,29279,195.94248437446632
corda,567,12,579,191.7098445595855
dennis,2692,621000,623692,198.27350679502064
enzo,46,34952,34998,199.47425567175267
alante,101,521,622,135.04823151125402
yuri,3769,2455,6224,42.22365038560411
randell,148,10011,10159,194.17265478885716
ferron,12,101,113,157.52212389380531
tyeler,27,267,294,163.26530612244898
perseus,32,1390,1422,190.99859353023908
virgie,21800,668,22468,188.1075307103436
cole,553,154093,154646,198.56963646004425
ronda,34315,359,34674,195.85856837976584
atlantis,545,80,625,148.8
tywan,15,1265,1280,195.3125
harbor,840,418,1258,67.0906200317965
ky,154,1505,1659,162.8691983122363
deyon,11,538,549,191.98542805100183
adeyemi,10,149,159,174.8427672955975
kaizen,31,3039,3070,195.96091205211727
aldine,804,158,962,134.3035343035343
floris,669,22,691,187.2648335745297
karlin,460,426,886,7.674943566591422
amiri,1622,3306,4928,68.34415584415584
estella,42920,55,42975,199.48807446189645
bronze,5,120,125,184.0
griffin,758,51051,51809,194.14773494952615
quyen,341,42,383,156.13577023498695
khylin,53,336,389,145.5012853470437
rhye,5,69,74,172.97297297297297
venus,9956,101,10057,195.98289748433925
delmis,7,10,17,35.294117647058826
ursel,16,5,21,104.76190476190477
shantrell,620,10,630,193.65079365079364
baylor,3721,9010,12731,83.0885240750923
nicko,8,291,299,189.29765886287626
jerelle,12,198,210,177.14285714285714
ameris,361,78,439,128.92938496583145
cielo,4764,164,4928,186.68831168831167
auri,939,58,997,176.73019057171516
shalan,112,5,117,182.9059829059829
tanveer,37,148,185,120.0
shine,272,281,553,3.25497287522604
shaunessy,69,5,74,172.97297297297297
eko,11,30,41,92.6829268292683
posie,533,60,593,159.52782462057337
kaire,19,219,238,168.0672268907563
maru,11,26,37,81.08108108108108
holli,8743,5,8748,199.77137631458618
tegh,24,144,168,142.85714285714286
luella,32605,16,32621,199.8038073633549
benito,31,14773,14804,199.16238854363687
declyn,307,461,768,40.10416666666667
pasha,498,408,906,19.867549668874172
amoni,1456,288,1744,133.94495412844037
shellie,9967,892,10859,167.14246247352426
lucien,5,9993,9998,199.7999599919984
brixxon,29,31,60,6.666666666666667
akari,1132,1278,2410,12.116182572614107
truce,23,620,643,185.69206842923796
ravneet,195,7,202,186.13861386138615
kayne,15,2390,2405,197.50519750519751
ryleigh,35139,437,35576,195.0865752192489
rashi,213,129,342,49.122807017543856
ari,7662,20592,28254,91.52686345296242
roberta,171548,782,172330,198.18487785063542
sklyer,5,27,32,137.5
kasey,33326,12623,45949,90.11295131558902
kruz,64,2659,2723,190.59860448035255
sha,639,127,766,133.68146214099218
mykel,713,3444,4157,131.39283136877555
dawson,1397,52802,54199,189.68984667613793
torrence,191,3204,3395,177.4963181148748
odene,36,5,41,151.21951219512195
jeffie,1012,677,1689,39.668442865600944
future,38,334,372,159.13978494623655
jory,720,3223,3943,126.95916814608165
zamani,224,55,279,121.14695340501794
juddie,16,11,27,37.03703703703704
andy,1307,94185,95492,194.52519582792277
reiley,618,324,942,62.42038216560509
barri,504,47,551,165.8802177858439
brylyn,126,22,148,140.54054054054055
hollis,5498,16014,21512,97.76868724432875
aniko,210,62,272,108.8235294117647
altair,168,245,413,37.28813559322034
mamie,77907,278,78185,198.57773230159236
anson,5,7932,7937,199.74801562303136
knoxley,91,80,171,12.865497076023392
neale,5,915,920,197.82608695652172
shamar,249,6137,6386,184.4033823989978
hyun,168,269,437,46.224256292906176
wilbert,178,40015,40193,198.22854725947306
kc,843,1951,2794,79.31281317108089
chiron,5,149,154,187.012987012987
dyson,5,1583,1588,198.7405541561713
charl,67,36,103,60.19417475728155
lu,4046,35,4081,196.56946826758147
masiyah,215,155,370,32.432432432432435
patrica,9147,10,9157,199.56317571256963
vadis,87,5,92,178.26086956521738
yves,59,1202,1261,181.28469468675655
demetrice,1754,1657,3411,5.687481676927588
kiva,820,30,850,185.88235294117646
newell,79,3240,3319,190.4790599578186
taygen,222,167,389,28.277634961439592
byrd,253,709,962,94.8024948024948
almon,18,1610,1628,195.57739557739558
roslyn,18647,10,18657,199.78560325883046
skye,24262,2903,27165,157.2538192527149
nana,2530,866,3396,97.99764428739694
lawrence,2187,461170,463357,198.1120388814672
edin,99,1286,1385,171.40794223826714
krimson,190,77,267,84.6441947565543
devonne,958,698,1656,31.40096618357488
earle,285,11505,11790,190.33078880407123
bijon,20,80,100,120.0
kirkland,18,2160,2178,196.69421487603307
jevon,91,4971,5062,192.80916633741606
kyri,519,424,943,20.14846235418876
hawley,67,150,217,76.49769585253456
kier,11,489,500,191.2
kadan,7,496,503,194.4333996023857
macari,33,224,257,148.63813229571986
jolan,134,286,420,72.38095238095238
jlynn,816,64,880,170.9090909090909
favour,470,37,507,170.8086785009862
emmanuelle,1432,290,1722,132.63646922183509
iver,102,1687,1789,177.1939631078815
olivet,113,5,118,183.05084745762713
shirly,1042,27,1069,189.89710009354536
afsheen,122,15,137,156.2043795620438
nikko,176,4526,4702,185.02764780944278
ember,22646,426,23072,192.61442441054092
viet,11,1085,1096,195.98540145985402
jene,1572,646,2218,83.49864743011722
deshawn,1183,16074,17257,172.57924320565567
haeven,169,16,185,165.40540540540542
rayyan,250,3221,3471,171.18985883030825
dietrich,149,2063,2212,173.05605786618446
dior,5260,2138,7398,84.40118951067856
bela,810,485,1295,50.19305019305019
oluwanifemi,241,156,397,42.82115869017632
amere,145,1110,1255,153.78486055776892
decker,126,2842,2968,183.0188679245283
langdon,10,1156,1166,196.56946826758147
danna,25106,134,25240,197.87638668779715
jeffry,10,15400,15410,199.74042829331603
truth,773,1452,2225,61.03370786516854
alexandria,104548,230,104778,199.1219530817538
martelle,12,25,37,70.27027027027027
tomas,27,30703,30730,199.64855190367717
amiris,23,121,144,136.11111111111111
kolbe,67,1825,1892,185.83509513742072
shown,6,75,81,170.37037037037038
dao,88,194,282,75.177304964539
braxton,823,65831,66654,195.06106160170432
marsh,11,403,414,189.3719806763285
jerusalem,329,149,478,75.31380753138075
matteson,110,10,120,166.66666666666669
asiel,6,865,871,197.24454649827786
emanuelle,203,196,399,3.508771929824561
india,23990,27,24017,199.55031852437855
flora,70971,172,71143,199.03293366880789
pennington,18,12,30,40.0
jhordan,78,212,290,92.41379310344827
euriah,5,93,98,179.59183673469389
desi,1048,2347,3395,76.52430044182621
keli,4356,49,4405,195.5505107832009
bentli,120,75,195,46.15384615384615
rylie,23271,1214,24485,180.16744945885236
saiah,46,8,54,140.74074074074073
kevonne,6,43,49,151.0204081632653
levin,5,1693,1698,198.82214369846878
karol,9694,1437,11131,148.3604348216692
jamison,1944,20796,22740,165.8047493403694
ecko,114,19,133,142.85714285714286
armone,10,58,68,141.1764705882353
keyren,5,64,69,171.0144927536232
nahari,34,11,45,102.22222222222221
weslyn,595,136,731,125.5813953488372
sidney,24785,84202,108987,109.03502252562231
wilder,638,8197,8835,171.11488398415392
adaiah,486,94,580,135.17241379310346
mekhi,113,12354,12467,196.3744284912168
demetra,4205,12,4217,198.86175005928385
daney,77,11,88,150.0
wave,116,126,242,8.264462809917356
quinta,201,41,242,132.2314049586777
jacey,8044,487,8531,177.1656312272887
shevon,420,15,435,186.20689655172413
jobi,42,6,48,150.0
eathel,763,21,784,189.28571428571428
stefanie,37144,43,37187,199.53747277274317
claud,47,10893,10940,198.28153564899452
jaedan,83,488,571,141.85639229422065
yousef,5,7003,7008,199.71461187214612
sok,8,28,36,111.11111111111111
corky,51,610,661,169.1376701966717
glen,1348,125706,127054,195.75613518661356
lavar,11,2075,2086,197.89069990412273
jeffery,1269,230549,231818,197.81035122380487
diego,245,126160,126405,199.22471421225427
archie,1291,56244,57535,191.02459372555836
kobee,47,260,307,138.76221498371336
jaelyn,14201,1400,15601,164.10486507275175
shakari,301,17,318,178.61635220125785
kyior,5,12,17,82.35294117647058
elmo,247,10091,10338,190.44302573031536
jaylynn,9348,591,9939,176.2149109568367
varian,5,410,415,195.18072289156626
brittan,879,480,1359,58.719646799117
mylin,189,103,292,58.9041095890411
julienne,2687,32,2719,195.29238690695107
brelynn,1055,5,1060,198.11320754716982
shaun,3129,70481,73610,182.99687542453472
iram,102,917,1019,159.96074582924436
hana,13007,11,13018,199.6620064526041
nao,95,23,118,122.03389830508475
satori,510,58,568,159.1549295774648
nyah,5460,5,5465,199.63403476669717
correy,46,1099,1145,183.9301310043668
thomas,8511,2358576,2367087,198.56177656334557
sabrina,142601,347,142948,199.02901754484148
lasiah,12,10,22,18.181818181818183
francisco,954,142192,143146,197.33419026727955
jade,103311,5855,109166,178.5464338713519
harrie,52,417,469,155.6503198294243
ondra,28,92,120,106.66666666666667
deklynn,151,11,162,172.8395061728395
baxley,59,55,114,7.017543859649122
cheyney,28,5,33,139.3939393939394
myer,46,1073,1119,183.5567470956211
demitri,23,2137,2160,195.74074074074076
andrean,20,5,25,120.0
dari,691,45,736,175.54347826086956
kionne,15,39,54,88.88888888888889
delone,41,46,87,11.494252873563218
jeylen,18,25,43,32.55813953488372
ilian,45,320,365,150.68493150684932
chantra,35,19,54,59.25925925925925
locklyn,436,48,484,160.3305785123967
carissa,28447,12,28459,199.83133630837344
amzie,163,55,218,99.08256880733946
tyree,735,14835,15570,181.1175337186898
atlys,10,50,60,133.33333333333331
devyn,9422,6793,16215,32.42676534073389
tayon,5,455,460,195.65217391304347
livingston,114,957,1071,157.42296918767508
luxury,101,5,106,181.13207547169813
rumani,300,11,311,185.85209003215434
radell,5,6,11,18.181818181818183
natividad,1931,1722,3653,11.442649876813578
fontaine,137,200,337,37.388724035608305
herman,795,135977,136772,197.67496271166613
jirah,277,70,347,119.30835734870317
ragan,1866,394,2260,130.26548672566372
tavares,23,2985,3008,196.94148936170214
tyonne,16,33,49,69.38775510204081
avrey,381,278,659,31.25948406676783
zaylen,72,2597,2669,189.20944173847883
jaimy,381,29,410,171.70731707317074
hubert,189,57572,57761,198.69115839407212
wardie,13,49,62,116.12903225806453
cadence,22430,2125,24555,165.3838322133985
janie,75598,276,75874,198.54495611144793
jarel,6,1160,1166,197.9416809605489
bryne,6,109,115,179.13043478260872
shaughn,5,387,392,194.89795918367346
lyndan,22,5,27,125.92592592592592
taelor,2247,190,2437,168.8141157160443
jahriah,9,5,14,57.14285714285714
daenerys,1472,5,1477,198.645903859174
shilo,1853,1270,3123,37.33589497278258
jonesy,24,30,54,22.22222222222222
burley,40,2310,2350,193.1914893617021
shin,12,97,109,155.96330275229357
blakley,767,49,816,175.98039215686273
lyndel,182,425,607,80.0658978583196
arlowe,112,29,141,117.7304964539007
sola,267,5,272,192.64705882352942
claudie,3739,2978,6717,22.65892511537889
jasiya,226,8,234,186.32478632478632
zuma,140,16,156,158.97435897435898
bernie,1535,9225,10760,142.9368029739777
edna,295116,1042,296158,198.5926431161745
demetri,158,4111,4269,185.1955961583509
every,10,10,20,0.0
natale,371,1152,1523,102.5607353906763
emry,2368,958,3326,84.78653036680697
riley,141960,105025,246985,29.90869890884062
chance,1388,54622,56010,190.08748437778968
rosa,177415,1173,178588,197.37272381123032
ragene,45,9,54,133.33333333333331
robbin,8590,1794,10384,130.89368258859784
rein,121,157,278,25.899280575539567
takaya,78,5,83,175.9036144578313
yu,381,449,830,16.3855421686747
koty,30,454,484,175.20661157024793
collins,10779,3686,14465,98.07120636017974
keoni,372,3204,3576,158.38926174496643
dajah,2013,7,2020,198.6138613861386
perle,243,86,329,95.44072948328267
kurtis,25,18138,18163,199.44943016021583
demaree,11,76,87,149.42528735632183
marcell,1126,4862,5988,124.78289913159652
aura,5016,12,5028,199.04534606205252
esper,26,40,66,42.42424242424242
jakhai,5,430,435,195.4022988505747
jaylee,8472,129,8601,194.0006975933031
oni,275,12,287,183.27526132404182
curtis,2322,260554,262876,196.46677520960455
ryel,16,46,62,96.7741935483871
versie,2598,103,2701,184.74639022584228
wacey,6,407,413,194.18886198547216
ely,616,4471,5087,151.5628071554944
vertis,333,587,920,55.21739130434783
waldean,33,10,43,106.9767441860465
keigan,155,931,1086,142.90976058931858
decklyn,159,351,510,75.29411764705883
malon,99,308,407,102.7027027027027
aeris,1861,82,1943,183.1188883170355
termaine,13,688,701,192.58202567760344
tara,175812,543,176355,198.76839329760995
kaelyn,15566,82,15648,197.9038854805726
martel,10,1696,1706,197.65533411488863
riggin,5,733,738,197.289972899729
tanya,116855,405,117260,198.6184547160157
sian,858,172,1030,133.20388349514562
meyer,208,5404,5612,185.17462580185318
edell,249,45,294,138.77551020408163
brinn,605,15,620,190.3225806451613
christain,305,2112,2417,149.52420355812993
harvest,441,288,729,41.9753086419753
camil,95,81,176,15.909090909090908
izell,17,687,704,190.3409090909091
alexx,217,402,619,59.77382875605816
erioluwa,66,68,134,2.9850746268656714
palak,289,5,294,193.1972789115646
sovereign,157,163,320,3.75
chezarae,6,9,15,40.0
carter,10038,206833,216871,181.48576803722028
willie,146197,450188,596385,101.94454924251953
winnie,27109,228,27337,196.66386216483153
tziah,12,38,50,104.0
blythe,5168,273,5441,179.93015989707774
kylynn,1331,87,1418,175.45839210155148
tanisha,19340,21,19361,199.5661381127008
nole,5,190,195,189.74358974358972
anthym,6,5,11,18.181818181818183
janari,146,233,379,45.91029023746702
zakhari,26,405,431,175.87006960556843
argyle,24,118,142,132.3943661971831
jace,868,91544,92412,196.2429121759079
kayl,24,211,235,159.14893617021278
kipp,5,2484,2489,199.19646444355163
nairobi,1561,35,1596,191.2280701754386
vegas,145,328,473,77.3784355179704
salome,4942,682,5624,151.49359886201992
jaziel,107,9262,9369,195.43174298217525
bishop,111,6980,7091,193.73854181356648
korbynn,21,8,29,89.65517241379311
magdiel,26,608,634,183.596214511041
kerin,1318,277,1595,130.5329153605016
nakhari,6,25,31,122.58064516129032
fate,143,1186,1329,156.96012039127163
ilham,272,33,305,156.72131147540983
adair,1420,1797,3217,23.437985700963633
laney,14024,336,14360,190.64066852367688
taige,103,118,221,13.574660633484163
rana,4553,179,4732,184.8689771766695
clara,300524,1016,301540,198.65225177422565
donovan,220,61684,61904,198.5784440423882
danyelle,5769,37,5806,197.45091284877714
guadalupe,66916,25081,91997,90.94861788971379
brya,355,6,361,193.35180055401662
gage,246,60809,61055,198.38833838342478
elena,108013,104,108117,199.61523164719702
amiere,7,117,124,177.41935483870967
videl,248,29,277,158.12274368231047
marguerite,94022,101,94123,199.5707744122053
sakai,90,554,644,144.09937888198758
rande,188,428,616,77.92207792207793
donyale,354,79,433,127.02078521939954
terron,32,2494,2526,194.93269992082344
modie,42,7,49,142.85714285714286
rose,500586,2118,502704,198.31471402654446
happy,270,310,580,13.793103448275861
gabreil,22,235,257,165.75875486381324
christan,1366,1578,2944,14.402173913043478
mikie,42,240,282,140.4255319148936
babygirl,2069,6,2075,198.8433734939759
erich,32,11674,11706,198.9065436528276
alexxis,1197,6,1203,198.00498753117205
zenith,448,427,875,4.8
norvel,5,840,845,197.63313609467457
sheril,704,5,709,197.17912552891397
michele,223299,2764,226063,195.10932793070958
lauren,475577,5818,481395,195.16571630365917
mckel,5,5,10,0.0
memory,1350,6,1356,198.23008849557522
jessi,6553,1321,7874,132.8930657861316
bree,9287,17,9304,199.26913155631988
jax,224,25085,25309,196.45975739855388
emir,5,5615,5620,199.644128113879
tammy,332015,1392,333407,198.32996907683403
khiry,7,1164,1171,197.60888129803587
raymi,21,19,40,10.0
jenner,15,547,562,189.3238434163701
naja,1275,6,1281,198.12646370023418
irma,73769,252,74021,198.63822428770214
jaque,23,135,158,141.77215189873417
krys,47,17,64,93.75
orean,102,16,118,145.76271186440678
rosaire,10,327,337,188.13056379821958
arnie,235,2088,2323,159.53508394317691
boluwatife,78,127,205,47.80487804878049
harmony,36226,39,36265,199.56983317248037
kenna,13536,245,13781,192.88875988680067
noey,10,29,39,97.43589743589743
veral,13,49,62,116.12903225806453
altonia,5,7,12,33.33333333333333
danniel,186,2418,2604,171.42857142857142
cleotha,292,750,1042,87.90786948176583
tracy,251393,61501,312894,121.37784681074102
love,4797,988,5785,131.68539325842696
kelle,2302,43,2345,192.66524520255862
shelden,5,275,280,192.85714285714286
egypt,4726,820,5546,140.8582762351244
tarrie,104,5,109,181.65137614678898
christa,32843,27,32870,199.671432917554
keegan,3805,38519,42324,164.03931575465458
williams,24,6126,6150,198.4390243902439
kahmani,36,46,82,24.390243902439025
phuc,7,277,284,190.14084507042253
taiwan,71,842,913,168.89375684556407
laughlin,7,17,24,83.33333333333334
jesy,5,10,15,66.66666666666666
amelia,281130,284,281414,199.59632427668842
yeab,5,85,90,177.77777777777777
lynel,64,15,79,124.0506329113924
marsha,104191,251,104442,199.03870090576586
bevely,131,13,144,163.88888888888889
derian,135,1524,1659,167.4502712477396
chaska,10,67,77,148.05194805194805
domonique,5172,1892,7064,92.8652321630804
andreina,1277,6,1283,198.12938425565082
galen,560,16500,17060,186.86987104337632
ashante,1458,172,1630,157.7914110429448
issac,17,24554,24571,199.72325098693582
wendy,262325,951,263276,198.5551284583479
riplee,63,39,102,47.05882352941176
emarii,5,5,10,0.0
joslin,1406,10,1416,197.17514124293785
antwon,5,6388,6393,199.68715782887534
derrie,22,51,73,79.45205479452055
marvis,1366,1102,2468,21.39384116693679
pang,615,11,626,192.97124600638978
kene,5,28,33,139.3939393939394
demetress,122,12,134,164.17910447761196
renata,14610,6,14616,199.8357963875205
anuoluwa,48,5,53,162.26415094339623
amaury,5,1467,1472,198.6413043478261
chene,64,11,75,141.33333333333334
michell,6995,588,7583,168.9832520110774
zaryn,33,55,88,50.0
ekko,67,71,138,5.797101449275362
amyrie,189,5,194,189.69072164948452
kaimani,125,237,362,61.87845303867403
robyn,63364,1240,64604,192.3224568138196
knoxlee,130,54,184,82.6086956521739
oakland,292,1409,1701,131.33450911228687
wendolyn,1166,10,1176,196.59863945578232
adly,24,5,29,131.0344827586207
jolly,119,348,467,98.07280513918629
makia,1353,28,1381,191.88993482983346
judea,485,152,637,104.55259026687598
jacob,2305,988227,990532,199.06918706311356
riggs,5,2986,2991,199.33132731527917
sayer,16,401,417,184.65227817745804
marrion,378,620,998,48.49699398797595
kyle,8933,485780,494713,192.7772263918676
laetyn,15,10,25,40.0
patt,400,10,410,190.2439024390244
orlean,543,22,565,184.42477876106193
carlyle,215,3856,4071,178.87496929501353
leith,110,659,769,142.78283485045512
shaquiel,5,51,56,164.28571428571428
macklin,48,2529,2577,192.54947613504075
hael,10,23,33,78.78787878787878
khali,1387,700,2087,65.83612841399137
kadyn,1434,3298,4732,78.78275570583263
kiko,125,157,282,22.69503546099291
axel,209,72459,72668,198.8495623933506
cidney,875,17,892,192.37668161434976
neon,7,85,92,169.56521739130434
bless,319,492,811,42.66337854500616
hannon,10,62,72,144.44444444444443
cohen,389,23040,23429,193.35865807332792
dailen,5,448,453,195.5849889624724
jaeden,881,5282,6163,142.8200551679377
marcus,1342,241657,242999,197.79093741126508
mannon,5,7,12,33.33333333333333
deaven,184,581,765,103.79084967320263
xavier,868,160332,161200,197.84615384615384
millan,11,251,262,183.206106870229
innis,5,43,48,158.33333333333331
waldo,6,5716,5722,199.58056623558195
myah,10249,6,10255,199.76596782057533
harin,26,17,43,41.86046511627907
hayley,51403,46,51449,199.64236428307643
shonnon,31,23,54,29.629629629629626
clair,4310,12041,16351,94.56302366827717
brighten,98,165,263,50.950570342205324
gerren,38,552,590,174.23728813559322
nadar,61,10,71,143.66197183098592
jewell,29442,4684,34126,145.09757955810818
michaele,1816,21,1837,195.4273271638541
arsha,33,51,84,42.857142857142854
piper,62718,216,62934,198.62713318714844
shahed,143,10,153,173.8562091503268
adryn,6,26,32,125.0
cleveland,87,21945,22032,198.42047930283223
cailen,197,251,448,24.107142857142858
dexter,218,36582,36800,197.6304347826087
erice,30,234,264,154.54545454545453
shayvon,28,5,33,139.3939393939394
khyri,18,454,472,184.74576271186442
harpreet,254,249,503,1.9880715705765408
kymoni,151,260,411,53.04136253041363
rihan,72,338,410,129.7560975609756
carrel,11,395,406,189.16256157635468
wildred,31,5,36,144.44444444444443
ryen,1059,1332,2391,22.835633626097867
aradhya,382,5,387,194.83204134366926
osa,683,87,770,154.80519480519482
elisha,14366,15668,30034,8.67017380302324
kipley,5,27,32,137.5
maddix,385,2099,2484,138.00322061191625
oralia,5758,5,5763,199.65295852854416
skyy,1851,138,1989,172.2473604826546
lesley,34301,4797,39098,150.92332088597882
pablo,69,50370,50439,199.45280437756497
braydan,10,1180,1190,196.63865546218486
torri,3087,352,3439,159.0578656586217
morghan,1296,5,1301,198.4627209838586
munachimso,195,137,332,34.93975903614458
maveryk,5,232,237,191.56118143459915
isley,1181,294,1475,120.27118644067795
rilynn,3660,70,3730,192.49329758713137
xylo,48,252,300,136.0
collynn,11,5,16,75.0
ambrose,43,10868,10911,198.42360920172302
ellison,5695,2963,8658,63.10926310926311
keilani,5304,5,5309,199.62328122056886
kyndal,4688,139,4827,188.48145846281335
mikala,4008,10,4018,199.00447984071675
aman,180,2453,2633,172.6547664261299
berklee,1242,27,1269,191.48936170212767
renae,14141,33,14174,199.0687173698321
bryden,28,1940,1968,194.3089430894309
jourdan,2324,1869,4193,21.702838063439064
zymir,5,1996,2001,199.00049975012496
asai,12,327,339,185.84070796460176
shelley,72586,1753,74339,190.56753521032027
cacey,207,23,230,160.0
armonni,32,5,37,145.94594594594594
zyarie,5,31,36,144.44444444444443
epic,49,224,273,128.2051282051282
lennin,6,291,297,191.91919191919192
averil,403,43,446,161.43497757847533
mashawn,62,37,99,50.505050505050505
shayla,30933,17,30950,199.78029079159936
mayar,942,38,980,184.48979591836735
jahnai,109,16,125,148.8
camaren,5,54,59,166.10169491525423
shan,864,2224,3088,88.08290155440415
lavoris,163,212,375,26.13333333333333
bell,2496,130,2626,180.1980198019802
criss,114,598,712,135.95505617977528
raylee,5037,94,5131,192.67199376339894
ruben,655,116552,117207,197.7646386307985
kenlyn,255,42,297,143.43434343434342
devone,122,730,852,142.72300469483568
suriya,240,10,250,184.0
nabi,79,36,115,74.78260869565217
rustyn,5,444,449,195.5456570155902
cleone,1320,5,1325,198.49056603773585
lesile,45,5,50,160.0
buster,5,8173,8178,199.75544142822207
billye,3360,112,3472,187.09677419354838
candy,28525,100,28625,198.60262008733625
olivia,567345,791,568136,199.44309109086558
celina,16295,6,16301,199.85276976872584
lamoine,83,323,406,118.22660098522168
dynver,400,58,458,149.34497816593887
jammy,130,332,462,87.44588744588745
briane,296,55,351,137.32193732193733
mosie,48,128,176,90.9090909090909
lora,52235,249,52484,198.1022787897264
charle,132,929,1061,150.23562676720076
dominion,5,109,114,182.45614035087718
tylen,20,1842,1862,195.70354457572503
ansley,11878,290,12168,190.46679815910585
ross,421,81872,82293,197.95365340915995
cedar,1462,2629,4091,57.052065509655336
melody,114914,170,115084,199.4091272461854
arcie,53,17,70,102.85714285714285
deavion,193,370,563,62.87744227353463
hilery,36,73,109,67.88990825688074
delore,10,31,41,102.4390243902439
story,1889,159,2048,168.9453125
trine,310,40,350,154.2857142857143
kaysin,5,378,383,194.77806788511748
kamyri,100,13,113,153.98230088495575
shadi,247,719,966,97.72256728778468
ruby,376570,3114,379684,196.7193771662751
masyn,738,1501,2239,68.15542652970076
keyontae,13,475,488,189.34426229508196
jaymee,2207,23,2230,195.8744394618834
keagen,22,1047,1069,191.76800748362956
nehemiah,635,21804,22439,188.6804224787201
faye,72142,518,72660,197.14836223506745
tateum,25,53,78,71.7948717948718
beni,83,167,250,67.2
kila,931,5,936,197.86324786324786
arlie,2585,6712,9297,88.7813273098849
adan,146,31478,31624,198.1533012901594
quinlin,5,200,205,190.2439024390244
kiera,21851,19,21870,199.652491998171
yuriah,95,88,183,7.650273224043716
torrian,11,581,592,192.56756756756758
ademide,22,128,150,141.33333333333334
rai,141,379,520,91.53846153846153
virgil,1444,72009,73453,192.1364682177719
garner,59,2279,2338,189.9059024807528
tessa,55926,13,55939,199.90704159888452
shakti,222,11,233,181.11587982832617
estill,7,1246,1253,197.76536312849163
jammie,4046,2440,6486,49.52204748689485
kenya,25412,2141,27553,168.91808514499328
stevy,33,5,38,147.36842105263156
nicolas,179,101585,101764,199.29641130458708
taji,131,514,645,118.75968992248063
peni,144,5,149,186.5771812080537
jerami,6,380,386,193.78238341968913
macyn,932,142,1074,147.11359404096834
lea,33848,620,34468,192.80492050597655
lowe,48,52,100,8.0
kristan,5545,650,6195,158.03066989507667
khrystian,15,115,130,153.84615384615387
fonnie,147,39,186,116.12903225806453
aime,1850,474,2324,118.41652323580034
kawena,181,15,196,169.3877551020408
iceland,98,11,109,159.63302752293578
dangel,15,33,48,75.0
sheon,5,5,10,0.0
davan,78,253,331,105.74018126888218
vann,24,2057,2081,195.38683325324365
lucille,232571,750,233321,198.71421775150972
denzil,68,3775,3843,192.92219620088474
cosby,23,212,235,160.85106382978725
rosanna,14636,6,14642,199.83608796612484
io,190,36,226,136.28318584070794
parris,1669,1903,3572,13.101903695408733
quincee,332,31,363,165.84022038567494
wai,88,174,262,65.64885496183206
burlie,40,139,179,110.6145251396648
caesare,10,42,52,123.07692307692308
beckham,310,20329,20639,193.99195697465962
sailor,3603,687,4290,135.94405594405595
loney,280,505,785,57.324840764331206
kyrian,5,423,428,195.32710280373834
mel,508,3693,4201,151.63056415139252
wille,41,366,407,159.7051597051597
rayann,1645,5,1650,198.78787878787878
donya,2341,265,2606,159.32463545663853
nylin,10,39,49,118.36734693877551
aidynn,76,85,161,11.180124223602485
neddie,65,32,97,68.04123711340206
pranjal,29,23,52,23.076923076923077
cortez,89,10899,10988,196.7601019293775
logen,168,1314,1482,154.65587044534414
glyn,92,1383,1475,175.0508474576271
haile,846,227,1073,115.37744641192917
caley,2481,151,2632,177.05167173252278
danye,12,41,53,109.43396226415094
quincie,329,5,334,194.0119760479042
cayse,20,75,95,115.78947368421053
marcellus,5,9603,9608,199.7918401332223
camrynn,682,36,718,179.9442896935933
damonii,12,30,42,85.71428571428571
tandy,1165,714,1879,48.00425758382118
kanari,171,58,229,98.68995633187772
bari,1806,158,1964,167.82077393075357
jasia,577,6,583,195.88336192109776
olga,61872,198,62070,198.72402126631223
jayonni,59,19,78,102.56410256410255
christy,98576,1960,100536,192.2017983607862
kavon,41,2786,2827,194.19879731163778
tommy,2942,178733,181675,193.52249896793725
douglas,2073,560013,562086,198.52478090541305
khosen,5,61,66,169.6969696969697
jamani,340,423,763,21.756225425950195
callan,1470,11164,12634,153.45892037359505
ahanna,5,5,10,0.0
aster,752,356,1108,71.48014440433214
elery,5,318,323,193.80804953560371
nirvana,1634,12,1646,197.0838396111786
embree,444,10,454,191.18942731277534
nalo,12,70,82,141.46341463414635
lula,85248,339,85587,198.41564723614567
amar,345,4989,5334,174.12823397075366
moni,94,6,100,176.0
deandra,4927,857,5784,140.73305670816046
mahlon,23,5660,5683,198.3811367235615
aerys,24,50,74,70.27027027027027
oluwasemilore,85,98,183,14.207650273224044
haziel,19,1700,1719,195.57882489819661
darian,6256,17041,23297,92.58702837275186
khai,486,3184,3670,147.0299727520436
eldrid,5,23,28,128.57142857142858
luz,27874,931,28805,187.07168894289185
deante,5,2716,2721,199.26497611172363
freddi,63,70,133,10.526315789473683
anis,70,356,426,134.27230046948358
tierre,117,380,497,105.83501006036218
zacharia,22,1736,1758,194.99431171786122
dominquie,5,5,10,0.0
ramelle,47,11,58,124.13793103448276
lynnix,278,23,301,169.43521594684384
saul,74,43288,43362,199.3173746598404
britan,11,26,37,81.08108108108108
rogers,21,7035,7056,198.80952380952382
jeris,116,173,289,39.44636678200692
dondrea,76,17,93,126.88172043010752
pam,33125,23,33148,199.7224568601424
say,62,30,92,69.56521739130434
theresa,404613,1218,405831,198.79950028460124
aisa,558,5,563,196.4476021314387
seng,84,239,323,95.97523219814241
iversyn,25,10,35,85.71428571428571
zelma,16824,112,16936,197.3547472838923
danae,7443,6,7449,199.67780910189288
keymoni,111,64,175,53.714285714285715
hebron,5,77,82,175.609756097561
pearlie,18129,699,18828,185.14977692797962
fennec,10,139,149,173.15436241610738
raelyn,15768,96,15864,197.57942511346445
scottland,15,18,33,18.181818181818183
jeran,8,497,505,193.66336633663366
zayde,43,489,532,167.66917293233084
kamsiyochukwu,133,192,325,36.30769230769231
aarian,64,190,254,99.21259842519686
tuong,5,6,11,18.181818181818183
tery,34,130,164,117.07317073170731
shamaree,29,5,34,141.1764705882353
everson,28,835,863,187.02201622247972
kaedence,576,32,608,178.94736842105263
korbyn,778,3504,4282,127.32368052312005
riyaan,34,588,622,178.13504823151126
solar,120,110,230,8.695652173913043
azeriah,54,29,83,60.24096385542169
arlo,890,24245,25135,185.83648299184404
elyn,568,11,579,192.4006908462867
lawon,5,5,10,0.0
marrin,40,16,56,85.71428571428571
camarie,229,21,250,166.4
kadian,87,69,156,23.076923076923077
jaise,22,257,279,168.45878136200716
ishimwe,32,30,62,6.451612903225806
arona,15,6,21,85.71428571428571
zariah,14164,149,14313,195.83595332914135
jared,768,206351,207119,198.51679469290602
laykin,569,60,629,161.8441971383148
alyson,29730,10,29740,199.86550100874243
shailen,5,80,85,176.47058823529412
lacy,20211,6474,26685,102.9567172568859
kove,147,401,548,92.7007299270073
divya,2669,16,2685,197.61638733705774
meco,43,43,86,0.0
raelin,792,5,797,197.4905897114178
leonard,1412,294334,295746,198.09025312261198
sypher,5,5,10,0.0
chanler,176,458,634,88.95899053627761
eyram,37,30,67,20.8955223880597
mehar,626,46,672,172.61904761904762
saylor,14482,880,15362,177.08631688582216
breion,45,153,198,109.09090909090908
kohyn,22,83,105,116.1904761904762
terren,169,559,728,107.14285714285714
mckale,6,198,204,188.23529411764704
saia,214,13,227,177.09251101321587
alana,68264,31,68295,199.81843473167876
salma,10311,5,10316,199.80612640558354
townsend,11,871,882,195.01133786848072
tommie,17769,34446,52215,63.87819592071244
terrian,119,282,401,81.29675810473816
rubie,5271,46,5317,196.53940191837503
imena,21,10,31,70.96774193548387
kieryn,195,61,256,104.6875
emary,193,13,206,174.75728155339806
nur,647,216,863,99.88412514484357
rivan,10,224,234,182.9059829059829
blaize,275,1899,2174,149.40202391904324
jacqui,875,13,888,194.14414414414415
sylvester,627,43230,43857,194.28141459744168
rori,3301,64,3365,192.3922734026746
timi,649,5,654,196.94189602446482
ahmi,67,43,110,43.63636363636363
tucker,404,55150,55554,197.09111855131945
mardie,62,5,67,170.1492537313433
jude,3024,53982,57006,178.78118092832332
royse,10,26,36,88.88888888888889
shaquez,5,28,33,139.3939393939394
dessiah,17,99,116,141.3793103448276
jung,151,154,305,1.9672131147540985
jerrod,10,9361,9371,199.57315121118344
olis,35,114,149,106.04026845637584
aire,25,74,99,98.98989898989899
zora,10202,46,10248,198.20452771272443
shaquile,7,120,127,177.9527559055118
martine,2705,313,3018,158.51557322730287
shadoe,68,187,255,93.33333333333333
avneet,523,5,528,196.21212121212122
asten,8,46,54,140.74074074074073
nor,34,6,40,140.0
solaris,156,92,248,51.61290322580645
tari,2274,46,2320,192.06896551724137
marissa,120842,270,121112,199.10826342558954
zackery,5,17748,17753,199.88734298428434
qamar,383,171,554,76.53429602888086
ty,737,47607,48344,193.9020354128744
adie,151,16,167,161.67664670658684
almar,5,5,10,0.0
daryan,260,579,839,76.04290822407627
ramsey,2259,6602,8861,98.02505360568784
dailey,284,101,385,95.06493506493506
haden,167,3886,4053,183.51838144584258
destin,752,6124,6876,156.25363583478767
jasey,653,5,658,196.96048632218844
leavy,6,169,175,186.28571428571428
ziyon,109,876,985,155.73604060913706
reily,366,536,902,37.6940133037694
seann,5,517,522,196.1685823754789
courtlin,13,51,64,118.75
harriet,90306,121,90427,199.46476163092882
keylin,1180,315,1495,115.71906354515049
tristain,11,364,375,188.26666666666668
cristina,52428,270,52698,197.95058636001366
rosario,10974,5611,16585,64.67289719626169
shay,8227,5024,13251,48.343521243679724
chozyn,225,486,711,73.41772151898735
nettie,49443,88,49531,199.2893339524742
abiyah,27,10,37,91.8918918918919
fabian,327,44250,44577,197.06575139646006
johanna,54247,129,54376,199.05105193467708
quinnie,84,5,89,177.52808988764045
yinessa,6,5,11,18.181818181818183
chaun,11,435,446,190.13452914798205
dhani,97,244,341,86.21700879765396
demilade,41,76,117,59.82905982905983
ayrion,6,6,12,0.0
wayne,1604,354818,356422,198.19988665121681
corbie,12,5,17,82.35294117647058
mateo,85,126693,126778,199.7318146681601
frank,4611,915978,920589,197.99650006680505
albie,125,294,419,80.66825775656325
atzi,284,6,290,191.72413793103448
jodye,64,5,69,171.0144927536232
brit,147,628,775,124.12903225806451
harlo,447,306,753,37.45019920318725
kyndle,529,12,541,191.12754158964879
zahari,297,255,552,15.217391304347828
tyrelle,16,825,841,192.39001189060642
harley,31167,40705,71872,26.541629563668746
endy,15,534,549,189.07103825136613
deari,322,5,327,193.88379204892968
navari,11,96,107,158.87850467289718
dezire,962,28,990,188.68686868686868
na,223,34,257,147.08171206225683
lux,1653,1528,3181,7.859163784973279
justyce,2491,679,3170,114.32176656151421
tamari,705,406,1111,53.82538253825383
rus,92,11,103,157.28155339805824
leshun,7,21,28,100.0
arieon,66,139,205,71.21951219512195
faith,147851,291,148142,199.2142673920968
wanda,281214,972,282186,198.6221853670983
suttyn,361,9,370,190.2702702702703
righteous,55,278,333,133.93393393393393
trey,97,40476,40573,199.043699011658
richard,9530,2577552,2587082,198.52652525122897
daina,2522,5,2527,199.20854768500197
wylie,792,6073,6865,153.85287691187182
aylin,16872,63,16935,198.51195748449953
jaydeen,77,185,262,82.44274809160305
arline,17590,36,17626,199.1830250765914
luddie,201,23,224,158.92857142857142
zachery,38,29836,29874,199.4911963580371
arville,11,758,769,194.27828348504553
haddon,53,821,874,175.7437070938215
daley,472,152,624,102.56410256410255
light,78,162,240,70.0
marion,189218,72495,261713,89.19923733249782
dona,18857,175,19032,196.32198402690207
dalys,17,7,24,83.33333333333334
konner,159,5631,5790,189.01554404145077
brenner,10,1222,1232,196.75324675324674
iridian,581,7,588,195.23809523809524
leslie,270429,112989,383418,82.12446989969172
aari,30,77,107,87.85046728971963
tamiko,3001,42,3043,194.47913243509694
yeabsira,13,41,54,103.7037037037037
mona,45787,31,45818,199.72936400541272
rayden,367,6570,6937,178.83811445869972
yarel,620,281,901,75.24972253052165
khamari,642,2445,3087,116.81243926141885
loyalty,2334,442,2776,136.31123919308357
regan,16307,3746,20053,125.27801326484816
tayten,94,591,685,145.1094890510949
aaliyan,123,41,164,100.0
emori,1386,155,1541,159.76638546398442
neng,5,78,83,175.9036144578313
kiryn,56,28,84,66.66666666666666
braiden,152,7637,7789,192.1941199126974
juna,1039,5,1044,198.08429118773947
zaire,1432,9465,10897,147.4350738735432
lucious,5,4831,4836,199.58643507030604
susan,1123481,2541,1126022,199.097353337679
marquette,652,1277,1929,64.80041472265422
bronnie,65,8,73,156.16438356164383
reiss,64,211,275,106.9090909090909
marlo,7264,3680,10944,65.49707602339181
oaklyn,5027,373,5400,172.37037037037038
carlis,178,1221,1399,149.10650464617584
zyair,142,3049,3191,182.19993732372296
evie,21857,92,21949,198.32338603125427
kegan,237,3848,4085,176.79314565483477
canyon,259,3827,4086,174.645129711209
hailey,181434,276,181710,199.39243850090804
shaquill,17,155,172,160.46511627906978
hiro,5,912,917,197.81897491821155
breckin,162,1253,1415,154.20494699646642
lawren,1098,59,1157,179.60242005185825
tao,10,433,443,190.97065462753952
jamiah,2460,355,2815,149.55595026642985
quante,6,294,300,192.0
tyrice,29,965,994,188.32997987927564
unkown,42,49,91,15.384615384615385
cheron,635,99,734,146.04904632152588
josia,5,144,149,186.5771812080537
sherill,1019,61,1080,177.40740740740742
eliya,836,196,1032,124.03100775193798
layken,1240,310,1550,120.0
philip,1137,344036,345173,198.6823998400802
jourdin,146,81,227,57.268722466960355
humberto,10,16983,16993,199.7646089566292
torian,225,1545,1770,149.15254237288136
amrit,421,582,1003,32.103688933200395
temidayo,21,95,116,127.58620689655173
romain,5,536,541,196.30314232902032
vaden,6,568,574,195.81881533101046
jaimison,5,15,20,100.0
khari,1954,4766,6720,83.69047619047619
maxim,6,6992,6998,199.65704486996285
weston,120,75907,76027,199.3686453496784
grace,534935,1405,536340,198.95215721370772
dai,90,122,212,30.18867924528302
linzy,974,565,1539,53.15139701104613
maki,211,519,730,84.38356164383562
ronnelle,16,7,23,78.26086956521739
joda,95,17,112,139.28571428571428
maize,196,105,301,60.46511627906976
kyann,376,10,386,189.63730569948189
boe,22,1079,1101,192.00726612170754
tarae,109,10,119,166.38655462184875
shandy,728,115,843,145.43297746144722
mackensie,904,5,909,197.79977997799782
enrique,260,61234,61494,198.3087780921716
wavie,261,46,307,140.06514657980455
eris,2805,538,3343,135.62668262040083
bobbye,3172,97,3269,188.13092688895688
van,1762,29432,31194,177.40591139321666
alfreda,11383,35,11418,198.77386582588895
taytem,211,16,227,171.80616740088107
maxx,111,4078,4189,189.40081164955836
yeshia,82,10,92,156.52173913043478
clellie,7,5,12,33.33333333333333
tron,7,541,548,194.8905109489051
charlee,19268,481,19749,190.2577345688389
teylor,346,45,391,153.96419437340154
mieko,316,5,321,193.76947040498442
pryce,55,1282,1337,183.54525056095736
ozell,1116,1725,2841,42.87222808870116
eunice,80336,1178,81514,194.21939789484014
armanie,192,61,253,103.55731225296442
zihan,42,66,108,44.44444444444444
arvie,270,479,749,55.80774365821095
royale,930,678,1608,31.343283582089555
harrison,324,99138,99462,198.6969898051517
brienne,1504,5,1509,198.67461895294898
julis,5,221,226,191.1504424778761
yen,564,47,611,169.23076923076923
torance,39,42,81,7.4074074074074066
marche,411,7,418,193.30143540669857
ashlie,10073,5,10078,199.80154792617583
rayon,11,536,547,191.95612431444243
ulysses,25,18655,18680,199.4646680942184
zane,564,56664,57228,196.05787376808556
vola,677,17,694,190.20172910662825
theodora,12654,49,12703,198.45705738801857
okla,238,16,254,174.8031496062992
lorell,304,42,346,151.4450867052023
willa,32824,24,32848,199.70774476376033
louis,2847,406470,409317,197.2178042934938
ronell,326,1623,1949,133.09389430477168
rollie,24,3570,3594,197.3288814691152
shondel,24,24,48,0.0
riane,534,5,539,196.28942486085344
yohanan,10,118,128,168.75
emmaus,13,210,223,176.68161434977577
atticus,121,18322,18443,197.3756980968389
keiran,143,1043,1186,151.77065767284992
jamy,750,384,1134,64.55026455026454
dalton,432,85710,86142,197.99400989064569
kemoni,440,402,842,9.026128266033254
lucy,236969,644,237613,198.91588423192334
mikayla,56713,11,56724,199.92243142232564
shamell,65,128,193,65.28497409326425
brennan,2229,33258,35487,174.87530645024938
addington,10,8,18,22.22222222222222
rayel,74,6,80,170.0
rendy,141,17,158,156.96202531645568
kellie,50754,354,51108,197.22939657196525
brenin,5,200,205,190.2439024390244
zoel,36,120,156,107.6923076923077
alden,952,18221,19173,180.13873676524278
mya,62305,58,62363,199.6279845421163
kayon,6,350,356,193.25842696629215
kimm,392,96,488,121.31147540983606
maclaren,40,23,63,53.96825396825397
nicola,5078,3012,8090,51.075401730531524
tayden,171,3023,3194,178.58484658735128
kao,244,475,719,64.25591098748261
jarred,8,13255,13263,199.75872728643594
bradynn,5,15,20,100.0
abie,67,733,800,166.5
maud,13159,31,13190,199.05989385898408
verlan,5,319,324,193.82716049382717
erlin,11,362,373,188.20375335120642
aadyn,16,595,611,189.5253682487725
leyan,145,7,152,181.57894736842107
jayce,1739,45423,47162,185.2508375386964
cyre,39,26,65,40.0
kunta,8,303,311,189.71061093247587
nitya,1136,10,1146,196.50959860383944
baraka,23,393,416,177.8846153846154
ilhan,422,167,589,86.5874363327674
keron,76,970,1046,170.93690248565966
demeatrice,41,18,59,77.96610169491525
hershel,5,10329,10334,199.80646409909036
jaqueline,15508,23,15531,199.40763634022278
jean,458436,25039,483475,179.28414085526657
reili,5,6,11,18.181818181818183
estefany,5660,5,5665,199.64695498676082
nephtali,6,132,138,182.6086956521739
atlas,1333,25893,27226,180.41577903474618
viridiana,4268,5,4273,199.5319447694828
hasel,400,6,406,194.08866995073893
tillman,7,3732,3739,199.25113666755817
itamar,16,310,326,180.3680981595092
tiera,4075,6,4081,199.4119088458711
gold,28,16,44,54.54545454545454
andera,735,18,753,190.4382470119522
angie,65665,131,65796,199.2035990029789
anissa,12498,5,12503,199.84003839078622
oluwatise,23,57,80,85.0
tija,114,5,119,183.19327731092437
harland,24,5813,5837,198.3553195134487
jordy,247,6687,6934,185.7513700605711
harnoor,368,97,465,116.55913978494623
iniki,45,7,52,146.15384615384613
mccauley,21,94,115,126.95652173913044
jonay,151,10,161,175.1552795031056
bethel,5221,1016,6237,134.8404681738015
laura,801811,2579,804390,198.717537512898
hadyn,492,548,1040,10.76923076923077
davin,344,10636,10980,187.46812386156648
lawanda,12093,6,12099,199.8016364988842
tennyson,398,1188,1586,99.62168978562421
graylyn,134,5,139,185.6115107913669
max,1119,167458,168577,197.34483351821424
jamarie,113,643,756,140.2116402116402
ozie,1235,933,2168,27.85977859778598
mickael,11,1492,1503,197.07252162341982
darrie,21,104,125,132.8
tresor,10,26,36,88.88888888888889
damir,5,3444,3449,199.42012177442737
nyle,44,2173,2217,192.06134415877312
xavia,766,11,777,194.33719433719435
monnie,1861,258,2119,151.2977819726286
kyree,919,8202,9121,159.69740160070168
shawan,236,59,295,120.0
suede,120,393,513,106.43274853801171
suan,106,61,167,53.89221556886228
melvin,2139,244936,247075,196.53708388141254
richie,431,7144,7575,177.24092409240924
oziyah,5,7,12,33.33333333333333
tamryn,398,15,413,185.4721549636804
temani,10,10,20,0.0
carline,1656,5,1661,198.7959060806743
carmelo,5,13168,13173,199.84817429590828
weylyn,24,202,226,157.52212389380531
dah,17,20,37,16.216216216216218
oluwafikayomi,26,17,43,41.86046511627907
marshay,766,5,771,197.40596627756162
joee,94,5,99,179.7979797979798
lupe,18621,6025,24646,102.21536963401769
jona,1751,526,2277,107.59771629336848
jasyah,19,112,131,141.98473282442748
daniella,33889,6,33895,199.92919309632688
elver,49,305,354,144.63276836158192
yaphet,5,261,266,192.4812030075188
mychel,10,10,20,0.0
linux,5,82,87,177.01149425287358
anias,31,390,421,170.5463182897862
neyamiah,6,5,11,18.181818181818183
omani,80,73,153,9.15032679738562
robie,642,1176,1818,58.745874587458744
reeve,239,944,1183,119.18850380388841
moxley,22,97,119,126.05042016806722
giordan,14,114,128,156.25
rondell,67,2798,2865,190.6457242582897
coley,348,2029,2377,141.43878838872527
chasity,24414,23,24437,199.62352170888406
theryn,16,43,59,91.52542372881356
johany,106,50,156,71.7948717948718
teagan,29421,5595,35016,136.08636052090472
kannon,141,6040,6181,190.87526290244296
quillie,36,47,83,26.506024096385545
adryan,189,1410,1599,152.72045028142588
deveraux,5,34,39,148.71794871794873
misty,84654,237,84891,198.88327384528395
chadney,5,43,48,158.33333333333331
kaylynn,12252,5,12257,199.83682793505753
rocket,45,384,429,158.04195804195805
alfonso,115,41464,41579,198.89367228649078
fidelis,114,49,163,79.75460122699386
astin,157,452,609,96.88013136288998
jan,54531,22403,76934,83.52094002651623
schell,5,7,12,33.33333333333333
yara,7534,31,7565,198.36087243886317
shermain,5,5,10,0.0
rain,3618,1188,4806,101.12359550561798
alonza,6,3315,3321,199.27732610659442
briar,7002,6347,13349,9.813469173720877
nekia,811,50,861,176.7711962833914
gabriella,137636,68,137704,199.802474873642
marqui,59,307,366,135.5191256830601
handy,5,538,543,196.31675874769797
tanay,331,573,904,53.53982300884957
nay,11,78,89,150.56179775280899
shakur,9,1613,1622,197.78051787916152
sher,124,177,301,35.21594684385382
welles,10,470,480,191.66666666666669
mendy,2160,899,3059,82.44524354364171
patsy,119448,7713,127161,175.73784415032912
kylian,12,3738,3750,198.72
chay,54,375,429,149.65034965034965
rema,1207,10,1217,196.71322925225965
selmer,10,759,769,194.79843953185957
gideon,32,22270,22302,199.4260604430096
bristol,11043,573,11616,180.2685950413223
norman,1602,253160,254762,197.48471122066871
donelle,1127,323,1450,110.89655172413792
makhari,45,334,379,152.5065963060686
chang,5,307,312,193.5897435897436
makkah,114,7,121,176.85950413223142
tarahji,109,7,116,175.86206896551724
rocco,5,31679,31684,199.93687665698775
malaki,5,4786,4791,199.58255061573783
amandeep,183,238,421,26.128266033254157
siyah,252,52,304,131.57894736842107
thelma,225460,1142,226602,197.98413076671875
markelle,125,232,357,59.943977591036415
koran,10,629,639,193.74021909233176
adna,585,12,597,191.95979899497488
tryston,10,1328,1338,197.01046337817638
oluwatobiloba,36,237,273,147.25274725274727
moran,5,52,57,164.91228070175438
chanel,19097,85,19182,198.22750495255968
carlan,25,40,65,46.15384615384615
vallon,22,43,65,64.61538461538461
kenyetta,2735,128,2863,182.1166608452672
dayln,6,89,95,174.73684210526318
ralph,1840,414018,415858,198.2301651044347
alpha,7188,2857,10045,86.23195619711299
makhi,52,4131,4183,195.0274922304566
chea,80,15,95,136.8421052631579
greycen,11,195,206,178.64077669902915
selester,5,5,10,0.0
tallie,561,112,673,133.43239227340266
cai,495,1450,1945,98.20051413881748
anaiah,3445,18,3463,197.92087785157378
dane,386,33593,33979,195.4560169516466
perfect,36,18,54,66.66666666666666
caton,58,199,257,109.72762645914398
oceann,58,13,71,126.7605633802817
khamoni,58,60,118,3.389830508474576
bowie,1285,2235,3520,53.97727272727273
brayden,1058,136548,137606,196.92455270845747
phenyx,123,35,158,111.39240506329114
matisse,220,362,582,48.797250859106526
oaklynd,27,61,88,77.27272727272727
bille,28,23,51,19.607843137254903
gianni,3429,15487,18916,127.48995559314866
wilde,17,151,168,159.52380952380955
anant,22,385,407,178.3783783783784
mitsuru,5,171,176,188.63636363636365
chozen,218,1555,1773,150.81782289904118
lynkin,6,178,184,186.95652173913044
carnie,22,90,112,121.42857142857142
benton,6,10415,10421,199.76969580654446
roxanne,59532,55,59587,199.63079195126454
benji,63,2285,2348,189.26746166950596
jonquil,214,55,269,118.21561338289963
nichelle,5543,5,5548,199.63950973323722
lyric,20875,4677,25552,126.78459611772072
ajaye,5,6,11,18.181818181818183
kristy,70524,179,70703,198.98731312674144
kiley,19175,1097,20272,178.35438042620365
phoenix,16064,24571,40635,41.87030884705303
early,373,3989,4362,165.79550664832647
dimitri,99,9594,9693,195.91457753017642
terrion,111,1679,1790,175.19553072625698
azahni,14,5,19,94.73684210526315
erron,15,860,875,193.14285714285714
shoua,282,83,365,109.04109589041096
saphir,5,5,10,0.0
chandlar,111,61,172,58.139534883720934
nichola,864,127,991,148.73864783047426
forever,606,94,700,146.28571428571428
hao,5,449,454,195.59471365638768
cairee,5,57,62,167.74193548387098
tailyn,786,38,824,181.55339805825244
quintin,7,15558,15565,199.8201092194025
adoniyah,12,6,18,66.66666666666666
cayle,133,250,383,61.096605744125334
ada,106905,278,107183,198.9625220417417
dennys,83,477,560,140.71428571428572
leandre,15,1659,1674,196.415770609319
alyric,364,17,381,182.1522309711286
audley,5,694,699,197.1387696709585
lourdes,14805,69,14874,198.1444130697862
corrie,8567,1284,9851,147.8631611003959
raevon,11,122,133,166.91729323308272
kenyatta,4255,3216,7471,27.814214964529516
monzerrat,564,5,569,196.48506151142357
andriel,31,196,227,145.37444933920705
keiren,5,93,98,179.59183673469389
aza,508,115,623,126.1637239165329
naomi,191547,290,191837,199.39531998519578
sadler,55,192,247,110.93117408906883
aundrey,5,315,320,193.75
vance,138,27012,27150,197.9668508287293
amiel,62,1251,1313,181.11195734958113
carlus,10,525,535,192.52336448598132
kaydence,17574,885,18459,180.8223630749228
yandel,9,3739,3748,199.0394877267876
clinnie,6,5,11,18.181818181818183
adali,702,24,726,186.77685950413223
kaia,20909,58,20967,198.89349930843707
warren,984,184518,185502,197.87818999256072
tyaire,10,387,397,189.92443324937028
matt,5,23887,23892,199.9162899715386
monserrat,8070,26,8096,198.71541501976284
shaunte,1698,88,1786,180.29115341545352
arya,29536,2335,31871,170.69436164538294
zephaniah,477,3380,3857,150.5315011667099
jonas,28,28560,28588,199.60822722820762
rilei,76,5,81,175.30864197530863
khylar,68,55,123,21.138211382113823
amerius,5,5,10,0.0
fernie,11,344,355,187.6056338028169
truly,1092,5,1097,198.17684594348222
adisson,119,5,124,183.8709677419355
yolanda,112918,537,113455,198.10673835441364
alijha,11,48,59,125.42372881355932
daylon,10,3284,3294,198.78567091681848
diabolique,14,7,21,66.66666666666666
eben,6,3608,3614,199.33591588267848
erike,17,11,28,42.857142857142854
chiquita,6219,6,6225,199.6144578313253
justiss,147,18,165,156.36363636363637
tevin,59,11717,11776,197.99592391304347
keani,526,54,580,162.75862068965517
keny,11,217,228,180.70175438596493
amil,264,982,1246,115.24879614767256
jiwoo,63,28,91,76.92307692307693
rozay,39,56,95,35.78947368421053
kore,12,77,89,146.06741573033707
reedie,5,10,15,66.66666666666666
maurya,130,26,156,133.33333333333331
elwood,53,20786,20839,198.98267671193435
rashaun,182,3132,3314,178.0325890162945
maddison,24063,53,24116,199.12091557472218
demauria,11,9,20,20.0
tyran,56,2279,2335,190.406852248394
siren,149,5,154,187.012987012987
lafrance,60,29,89,69.66292134831461
brion,89,2807,2896,187.707182320442
oakie,10,10,20,0.0
judaea,144,5,149,186.5771812080537
gagandeep,51,129,180,86.66666666666667
kamorie,86,10,96,158.33333333333331
jourdyn,811,136,947,142.55543822597676
reyn,50,298,348,142.52873563218392
taigen,36,26,62,32.25806451612903
ihsan,49,655,704,172.1590909090909
aaden,5,5074,5079,199.60622169718448
dylann,906,387,1293,80.2784222737819
gen,12,67,79,139.24050632911394
jorah,78,276,354,111.86440677966101
reise,119,122,241,2.4896265560165975
yardley,107,99,206,7.766990291262135
adriene,2377,61,2438,189.9917965545529
rommy,9,36,45,120.0
madrid,37,5,42,152.38095238095238
terin,343,181,524,61.832061068702295
johnelle,425,13,438,188.12785388127853
ekamjot,11,60,71,138.0281690140845
dajour,23,666,689,186.64731494920176
chesley,625,2294,2919,114.35423090099349
amory,630,679,1309,7.4866310160427805
yichen,75,231,306,101.96078431372548
kary,1962,1416,3378,32.326820603907635
nijah,1219,184,1403,147.54098360655738
ana,111359,601,111960,197.8528045730618
rubi,9051,14,9065,199.3822393822394
edner,33,7,40,130.0
iasiah,7,68,75,162.66666666666666
markell,219,4717,4936,182.25283630470017
vishwa,16,272,288,177.77777777777777
nieves,986,595,1581,49.46236559139785
kingslee,176,262,438,39.26940639269406
kaili,2890,41,2931,194.4046400545889
jahaan,5,254,259,192.27799227799227
kalifa,81,5,86,176.74418604651163
saned,5,6,11,18.181818181818183
leven,10,235,245,183.67346938775512
jewel,41485,5243,46728,155.1189864749187
joedy,15,181,196,169.3877551020408
kawaii,43,10,53,124.52830188679245
domanic,11,1192,1203,196.34247714048212
rmoni,122,23,145,136.55172413793105
vern,485,11497,11982,183.80904690368885
ailani,7899,6,7905,199.69639468690704
calen,226,2494,2720,166.76470588235296
giavonni,273,115,388,81.44329896907216
venice,2946,286,3232,164.60396039603958
blondell,1475,15,1490,195.97315436241612
ziyi,20,5,25,120.0
kylyn,397,151,548,89.78102189781022
tomeka,3628,6,3634,199.33957072096865
vennie,1339,71,1410,179.8581560283688
hiromi,322,16,338,181.06508875739644
odie,1589,2623,4212,49.097815764482434
eron,192,1396,1588,151.63727959697732
merdith,62,63,125,1.6
chevon,555,63,618,159.2233009708738
mancy,15,5,20,100.0
rainier,46,874,920,180.0
luis,1541,292959,294500,197.90696095076402
jessamyn,726,5,731,197.2640218878249
amaru,41,984,1025,184.0
breyan,10,20,30,66.66666666666666
nasri,5,98,103,180.58252427184468
zyrie,37,88,125,81.6
gabrial,264,1627,1891,144.15653093601267
jaton,62,55,117,11.965811965811966
karina,61464,253,61717,198.36025730349823
azuri,1020,6,1026,197.66081871345028
phenix,360,510,870,34.48275862068966
saquan,7,773,780,196.4102564102564
olin,5,9929,9934,199.79867123011877
lenyx,252,252,504,0.0
keyonta,102,219,321,72.89719626168224
ruah,180,18,198,163.63636363636365
takai,48,457,505,161.980198019802
amo,10,5,15,66.66666666666666
mikele,65,66,131,1.5267175572519083
morgen,1862,592,2454,103.50448247758762
tyrion,7,759,766,196.34464751958225
arbie,137,513,650,115.6923076923077
santi,48,1002,1050,181.71428571428572
loice,52,6,58,158.6206896551724
aramis,196,2253,2449,167.9869334422213
khairi,10,516,526,192.3954372623574
eastyn,757,1139,1896,40.29535864978903
turi,19,5,24,116.66666666666667
mclaren,27,110,137,121.16788321167884
mckinsey,1080,22,1102,192.01451905626135
sana,4873,5,4878,199.589995899959
soren,679,10946,11625,176.63655913978496
ijah,57,11,68,135.29411764705884
kanan,11,1809,1820,197.58241758241758
ewell,7,2051,2058,198.63945578231292
shamair,16,5,21,104.76190476190477
auburn,1337,728,2065,58.98305084745763
bonnie,328675,4037,332712,195.1465531751184
ted,264,75160,75424,198.5999151463725
shaunta,1193,37,1230,187.96747967479675
zikora,85,37,122,78.68852459016394
hart,88,1211,1299,172.9022324865281
selby,293,688,981,80.53007135575942
nate,301,4490,4791,174.8695470674181
jakori,10,598,608,193.42105263157893
lean,671,221,892,100.89686098654708
brynn,29816,395,30211,194.77011684485782
onnie,1079,657,1736,48.61751152073733
rielly,263,196,459,29.193899782135073
mauricio,6,24225,24231,199.90095332425406
cyprus,21,281,302,172.18543046357615
lile,90,31,121,97.52066115702479
carla,150390,425,150815,198.87279116798726
bracy,5,81,86,176.74418604651163
will,658,45952,46610,194.35314310233855
evann,336,436,772,25.906735751295333
senai,184,136,320,30.0
negan,6,288,294,191.83673469387753
december,1608,11,1619,197.28227300802965
kyah,3114,27,3141,196.56160458452723
taedyn,5,116,121,183.4710743801653
brianne,20473,31,20504,199.39523995317987
chun,22,98,120,126.66666666666666
nickita,40,21,61,62.295081967213115
orian,91,725,816,155.3921568627451
jeriyah,240,45,285,136.8421052631579
dakotah,2314,3151,5465,30.631290027447395
samone,2216,5,2221,199.0995047276002
laquay,12,5,17,82.35294117647058
azarya,148,51,199,97.48743718592965
sonja,39513,44,39557,199.55507242713045
masa,533,12,545,191.19266055045873
lucile,34887,96,34983,198.90232398593605
reign,7989,4002,11991,66.49987490617963
jolene,36224,12,36236,199.86753504801854
brooke,198491,2030,200521,195.95054882032306
alan,1076,363313,364389,198.81884469619007
moe,62,733,795,168.80503144654088
gaelen,18,156,174,158.6206896551724
shayne,2960,10741,13701,113.58295014962411
eldee,5,6,11,18.181818181818183
kayman,21,183,204,158.8235294117647
glendon,64,4695,4759,194.6207186383694
tyrea,88,13,101,148.5148514851485
adoree,102,40,142,87.32394366197182
recie,147,5,152,186.8421052631579
quanta,93,70,163,28.22085889570552
katsumi,5,265,270,192.59259259259258
monica,251274,983,252257,198.44127219462692
calvary,146,114,260,24.615384615384617
maxwell,735,108732,109467,197.31425909178108
greysyn,11,151,162,172.8395061728395
chase,3798,181160,184958,191.78624336335815
indra,813,130,943,144.85683987274655
astyn,55,29,84,61.904761904761905
enis,293,274,567,6.701940035273369
ebby,29,5,34,141.1764705882353
copper,163,429,592,89.86486486486487
kaison,16,7182,7198,199.1108641289247
lawsen,5,208,213,190.61032863849766
jasmeet,207,64,271,105.53505535055349
ferrin,95,28,123,108.9430894308943
elwyn,105,3231,3336,187.41007194244602
oluwatomisin,136,64,200,72.0
hezekiah,15,11213,11228,199.46562166013538
ivey,4917,1803,6720,92.67857142857143
kishon,20,262,282,171.63120567375887
dalin,27,436,463,176.67386609071275
dominique,50786,23557,74343,73.25235731676149
gere,22,11,33,66.66666666666666
melek,578,67,645,158.4496124031008
joriah,10,19,29,62.06896551724138
delorean,46,297,343,146.35568513119534
lashaun,1275,887,2162,35.892691951896396
kadance,843,17,860,192.09302325581393
jacklyn,16997,5,17002,199.8823667803788
cleophas,23,960,983,190.6408952187182
tramine,5,30,35,142.85714285714286
amira,25609,5,25614,199.92191770125714
nuri,1164,510,1674,78.13620071684588
camilla,30276,6,30282,199.92074499702795
gianny,262,233,495,11.717171717171718
kacey,11961,3304,15265,113.422862757943
cree,1124,1129,2253,0.4438526409232135
tevyn,5,289,294,193.1972789115646
little,218,1573,1791,151.31211613623674
jakobi,45,2650,2695,193.32096474953616
sylvesta,45,26,71,53.52112676056338
gio,43,1572,1615,189.3498452012384
jovan,1079,9984,11063,160.9870740305523
falon,1983,83,2066,183.9303000968054
kency,33,5,38,147.36842105263156
levern,382,1901,2283,133.07052124397723
inez,68353,955,69308,194.4883707508513
janine,33508,11,33519,199.8687311673976
deshonte,6,5,11,18.181818181818183
maison,815,4575,5390,139.51762523191093
lenn,6,515,521,195.39347408829175
yaret,104,67,171,43.27485380116959
belvin,7,415,422,193.3649289099526
maxie,4025,4647,8672,14.345018450184503
novell,41,10,51,121.56862745098039
aeryn,1162,29,1191,190.26028547439125
majestic,277,227,504,19.841269841269842
fredrick,255,64527,64782,198.42548856163748
abir,97,683,780,150.25641025641025
daniele,3564,780,4344,128.1767955801105
divine,2487,1841,4328,29.852125693160815
azary,21,5,26,123.07692307692308
koltyn,5,1114,1119,198.21268990169793
esther,271234,972,272206,198.57166998523178
ardath,1326,22,1348,193.47181008902078
ona,7939,92,8031,195.41775619474535
jessee,313,1645,1958,136.05720122574056
arian,1578,6712,8290,123.86007237635705
basil,366,13172,13538,189.1859949771015
aleksa,540,62,602,158.80398671096344
whitlee,930,13,943,194.48568398727465
jeriel,6,1058,1064,197.74436090225564
katye,478,5,483,195.8592132505176
marcella,65614,222,65836,198.6511938756911
heron,16,686,702,190.88319088319088
kamille,5661,5,5666,199.64701729615248
udell,134,489,623,113.96468699839485
giovanny,30,6722,6752,198.2227488151659
purnell,6,762,768,196.875
ngun,54,5,59,166.10169491525423
aundrea,4762,181,4943,185.3530244790613
reagan,65739,7841,73580,157.37428649089426
brodee,15,727,742,191.91374663072776
reasyn,14,6,20,80.0
billy,5432,384233,389665,194.42392824605753
marshell,636,925,1561,37.027546444586804
brain,10,4596,4606,199.13156752062525
khoi,56,715,771,170.94682230869
graysen,798,4384,5182,138.4021613276727
patric,73,3040,3113,190.6199807259878
lynnex,221,31,252,150.79365079365078
deanne,14851,5,14856,199.86537425955845
bridger,72,6873,6945,195.85313174946003
beasley,18,11,29,48.275862068965516
blakely,20802,1234,22036,177.60029043383554
elyse,21245,19,21264,199.6425884123401
dosie,28,12,40,80.0
danel,147,341,488,79.50819672131148
doniel,7,409,416,193.26923076923077
shirlee,5709,5,5714,199.64998249912495
ciera,11367,5,11372,199.8241294407316
trudy,25623,5,25628,199.9219603558608
diore,86,5,91,178.02197802197801
benet,20,52,72,88.88888888888889
ronnye,31,10,41,102.4390243902439
tahjai,28,70,98,85.71428571428571
chriss,150,528,678,111.50442477876106
kamran,10,2398,2408,198.3388704318937
kingsley,2165,6709,8874,102.41153932837503
evans,117,5371,5488,191.47230320699708
armando,372,76515,76887,198.06469234070778
janette,32172,42,32214,199.47848761408082
lavonta,11,327,338,186.98224852071007
sawyer,18338,65838,84176,112.85877209655959
reese,44775,19606,64381,78.18766406237864
jann,2138,143,2281,174.92327926348094
katelyn,134049,157,134206,199.53206264995603
essex,8,435,443,192.7765237020316
nevyn,5,147,152,186.8421052631579
orla,1199,286,1485,122.96296296296296
eliyah,1446,775,2221,60.423232778027916
deena,13666,5,13671,199.85370492282934
tyller,46,142,188,102.12765957446808
bar,23,27,50,16.0
shavon,3898,368,4266,165.49460853258321
shari,40927,46,40973,199.55092377907403
ramzi,10,853,863,195.36500579374277
lavaughn,962,936,1898,2.73972602739726
oluwaseun,141,272,413,63.438256658595634
jewels,1240,34,1274,189.32496075353217
rickie,1854,16383,18237,159.33541700937656
luby,52,291,343,139.35860058309038
blessing,4343,529,4872,156.56814449917897
prosper,76,678,754,159.6816976127321
ismar,11,104,115,161.7391304347826
dawnte,6,5,11,18.181818181818183
sanay,24,148,172,144.1860465116279
oshun,211,54,265,118.49056603773585
videll,10,13,23,26.08695652173913
odia,37,7,44,136.36363636363635
maury,258,2512,2770,162.74368231046932
steve,907,241224,242131,198.50163754331334
jermyah,18,19,37,5.405405405405405
lindley,1000,628,1628,45.7002457002457
renardo,12,780,792,193.93939393939394
darcey,2070,93,2163,182.80166435506243
tifeoluwa,10,68,78,148.71794871794873
kayde,337,638,975,61.743589743589745
trista,12459,5,12464,199.8395378690629
mcrae,5,31,36,144.44444444444443
larelle,20,14,34,35.294117647058826
capree,49,5,54,162.96296296296296
esta,4439,27,4466,197.58172861621136
curran,30,1158,1188,189.8989898989899
auren,45,106,151,80.79470198675497
leah,256488,466,256954,199.2745783291951
alesha,7547,6,7553,199.682245465378
alix,3584,989,4573,113.4922370435163
dailyn,1873,415,2288,127.44755244755244
charly,2518,1315,3833,62.77067571093139
alston,22,2578,2600,196.6153846153846
shanga,5,36,41,151.21951219512195
melany,17379,5,17384,199.88495167970547
leandra,7029,38,7067,197.84915805858213
sherryl,4104,5,4109,199.51326356777804
blaike,213,181,394,16.243654822335024
khamyri,39,6,45,146.66666666666666
kamazi,13,375,388,186.5979381443299
weslynn,583,10,593,193.25463743676224
maxtyn,5,142,147,186.39455782312925
ellis,7328,50403,57731,149.22658537007848
landan,5,2391,2396,199.1652754590985
brecken,892,5037,5929,139.82121774329565
lael,2360,1166,3526,67.72546795235395
ratha,13,50,63,117.46031746031747
ness,8,96,104,169.23076923076923
versace,6,20,26,107.6923076923077
westin,26,7414,7440,198.6021505376344
kacie,12782,57,12839,198.22416076018382
zhyon,19,131,150,149.33333333333334
summers,65,11,76,142.10526315789474
daran,10,590,600,193.33333333333334
keran,25,5,30,133.33333333333331
almo,15,58,73,117.8082191780822
ozel,5,11,16,75.0
juneau,185,86,271,73.06273062730627
landen,246,26819,27065,196.36430814705338
kizzy,2347,12,2359,197.96523950826622
delmer,16,7654,7670,199.16558018252934
cruze,5,861,866,197.69053117782911
jaraiya,11,25,36,77.77777777777779
idel,18,6,24,100.0
aven,1655,2849,4504,53.01953818827708
kimble,232,601,833,88.5954381752701
jane,379876,1133,381009,198.81052678545652
jas,13,111,124,158.06451612903226
stormy,7709,900,8609,158.18329655012195
delores,117821,430,118251,198.54546684594635
madian,7,5,12,33.33333333333333
lovette,467,10,477,191.61425576519918
aren,348,2247,2595,146.35838150289018
laudie,5,46,51,160.7843137254902
numa,99,170,269,52.78810408921933
delaine,2377,242,2619,163.0393279877816
coven,6,60,66,163.63636363636365
jazzman,241,24,265,163.77358490566039
asuncion,122,76,198,46.464646464646464
elizha,5,8,13,46.15384615384615
bohen,7,78,85,167.05882352941177
aizel,101,5,106,181.13207547169813
daniela,68514,168,68682,199.02157770594914
zechariah,18,11351,11369,199.36669891811064
amiko,49,17,66,96.96969696969697
kayla,346570,574,347144,199.33860300048394
rhylin,182,78,260,80.0
kenyotta,130,20,150,146.66666666666666
carlen,466,101,567,128.74779541446208
ker,5,10,15,66.66666666666666
timari,60,32,92,60.86956521739131
merlon,5,176,181,188.95027624309392
bianco,71,9,80,155.0
florenz,9,23,32,87.5
semon,5,12,17,82.35294117647058
manmeet,77,41,118,61.016949152542374
everest,928,3058,3986,106.87405920722529
sri,104,5,109,181.65137614678898
ronne,68,67,135,1.4814814814814816
kobe,613,22513,23126,189.39721525555652
roshon,60,166,226,93.80530973451327
gift,176,38,214,128.97196261682242
glennie,1931,294,2225,147.14606741573033
trae,46,4133,4179,195.59703278296243
kenneth,5338,1283974,1289312,198.34392296046263
ihsaan,5,80,85,176.47058823529412
neshawn,10,64,74,145.94594594594594
tieler,35,199,234,140.17094017094016
kenzy,928,51,979,179.16241062308478
bentlei,27,48,75,56.00000000000001
sheri,60464,114,60578,199.24725147743405
kire,5,153,158,187.34177215189874
dillon,1045,65225,66270,193.69247019767616
halston,715,911,1626,24.108241082410824
lance,345,105839,106184,198.7003691704965
talia,34154,5,34159,199.94145027664746
clarence,1859,303564,305423,197.56534380187477
kirat,88,6,94,174.468085106383
jujuan,5,451,456,195.61403508771932
maclyn,94,14,108,148.14814814814815
daylyn,248,272,520,9.230769230769232
paysen,203,96,299,71.57190635451505
lugene,665,747,1412,11.614730878186968
rocio,13336,426,13762,187.61807876762097
mayes,5,180,185,189.1891891891892
ferran,18,152,170,157.64705882352942
harsimran,94,32,126,98.4126984126984
graesyn,55,220,275,120.0
paulie,17,60,77,111.68831168831169
luellen,690,5,695,197.12230215827338
manvir,23,233,256,164.0625
starling,225,1001,1226,126.5905383360522
alda,4966,10,4976,199.19614147909968
kesha,5248,5,5253,199.6192651818009
ruka,20,21,41,4.878048780487805
kamsiyochi,16,5,21,104.76190476190477
oney,61,109,170,56.470588235294116
skylier,49,62,111,23.423423423423422
krew,41,4136,4177,196.07373713191285
weslie,628,395,1023,45.552297165200386
jessey,287,929,1216,105.5921052631579
lorain,1024,213,1237,131.1236863379143
lennex,92,145,237,44.72573839662447
daneal,6,26,32,125.0
abimbola,85,5,90,177.77777777777777
krystle,12938,44,12982,198.64427669080266
orange,18,598,616,188.31168831168833
jamesen,5,198,203,190.14778325123152
aquilla,986,121,1107,156.27822944896116
zekiah,94,349,443,115.12415349887132
maesen,24,11,35,74.28571428571429
infantof,67,57,124,16.129032258064516
sade,9981,121,10102,195.208869530786
kashmere,512,597,1109,15.329125338142472
espie,7,17,24,83.33333333333334
sena,3121,205,3326,175.34576067348166
kayleigh,34561,7,34568,199.9190002314279
yarrow,91,61,152,39.473684210526315
jacquin,15,31,46,69.56521739130434
dushawn,11,440,451,190.2439024390244
zen,595,2718,3313,128.16178690009053
janice,406448,1157,407605,198.86458703892248
ramiro,28,25930,25958,199.56853378534555
myrl,1831,1261,3092,36.869340232858995
vermont,7,21,28,100.0
jimmie,22999,112267,135266,131.98882202475124
perla,20806,30,20836,199.42407371856405
carli,8967,5,8972,199.77708426214892
daelynn,936,64,1000,174.4
jacques,243,9734,9977,190.25759246266415
albee,15,11,26,30.76923076923077
lakota,1689,1556,3245,8.19722650231125
leighton,12412,9411,21823,27.503093066947713
amani,13440,2890,16330,129.21004286589098
kache,57,116,173,68.20809248554913
yodahe,5,41,46,156.52173913043478
rabab,167,17,184,163.04347826086956
kindel,66,5,71,171.83098591549296
emeri,2526,144,2670,178.42696629213484
seiko,11,24,35,74.28571428571429
waddie,5,21,26,123.07692307692308
zahir,7,4777,4784,199.41471571906357
karman,597,66,663,160.18099547511312
alice,588147,1959,590106,198.67210297810902
devereaux,35,223,258,145.73643410852713
hanley,274,669,943,83.77518557794274
karstin,5,10,15,66.66666666666666
bennet,81,2095,2176,185.11029411764704
bradford,39,32075,32114,199.5142305536526
idris,53,5031,5084,195.83005507474428
briggs,99,9377,9476,195.82102152807093
tarryn,785,15,800,192.5
levon,429,5738,6167,172.17447705529432
maude,45754,133,45887,198.84063024385992
jimena,17034,8,17042,199.8122286116653
tai,1815,3122,4937,52.94713388697589
elston,5,1120,1125,198.22222222222223
azzie,947,22,969,190.91847265221878
jone,687,24,711,186.49789029535867
judith,454714,1241,455955,198.9112960708842
colyn,10,701,711,194.37412095639942
idell,3425,38,3463,195.6107421311002
kamdynn,75,34,109,75.22935779816514
elgie,529,814,1343,42.44229337304542
demyri,5,5,10,0.0
florentine,666,12,678,192.92035398230087
langstyn,17,6,23,95.65217391304348
harjot,82,260,342,104.09356725146199
lai,231,25,256,160.9375
henlee,541,14,555,189.9099099099099
dedrick,16,4456,4472,198.56887298747762
rassie,5,20,25,120.0
yoshimi,30,65,95,73.68421052631578
donyelle,378,15,393,184.73282442748092
karin,28532,199,28731,197.22947339111064
junior,195,42987,43182,198.19369181603446
yuval,224,409,633,58.451816745655606
pearley,673,178,851,116.3337250293772
torre,403,861,1264,72.46835443037975
sonni,536,64,600,157.33333333333331
adebola,45,15,60,100.0
joe,11319,453255,464574,190.2542974854383
idrissa,6,169,175,186.28571428571428
loraine,17284,340,17624,192.2832501134816
cornie,172,168,340,2.3529411764705883
deyonce,58,7,65,156.92307692307693
redell,73,248,321,109.03426791277258
laylan,19,5,24,116.66666666666667
crispin,5,1818,1823,198.9029072956665
joanne,211970,504,212474,199.05117802648795
kenisha,4019,5,4024,199.50298210735588
vivin,5,99,104,180.76923076923077
braylee,6842,82,6924,195.26285384171
jerryl,6,142,148,183.7837837837838
whitaker,11,849,860,194.88372093023256
olly,21,128,149,143.6241610738255
farrel,38,831,869,182.50863060989644
braelyn,10972,1342,12314,156.40734123761573
etienne,91,1620,1711,178.7258912916423
tsion,362,37,399,162.90726817042608
ryman,21,205,226,162.83185840707966
jovial,36,6,42,142.85714285714286
shem,5,750,755,197.35099337748346
mani,10,128,138,171.0144927536232
tait,16,1207,1223,194.766966475879
naveh,61,6,67,164.17910447761196
rilyn,1279,155,1434,156.76429567642958
excel,25,29,54,14.814814814814813
brent,567,139799,140366,198.38422409985324
alvine,117,5,122,183.60655737704917
elwin,5,5176,5181,199.61397413626713
prabhnoor,57,30,87,62.06896551724138
yessenia,7454,12,7466,199.3570854540584
nelda,20139,5,20144,199.900714853058
jovie,4888,25,4913,197.96458375737836
lowen,520,707,1227,30.48084759576202
rylinn,556,5,561,196.4349376114082
yadira,12815,23,12838,199.28337747312665
onyx,1783,6849,8632,117.37720111214087
kassandra,33512,16,33528,199.8091147697447
ashby,743,1655,2398,76.06338615512928
jimmy,2218,288737,290955,196.9507312127305
jaqua,28,73,101,89.10891089108911
helon,666,5,671,197.01937406855438
juno,1770,437,2207,120.79746261893973
larken,96,23,119,122.6890756302521
arsh,5,758,763,197.37876802096986
pattie,9504,5,9509,199.7896729414239
quinzel,42,12,54,111.11111111111111
shiloh,15117,9414,24531,46.49627002568179
kahri,60,82,142,30.985915492957744
darrell,1186,159766,160952,197.05253740245539
socorro,6912,549,7461,170.56694813027744
jacky,1198,6589,7787,138.46153846153845
sukhjit,10,11,21,9.523809523809524
montique,41,34,75,18.666666666666668
reyes,711,5979,6690,157.48878923766816
liyan,17,73,90,124.44444444444444
darshan,11,773,784,194.3877551020408
tiny,2087,161,2248,171.35231316725978
renzie,6,5,11,18.181818181818183
davone,15,568,583,189.7084048027444
bracey,20,29,49,36.734693877551024
rowdy,75,4980,5055,194.06528189910978
daryn,988,2414,3402,83.83303938859494
chue,5,329,334,194.0119760479042
favor,517,139,656,115.24390243902438
jesi,562,38,600,174.66666666666666
alvina,10502,5,10507,199.8096507090511
shylo,674,223,897,100.55741360089185
knoah,5,325,330,193.93939393939394
ramon,535,77429,77964,197.25514339951772
mychal,265,2007,2272,153.3450704225352
ronel,6,552,558,195.69892473118279
ravi,5,3605,3610,199.4459833795014
maxiel,18,6,24,100.0
german,5,10290,10295,199.80573093734824
berkley,5510,2202,7712,85.78838174273858
kayle,4028,626,4654,146.1968199398367
iyanuoluwa,101,44,145,78.62068965517241
karel,1208,606,1814,66.37265711135612
lue,6474,695,7169,161.2219277444553
peggy,292765,798,293563,198.91266951216605
eh,272,432,704,45.45454545454545
marnell,245,32,277,153.79061371841155
nirel,78,13,91,142.85714285714286
mishawn,117,82,199,35.175879396984925
trang,956,8,964,196.6804979253112
nickey,332,1663,1995,133.43358395989975
brooklin,2037,5,2042,199.0205680705191
jaaziel,10,531,541,192.60628465804066
najja,41,44,85,7.0588235294117645
hanan,2081,148,2229,173.4410049349484
camran,18,295,313,176.9968051118211
barbara,1436695,4136,1440831,198.8517737333525
natalia,85144,52,85196,199.75585708249213
lior,326,883,1209,92.14226633581472
aerian,5,5,10,0.0
nia,25422,10,25432,199.8427178357974
sahib,61,798,859,171.59487776484283
harold,2648,551632,554280,198.0890524644584
winfred,351,10104,10455,186.57101865136298
simar,209,57,266,114.28571428571428
kylenn,28,37,65,27.692307692307693
ayooluwa,10,16,26,46.15384615384615
parminder,15,21,36,33.33333333333333
watson,22,6699,6721,198.69067103109657
abba,16,91,107,140.18691588785046
krish,10,4811,4821,199.17029661895873
karrington,1428,306,1734,129.41176470588235
jennings,314,4878,5192,175.80893682588598
braxtynn,10,58,68,141.1764705882353
uriah,915,12077,12992,171.82881773399015
khamauri,10,76,86,153.48837209302326
earnest,726,58389,59115,195.08754123318954
keyonte,21,549,570,185.26315789473685
nye,5,17,22,109.09090909090908
chrys,194,26,220,152.72727272727275
jasiyah,503,380,883,27.859569648924122
charron,361,50,411,151.338199513382
magin,69,5,74,172.97297297297297
jaycie,4042,5,4047,199.50580677044724
collyn,261,827,1088,104.04411764705883
vernie,3959,2760,6719,35.689834796844764
jesee,5,39,44,154.54545454545453
yvon,47,229,276,131.8840579710145
gavriel,5,2054,2059,199.02865468674113
murrell,190,1098,1288,140.9937888198758
lannis,28,127,155,127.74193548387096
calyx,45,182,227,120.70484581497797
trevon,25,14340,14365,199.30386355725722
willis,818,52336,53154,193.8443014636716
jai,1375,5160,6535,115.83779648048966
matthew,5580,1654075,1659655,198.65514218316457
cayton,27,118,145,125.51724137931035
tommye,1456,52,1508,186.20689655172413
gursimran,25,6,31,122.58064516129032
tyshon,11,1411,1422,196.9057665260197
sitha,8,5,13,46.15384615384615
brown,5,1477,1482,198.65047233468286
masami,10,288,298,186.5771812080537
myrtis,6121,5,6126,199.67352269017303
ramandeep,87,16,103,137.8640776699029
macallan,5,460,465,195.69892473118279
elmore,10,3957,3967,198.99168137131335
miko,613,980,1593,46.0765850596359
zamarie,19,5,24,116.66666666666667
lofton,10,685,695,194.24460431654674
jarrah,64,10,74,145.94594594594594
brighton,2148,3013,5161,33.52063553574889
luxtyn,12,5,17,82.35294117647058
traice,13,5,18,88.88888888888889
aury,198,5,203,190.14778325123152
emryn,1005,64,1069,176.05238540692235
valentine,2239,6711,8950,99.93296089385476
jaidon,65,1423,1488,182.5268817204301
chayne,25,240,265,162.26415094339623
kale,226,7379,7605,188.11308349769888
ishi,112,7,119,176.47058823529412
michaela,53633,69,53702,199.48605266098096
celestine,9809,232,10041,190.7578926401753
oriel,135,318,453,80.79470198675497
martinez,29,1132,1161,190.00861326442723
haydenn,31,6,37,135.13513513513513
amirie,53,24,77,75.32467532467533
shondale,14,77,91,138.46153846153845
birdell,348,20,368,178.26086956521738
jaliah,1170,6,1176,197.9591836734694
arizona,3542,153,3695,183.43707713125846
sylas,77,8889,8966,196.56480035690387
melvis,54,44,98,20.408163265306122
zo,310,101,411,101.70316301703164
maverik,10,1222,1232,196.75324675324674
rileigh,3832,50,3882,194.84801648634723
alaska,1293,13,1306,196.01837672281778
tayari,13,72,85,138.8235294117647
deaundra,318,120,438,90.41095890410958
aeon,76,174,250,78.4
damien,261,64757,65018,198.3942908117752
jaret,22,2969,2991,197.05784018722835
ryelle,377,5,382,194.76439790575915
aerion,24,127,151,136.42384105960267
yandy,20,12,32,50.0
yolando,468,5,473,195.77167019027485
binnie,369,100,469,114.71215351812367
ronin,222,10272,10494,191.53802172670098
breyon,95,728,823,153.82746051032808
caron,3179,1033,4212,101.89933523266856
leonis,5,42,47,157.4468085106383
skylor,436,1058,1494,83.26639892904953
topaz,300,6,306,192.15686274509804
jordyn,62171,5889,68060,165.3893623273582
oluwapelumi,11,25,36,77.77777777777779
ryle,35,480,515,172.8155339805825
yahel,21,782,803,189.5392278953923
yujin,35,48,83,31.32530120481928
kylinn,265,23,288,168.05555555555557
laroyce,41,55,96,29.166666666666668
sherl,349,5,354,194.3502824858757
denys,426,215,641,65.83463338533542
ertis,10,5,15,66.66666666666666
chancie,191,27,218,150.45871559633028
arha,307,5,312,193.5897435897436
jru,244,839,1083,109.87996306555863
emer,77,25,102,101.96078431372548
zacari,196,870,1066,126.45403377110694
kristin,179313,1638,180951,196.3791302617836
davian,105,6715,6820,193.841642228739
timothy,4328,1084192,1088520,198.40958365487083
jaisyn,5,15,20,100.0
sekhani,13,66,79,134.17721518987344
reba,35431,60,35491,199.3237722239441
branigan,39,31,70,22.857142857142858
yuhan,47,17,64,93.75
dimon,49,10,59,132.20338983050848
frederick,1105,266060,267165,198.3455916755563
teagon,17,125,142,152.11267605633802
jamoni,178,288,466,47.21030042918455
rowynn,549,5,554,196.3898916967509
kayani,303,6,309,192.23300970873788
lyda,4973,5,4978,199.59823222177582
wysdom,59,38,97,43.29896907216495
cherie,29969,26,29995,199.65327554592432
khodi,95,74,169,24.85207100591716
bryse,6,159,165,185.45454545454544
lunnie,11,16,27,37.03703703703704
jerell,5,1677,1682,198.81093935790724
nora,193138,784,193922,198.38285496230444
waver,69,11,80,145.0
antoine,364,27288,27652,194.73455807898162
jermoni,23,36,59,44.06779661016949
keyoir,73,11,84,147.61904761904762
imari,2365,1086,3451,74.12344248044045
brewer,14,1390,1404,196.01139601139602
vishva,11,40,51,113.72549019607843
curlee,43,375,418,158.85167464114832
kwame,38,3955,3993,196.19333834209866
maahi,482,6,488,195.08196721311475
taylin,2724,948,3672,96.73202614379085
adrin,12,407,419,188.54415274463008
jahkai,5,843,848,197.64150943396226
kayton,167,180,347,7.492795389048991
tamija,26,14,40,60.0
yilin,94,11,105,158.0952380952381
reshawn,43,428,471,163.4819532908705
jahari,219,1876,2095,158.18615751789974
kailee,12925,28,12953,199.1353354435266
adyson,4104,34,4138,196.71338811019817
arrin,69,95,164,31.70731707317073
syren,116,26,142,126.7605633802817
valen,508,1372,1880,91.91489361702128
ardie,568,517,1085,9.400921658986174
bryann,369,113,482,106.2240663900415
koryn,851,11,862,194.8955916473318
ceola,2164,21,2185,196.15560640732267
erbie,10,188,198,179.7979797979798
aldyn,31,75,106,83.01886792452831
teddy,1775,33627,35402,179.94463589627705
selene,9713,5,9718,199.7941963366948
agape,112,46,158,83.54430379746836
jadie,800,61,861,171.66085946573753
cori,12198,1233,13431,163.27898146079966
chigozie,6,143,149,183.89261744966444
carin,4515,86,4601,192.52336448598132
channy,33,15,48,75.0
roshun,15,70,85,129.41176470588235
eaden,56,128,184,78.26086956521739
dael,5,577,582,196.5635738831615
verlin,292,3812,4104,171.5399610136452
memphis,2550,10185,12735,119.90577149587752
masiah,122,1204,1326,163.19758672699848
mj,42,182,224,125.0
kacee,2235,290,2525,154.05940594059408
tone,54,45,99,18.181818181818183
emeral,53,10,63,136.5079365079365
ryland,816,13169,13985,176.66070790132284
jaques,5,301,306,193.4640522875817
challis,97,31,128,103.125
lory,2258,267,2525,157.7029702970297
island,698,109,807,145.9727385377943
johnta,5,224,229,191.26637554585153
rama,1130,276,1406,121.47937411095306
britian,10,82,92,156.52173913043478
luxx,23,107,130,129.23076923076923
skipper,11,830,841,194.7681331747919
symon,10,481,491,191.8533604887984
ta,207,30,237,149.36708860759492
bryn,7532,1329,8861,140.00677124478048
teller,20,270,290,172.41379310344826
dorin,21,144,165,149.0909090909091
norie,262,5,267,192.50936329588015
caliber,17,256,273,175.0915750915751
abijah,74,347,421,129.6912114014252
jeanne,163249,360,163609,199.11985281983263
malakai,57,17830,17887,198.72533124615643
miller,2763,11172,13935,120.68891280947255
reiko,671,19,690,188.9855072463768
jhai,10,49,59,132.20338983050848
razi,5,128,133,184.9624060150376
bart,5,16356,16361,199.87775808324676
kindred,140,157,297,11.447811447811448
quan,39,1425,1464,189.34426229508196
dalis,347,16,363,182.36914600550963
karan,3450,1512,4962,78.1136638452237
tamir,59,2401,2460,190.40650406504065
consepcion,268,6,274,191.24087591240877
rotem,42,5,47,157.4468085106383
anita,215165,684,215849,198.73244722004733
keeley,6692,49,6741,197.09241952232605
lotus,2766,212,2978,171.5245130960376
winifred,45094,1106,46200,190.42424242424244
armonie,724,235,959,101.98123044838374
ayren,5,111,116,182.75862068965517
jackie,91253,78900,170153,14.51987329050913
gunner,22,23486,23508,199.6256593500085
therese,35590,5,35595,199.94381233319288
jastin,14,238,252,177.77777777777777
nilan,5,461,466,195.70815450643778
keyleth,16,28,44,54.54545454545454
dorothea,34421,6,34427,199.93028727452293
credence,21,137,158,146.8354430379747
oswyn,6,11,17,58.82352941176471
sukhman,75,93,168,21.428571428571427
jaymie,3661,464,4125,155.0060606060606
eura,1453,84,1537,178.13923227065715
shaquil,7,206,213,186.85446009389673
cleophus,19,2023,2042,196.27815866797258
david,12959,3676654,3689613,198.59508300735064
zonnie,165,11,176,175.0
deonna,3756,5,3761,199.4682265354959
britt,2916,4710,7626,47.04956726986625
hurley,78,2581,2659,188.26626551335087
zuriah,451,21,472,182.20338983050848
jenson,27,2849,2876,196.24478442280946
shanton,15,42,57,94.73684210526315
ezra,5007,106761,111768,182.08073867296542
anh,1581,715,2296,75.43554006968641
shey,135,146,281,7.829181494661921
leola,28129,52,28181,199.26191405556935
donique,122,36,158,108.86075949367088
cari,12757,113,12870,196.4879564879565
zahmari,5,77,82,175.609756097561
adri,259,33,292,154.7945205479452
everleigh,20924,5,20929,199.90443881695253
darly,124,104,228,17.543859649122805
madix,6,483,489,195.09202453987731
allyn,1915,3223,5138,50.91475282210977
murphy,4688,8486,13174,57.659025352967966
ossie,2917,1677,4594,53.983456682629516
aditya,5,5400,5405,199.62997224791857
tashawn,273,1527,1800,139.33333333333334
jancy,323,5,328,193.90243902439025
devante,57,8307,8364,197.27403156384503
infant,3908,4230,8138,7.913492258540182
laylen,53,27,80,65.0
lyann,286,5,291,193.12714776632302
gayl,607,15,622,190.35369774919616
jarvis,123,17720,17843,197.24261615199237
glendel,5,155,160,187.5
tran,559,128,687,125.4730713245997
willia,3316,550,3866,143.09363683393687
shai,1871,2469,4340,27.557603686635947
chrystal,15760,5,15765,199.87313669521092
brekken,22,485,507,182.6429980276134
kauri,124,32,156,117.94871794871796
jaspen,17,58,75,109.33333333333333
dalyss,5,6,11,18.181818181818183
kiree,16,167,183,165.0273224043716
paxten,31,304,335,162.98507462686567
tashaun,36,715,751,180.82556591211718
jonnah,29,33,62,12.903225806451612
parish,302,910,1212,100.33003300330033
marchel,73,56,129,26.356589147286826
diar,5,108,113,182.3008849557522
ciel,399,319,718,22.284122562674096
vinh,10,1541,1551,197.42101869761444
jana,46185,38,46223,199.67115937952966
ramsi,43,5,48,158.33333333333331
athel,36,298,334,156.88622754491018
zina,5063,10,5073,199.21151192588212
verlie,2282,178,2460,171.05691056910567
nikki,40109,896,41005,191.25960248750152
aijalon,95,102,197,7.1065989847715745
jazz,622,933,1555,40.0
elizah,815,570,1385,35.37906137184115
jordi,351,3429,3780,162.85714285714286
jacobie,22,894,916,190.3930131004367
satya,385,232,617,49.59481361426256
bentlee,937,4202,5139,127.0675228643705
lennis,537,1217,1754,77.53705815279362
linzey,325,16,341,181.2316715542522
ekin,6,186,192,187.5
caidence,1111,148,1259,152.97855440826052
michon,555,29,584,180.13698630136986
oren,45,9502,9547,198.11459097098566
tavonne,5,16,21,104.76190476190477
carmin,864,129,993,148.03625377643505
brailyn,1081,400,1481,91.96488858879135
laurel,47113,1860,48973,184.80795540399814
curly,6,230,236,189.83050847457628
chozynn,43,10,53,124.52830188679245
journey,20882,2011,22893,164.86262176211068
kenyan,10,958,968,195.86776859504133
errin,848,271,1119,103.1277926720286
jaiyden,5,177,182,189.010989010989
connolly,32,23,55,32.72727272727273
dessie,11414,317,11731,189.19103230756116
hans,5,15677,15682,199.87246524677974
baley,333,103,436,105.50458715596329
dempsey,550,4249,4799,154.15711606584705
yassin,13,1156,1169,195.55175363558595
imar,16,33,49,69.38775510204081
tyrian,6,246,252,190.47619047619045
walton,10,5889,5899,199.32191896931684
lakoda,99,185,284,60.56338028169014
derry,137,1541,1678,167.34207389749702
keisha,22293,44,22337,199.21206966020503
barkot,16,96,112,142.85714285714286
langley,670,163,833,121.72869147659064
brazos,20,357,377,178.77984084880637
taelyn,2267,255,2522,159.55590800951626
yahari,59,28,87,71.26436781609196
francisca,12582,61,12643,198.07007830419997
kesiah,63,15,78,123.07692307692308
olamiposi,12,21,33,54.54545454545454
mashal,123,10,133,169.9248120300752
markai,10,104,114,164.91228070175438
moses,51,43291,43342,199.52932490424993
taetum,139,26,165,136.96969696969697
aydenn,13,704,717,192.74755927475593
nghi,22,5,27,125.92592592592592
christiane,2257,6,2263,198.93946089262042
tam,902,987,1889,8.999470619375332
virgel,6,1187,1193,197.98826487845767
lutrell,5,15,20,100.0
steely,208,10,218,181.65137614678898
gale,19906,12437,32343,46.18619175710354
anahi,19359,31,19390,199.3604951005673
garnie,38,209,247,138.46153846153845
hayven,1468,260,1728,139.8148148148148
nicki,6083,297,6380,181.3793103448276
jaquan,58,10605,10663,197.82425208665478
lia,28501,15,28516,199.78959180810773
mika,6752,1362,8114,132.85679073206802
freda,42527,26,42553,199.75559890019505
callaway,582,639,1221,9.336609336609335
izamar,638,7,645,195.65891472868216
chaka,841,262,1103,104.98640072529466
kelsey,150416,5322,155738,186.33088905726285
brantly,5,859,864,197.6851851851852
markee,110,724,834,147.242206235012
holly,205304,1541,206845,197.0199908143779
bae,28,5,33,139.3939393939394
sabali,34,23,57,38.59649122807017
tomiko,918,7,925,196.97297297297297
kylee,50337,498,50835,196.08143995278843
deshan,12,253,265,181.8867924528302
nael,61,1458,1519,183.93680052666227
zettie,1458,10,1468,197.27520435967304
trishawn,12,10,22,18.181818181818183
paytin,552,36,588,175.51020408163265
franc,10,16,26,46.15384615384615
aryel,577,49,626,168.69009584664536
sadie,149681,241,149922,199.3569989727992
hassie,1555,10,1565,197.444089456869
lanel,28,5,33,139.3939393939394
tarik,11,4181,4192,198.95038167938932
desha,813,5,818,197.55501222493888
elise,75186,66,75252,199.6491787593685
deshon,166,2552,2718,175.570272259014
gary,3286,902152,905438,198.54832688709774
truett,48,4484,4532,195.76345984112976
mekkah,16,10,26,46.15384615384615
bobbie,88627,18422,107049,131.16423320161795
elyan,11,372,383,188.5117493472585
dominik,95,10242,10337,196.32388507303858
michiah,88,66,154,28.57142857142857
bawi,41,225,266,138.34586466165413
abbott,24,1296,1320,192.72727272727272
reice,7,112,119,176.47058823529412
sherald,110,40,150,93.33333333333333
north,74,333,407,127.27272727272727
shayan,58,2296,2354,190.1444350042481
kiari,1032,262,1294,119.01081916537868
azrah,84,7,91,169.23076923076923
jaree,106,97,203,8.866995073891626
elysia,4496,7,4503,199.37819231623362
jazaiah,20,29,49,36.734693877551024
taitum,487,110,597,126.29815745393635
sheldyn,12,11,23,8.695652173913043
ai,392,11,403,189.08188585607942
jadakiss,13,88,101,148.5148514851485
renel,16,62,78,117.94871794871796
damiri,27,165,192,143.75
jasmine,258626,1263,259889,198.0560931782415
kylo,86,5345,5431,193.66599153010495
tarin,887,322,1209,93.46567411083541
eztli,117,39,156,100.0
janee,3256,6,3262,199.26425505824648
imo,903,5,908,197.79735682819384
averill,110,228,338,69.8224852071006
sunnie,2692,62,2754,190.99491648511255
shale,21,56,77,90.9090909090909
hardy,17,5814,5831,198.83381924198252
darwin,89,26347,26436,198.65335149039188
veera,675,44,719,175.52155771905424
zakariyah,19,161,180,157.77777777777777
hady,39,176,215,127.44186046511628
keion,10,2859,2869,198.60578598814917
pippin,61,54,115,12.173913043478262
loyce,3503,775,4278,127.53623188405795
cornelia,22076,26,22102,199.5294543480228
blane,11,4448,4459,199.0132316662929
demetrias,49,127,176,88.63636363636364
sehej,34,15,49,77.55102040816327
nick,132,50457,50589,198.95629484670582
miranda,114979,189,115168,199.34356765768268
amilliyon,5,6,11,18.181818181818183
alanna,27012,7,27019,199.89636922165883
kelby,1563,4019,5582,87.99713364385525
alishah,72,6,78,169.23076923076923
sylar,57,824,881,174.12031782065833
nicoli,42,437,479,164.9269311064718
raheem,6,8524,8530,199.71864009378663
haidin,5,21,26,123.07692307692308
lochlan,124,4846,4970,190.0201207243461
keyon,101,5919,6020,193.2890365448505
lace,417,16,433,185.21939953810625
kolby,1351,11650,13001,158.43396661795245
day,166,142,308,15.584415584415584
alma,163723,2219,165942,194.65114317050535
dorothy,1112231,3677,1115908,198.68197019826005
nyaire,114,450,564,119.14893617021276
esteban,31,35592,35623,199.65191028268254
ayven,211,1044,1255,132.74900398406376
keior,52,5,57,164.91228070175438
bentleigh,563,67,630,157.46031746031747
lindsay,130365,5136,135501,184.83848827683929
sara,436193,1248,437441,198.8588175319643
gal,255,148,403,53.101736972704714
jordann,1042,59,1101,178.5649409627611
yali,96,31,127,102.36220472440945
jeel,5,5,10,0.0
rachelle,33933,37,33970,199.56432146011187
uchechukwu,24,151,175,145.14285714285714
rivers,749,1888,2637,86.3860447478195
rhodie,134,5,139,185.6115107913669
lian,1126,4579,5705,121.05170902716915
everal,5,5,10,0.0
daquan,6,7970,7976,199.69909729187563
rebekah,75796,119,75915,199.37298294144767
ger,88,385,473,125.5813953488372
ovie,365,489,854,29.039812646370024
lyndall,609,296,905,69.17127071823205
kyre,35,652,687,179.6215429403202
kobi,1147,1971,3118,52.854393842206534
kaiya,8587,33,8620,198.46867749419954
serenity,77550,75,77625,199.61352657004832
lari,841,38,879,182.70762229806598
nataly,15458,10,15468,199.74140160331007
shasta,4320,20,4340,198.15668202764977
tannie,111,11,122,163.9344262295082
cara,53305,62,53367,199.5352933460753
jontue,35,77,112,75.0
taylon,178,1212,1390,148.77697841726618
thailyn,95,10,105,161.9047619047619
camron,399,14813,15212,189.50828293452537
tane,159,17,176,161.36363636363635
brixton,292,4549,4841,175.87275356331335
jhett,22,1689,1711,194.85680888369373
mirl,55,87,142,45.07042253521127
toma,216,658,874,101.14416475972541
aylen,1349,123,1472,166.57608695652172
carmon,1586,1250,2836,23.695345557122707
su,700,33,733,181.9918144611187
rue,1565,319,1884,132.27176220806794
braxtin,5,536,541,196.30314232902032
clarice,25474,96,25570,198.49824012514665
jamai,27,241,268,159.7014925373134
brookie,535,7,542,194.83394833948338
saki,308,11,319,186.20689655172413
kymani,1099,4329,5428,119.01252763448784
demi,14869,52,14921,198.60599155552578
keziah,4889,197,5086,184.5064883995281
tris,132,59,191,76.43979057591623
lennon,12576,8003,20579,44.443364594975456
jadis,225,184,409,20.048899755501225
shearl,10,10,20,0.0
earth,46,12,58,117.24137931034481
armahni,68,35,103,64.07766990291263
constant,26,360,386,173.05699481865284
anesti,5,5,10,0.0
rya,1909,19,1928,196.05809128630705
tajee,34,80,114,80.7017543859649
mulan,743,5,748,197.32620320855614
azel,88,470,558,136.91756272401435
bentlie,150,87,237,53.16455696202531
zavi,5,96,101,180.1980198019802
jama,1552,101,1653,175.55958862673927
jasmin,45060,589,45649,194.83887927446384
clio,856,25,881,188.64926220204313
rochelle,46994,401,47395,196.61567675915182
nima,369,1052,1421,96.12948627726952
purpose,141,68,209,69.85645933014354
roye,43,162,205,116.09756097560975
taysom,7,784,791,196.46017699115043
williard,5,1081,1086,198.158379373849
keilin,191,52,243,114.40329218106994
dedric,20,1863,1883,195.7514604354753
evan,4725,287701,292426,193.53682641078427
jerlin,12,5,17,82.35294117647058
lipa,5,1253,1258,198.41017488076312
lilo,462,5,467,195.7173447537473
frances,595697,5024,600721,196.65468661824707
meridith,2652,32,2684,195.23099850968703
brandy,106559,2302,108861,191.54150705946117
shaquel,78,73,151,6.622516556291391
china,4608,10,4618,199.13382416630577
ani,3183,5,3188,199.37264742785445
yamel,153,26,179,141.89944134078212
makana,343,517,860,40.46511627906977
wakely,97,10,107,162.61682242990653
dorris,7360,1675,9035,125.84394023242945
michaiah,409,132,541,102.40295748613678
bralen,5,348,353,194.33427762039662
parys,324,5,329,193.92097264437692
reecie,60,5,65,169.23076923076923
cadrian,10,17,27,51.85185185185185
sahara,4729,5,4734,199.5775242923532
alondra,42299,122,42421,198.8496263643007
marlys,8958,5,8963,199.77686042619658
sacha,1912,651,2563,98.40031213421771
donae,197,6,203,188.17733990147784
valyn,279,22,301,170.7641196013289
stirling,78,851,929,166.4155005382131
hazel,302580,2889,305469,196.2169647329189
grey,1052,6056,7108,140.79909960607765
ally,10230,17,10247,199.3363911388699
sakhani,5,5,10,0.0
mao,285,10,295,186.44067796610167
johana,6967,11,6978,199.3694468329034
sevon,6,223,229,189.51965065502182
talin,375,653,1028,54.08560311284047
oaklen,58,725,783,170.37037037037038
rida,986,67,1053,174.54890788224122
wailyn,6,21,27,111.11111111111111
kellin,94,1185,1279,170.6020328381548
mesiyah,12,57,69,130.43478260869566
esme,10920,10,10930,199.63403476669717
mithra,316,5,321,193.76947040498442
nelly,7792,79,7871,195.98526235548215
makiyah,3543,25,3568,197.19730941704037
danile,5,190,195,189.74358974358972
stanlee,20,136,156,148.71794871794873
eppie,245,44,289,139.10034602076124
ludy,212,21,233,163.94849785407726
kendell,1957,4802,6759,84.18405089510283
tione,15,12,27,22.22222222222222
william,16029,4199696,4215725,198.47912280805792
dejah,3176,5,3181,199.37126689720216
zayd,5,4890,4895,199.59141981613894
ciaran,35,2198,2233,193.73040752351096
parley,6,687,693,196.53679653679654
imon,16,67,83,122.89156626506023
eries,11,30,41,92.6829268292683
rhyland,24,337,361,173.40720221606648
syan,103,57,160,57.49999999999999
donis,565,161,726,111.29476584022038
isra,1769,22,1791,195.08654383026243
vivion,82,10,92,156.52173913043478
dayan,204,542,746,90.61662198391421
skilar,415,50,465,156.98924731182794
void,9,24,33,90.9090909090909
rossie,1818,768,2586,81.20649651972158
sehajpreet,16,5,21,104.76190476190477
rosell,152,28,180,137.77777777777777
sani,388,127,515,101.35922330097087
winter,15619,1037,16656,175.0960614793468
ames,10,1855,1865,197.85522788203752
wrenley,7948,121,8069,194.00173503532037
phinley,77,31,108,85.18518518518519
zong,22,95,117,124.78632478632478
mason,3348,342583,345931,196.12870774807695
campbell,7300,6214,13514,16.072221400029598
bayler,215,363,578,51.21107266435986
toviyah,5,17,22,109.09090909090908
brendon,22,20081,20103,199.56225438989205
aero,126,594,720,130.0
vester,662,2566,3228,117.96778190830236
zohar,199,124,323,46.43962848297213
rem,10,16,26,46.15384615384615
neely,2239,391,2630,140.53231939163499
daron,160,7652,7812,191.80747567844344
kawai,5,106,111,181.981981981982
marshawn,78,2674,2752,188.6627906976744
lavere,94,340,434,113.36405529953917
lenzy,54,467,521,158.54126679462573
teagyn,276,18,294,175.51020408163265
almer,322,559,881,53.802497162315554
jericho,379,5978,6357,176.15227308478842
don,1207,167632,168839,197.1404710996867
joann,156892,564,157456,198.56721877857942
fatin,59,10,69,142.02898550724638
west,28,3692,3720,196.98924731182797
caelen,67,549,616,156.4935064935065
vin,5,256,261,192.33716475095787
dashel,6,692,698,196.56160458452723
mills,126,919,1045,151.77033492822966
linsey,5125,240,5365,182.1062441752097
jordynn,5120,100,5220,192.33716475095787
demetria,10960,141,11101,194.9193766327358
keonte,55,1523,1578,186.05830164765527
kiann,15,15,30,0.0
jerry,17314,615102,632416,189.04898041795275
fenix,304,1124,1428,114.84593837535013
zalyn,11,103,114,161.4035087719298
iverson,103,2138,2241,181.6153502900491
ermel,61,53,114,14.035087719298245
chancey,505,1228,1733,83.43912290825159
oza,154,26,180,142.22222222222223
taber,28,413,441,174.6031746031746
mable,53251,215,53466,198.39150114091197
alonzia,17,5,22,109.09090909090908
senica,27,72,99,90.9090909090909
michaell,5,413,418,195.2153110047847
kenia,10216,12,10228,199.53070003910832
bob,322,92986,93308,198.61962532687443
sokhom,12,13,25,8.0
tonya,120421,435,120856,198.56027007347586
bryce,3592,124103,127695,188.7481890442069
kristopher,297,63251,63548,198.13054698810348
dianna,56292,64,56356,199.54574490737457
rayne,8034,1346,9380,142.60127931769725
kainoa,40,2656,2696,194.06528189910978
sinclair,477,1435,1912,100.2092050209205
armani,12033,15410,27443,24.611011915606895
deleon,14,967,981,194.29153924566768
phillip,1330,311561,312891,198.29972738110078
alii,6,85,91,173.62637362637363
kitt,312,284,596,9.395973154362416
akiba,87,5,92,178.26086956521738
bayan,1152,115,1267,163.6937647987372
cordney,12,190,202,176.23762376237624
zalynn,67,10,77,148.05194805194805
alfredo,285,57075,57360,198.01255230125523
loretto,923,10,933,195.71275455519827
ala,801,142,943,139.76670201484623
aiko,1785,101,1886,178.57900318133616
ashtyn,6447,2080,8527,102.42758297173684
murl,626,1941,2567,102.45422672380211
arles,6,210,216,188.88888888888889
oree,152,235,387,42.89405684754522
kendry,38,528,566,173.14487632508835
elsa,30710,21,30731,199.7266603755166
audriel,11,5,16,75.0
leann,24356,7,24363,199.88507162500514
ching,30,84,114,94.73684210526315
mylo,156,3565,3721,183.2303144316044
mazi,210,1091,1301,135.43428132205995
thyme,58,6,64,162.5
aubree,49558,56,49614,199.5485145321885
lakee,7,6,13,15.384615384615385
collie,359,1172,1531,106.2050947093403
deanie,729,20,749,189.31909212283045
margene,1687,5,1692,198.81796690307328
yuuki,16,191,207,169.08212560386474
harlan,499,26481,26980,192.60192735359524
lashaw,5,5,10,0.0
jacyn,36,48,84,28.57142857142857
brayton,22,2506,2528,196.51898734177215
callie,70190,637,70827,196.4025018707555
bobbi,24216,64,24280,198.94563426688632
bow,5,260,265,192.45283018867926
laquarius,5,42,47,157.4468085106383
madsen,5,161,166,187.95180722891567
leander,28,6928,6956,198.38987924094306
cortney,16923,3173,20096,136.84315286624204
wade,168,76498,76666,199.12347063887512
nash,144,22439,22583,197.44940884736306
aiman,203,376,579,59.758203799654574
si,19,166,185,158.9189189189189
shavell,113,6,119,179.83193277310926
jinan,249,5,254,192.1259842519685
elli,2763,35,2798,194.9964260185847
rashea,145,5,150,186.66666666666666
kamyrn,58,18,76,105.26315789473684
wyatt,1362,208452,209814,197.40341445280106
ioan,5,132,137,185.4014598540146
wander,54,41,95,27.368421052631582
andrea,445419,6029,451448,194.65807800676933
clester,31,158,189,134.3915343915344
ronique,329,10,339,188.20058997050145
kiki,1112,25,1137,191.20492524186457
gagan,6,68,74,167.56756756756758
johney,6,1519,1525,198.42622950819674
brin,413,37,450,167.11111111111111
anay,768,1287,2055,50.51094890510949
tashon,15,340,355,183.09859154929578
brette,601,11,612,192.81045751633988
sherwin,15,3769,3784,198.41437632135305
jacquese,149,97,246,42.27642276422765
vashaun,6,214,220,189.0909090909091
glendal,5,184,189,189.41798941798942
ezera,6,52,58,158.6206896551724
jasmaine,818,6,824,197.0873786407767
legacee,168,23,191,151.8324607329843
darnelle,249,367,616,38.311688311688314
rhythm,632,580,1212,8.58085808580858
ward,98,15026,15124,197.40809309706427
shelby,148830,16449,165279,160.1909498484381
kobie,462,1539,2001,107.64617691154423
macen,5,964,969,197.9360165118679
mayce,456,22,478,181.5899581589958
rathana,13,51,64,118.75
jess,487,25063,25550,192.37573385518593
tyren,5,2176,2181,199.08298945437872
titus,12,26811,26823,199.8210490996533
rachel,573957,1791,575748,198.75570562120927
ashlynn,25834,12,25846,199.81428460883697
nannie,25560,20,25580,199.68725566849102
tho,6,46,52,153.84615384615387
ethelbert,5,178,183,189.07103825136613
roy,2693,408638,411331,197.38118449618435
southern,114,67,181,51.93370165745856
veryl,374,686,1060,58.867924528301884
karder,13,321,334,184.43113772455092
amour,866,218,1084,119.55719557195572
courtnee,1627,9,1636,197.799511002445
cyle,15,1980,1995,196.99248120300751
leland,557,57999,58556,196.19509529339436
aracely,9906,11,9917,199.55631743470806
antione,49,4831,4880,195.98360655737704
jadin,643,1532,2175,81.74712643678161
jernell,22,5,27,125.92592592592592
chrystian,70,781,851,167.09753231492363
zola,9286,26,9312,198.8831615120275
lamonica,1662,6,1668,198.5611510791367
riyan,688,1144,1832,49.78165938864629
jasyiah,17,10,27,51.85185185185185
leor,24,326,350,172.57142857142858
orval,12,7916,7928,199.39455095862766
benelli,235,27,262,158.77862595419847
price,96,3926,4022,190.45251118846346
kasi,2280,61,2341,189.57710380179412
avon,700,1641,2341,80.3929944468176
wren,13641,2261,15902,143.1266507357565
eugene,2632,380708,383340,197.25361298064382
alula,47,34,81,32.098765432098766
juwan,10,3780,3790,198.94459102902374
rynn,388,34,422,167.77251184834122
daisy,158723,632,159355,198.4136048445295
sony,39,287,326,152.1472392638037
eversyn,19,5,24,116.66666666666667
alexy,381,301,682,23.46041055718475
colbi,600,69,669,158.74439461883406
jrue,402,1898,2300,130.08695652173913
cedric,278,42104,42382,197.37624463215516
caylon,12,252,264,181.8181818181818
pascal,11,2550,2561,198.2819211245607
jamien,5,517,522,196.1685823754789
raygan,1046,51,1097,181.4038286235187
jimmi,281,49,330,140.6060606060606
ramah,276,18,294,175.51020408163265
dallyn,37,214,251,141.0358565737052
delois,8500,122,8622,194.34006031083274
mykeal,13,123,136,161.76470588235296
kaoir,445,13,458,188.64628820960698
narin,25,32,57,24.561403508771928
rane,124,226,350,58.285714285714285
ynes,16,23,39,35.8974358974359
alexiel,5,52,57,164.91228070175438
yancy,518,2433,2951,129.78651304642494
kalan,242,1346,1588,139.04282115869017
matteo,16,33483,33499,199.8089495208812
akai,68,1010,1078,174.76808905380335
kalijah,67,298,365,126.57534246575341
gerald,2385,448966,451351,197.88634566002955
yixuan,28,10,38,94.73684210526315
giovannie,6,714,720,196.66666666666666
asriel,12,195,207,176.81159420289856
verdun,8,81,89,164.04494382022472
kailo,17,583,600,188.66666666666669
mattia,136,356,492,89.43089430894308
moksha,303,5,308,193.5064935064935
chylo,5,5,10,0.0
chan,212,1035,1247,131.99679230152367
golden,2292,2937,5229,24.670109007458404
brandin,137,2752,2889,181.03149878850812
kayson,286,15201,15487,192.61315942403306
terence,170,34290,34460,198.02669762042947
sophanna,10,7,17,35.294117647058826
ardine,125,5,130,184.6153846153846
quinton,42,31623,31665,199.46944576030316
denali,1795,684,2479,89.63291649858814
lorrain,636,10,646,193.80804953560371
lear,491,36,527,172.6755218216319
laiken,1934,533,2467,113.57924604783139
daryen,14,38,52,92.3076923076923
vearl,70,453,523,146.46271510516254
carsen,1131,4046,5177,112.61348271199536
jaimey,126,25,151,133.7748344370861
lennyn,809,121,930,147.9569892473118
jenay,959,5,964,197.9253112033195
vashon,69,767,836,166.98564593301435
harly,175,28,203,144.82758620689654
elijah,1304,380611,381915,198.63425107681027
finnley,2493,5658,8151,77.65918292234082
krystian,484,1633,2117,108.54983467170524
keelyn,865,297,1162,97.76247848537005
bessie,170140,737,170877,198.27478244585285
dean,2914,192930,195844,194.04832417638528
lorry,1024,221,1245,128.99598393574297
ival,127,297,424,80.18867924528303
canan,5,76,81,175.30864197530863
shannen,1921,150,2071,171.0284886528247
eivor,13,43,56,107.14285714285714
fatima,38945,46,38991,199.52809622733452
agnes,159517,465,159982,198.83736920403544
calyn,727,93,820,154.6341463414634
taegen,154,73,227,71.36563876651982
malakia,8,65,73,156.16438356164383
hester,14227,537,14764,185.4510972636142
innocent,5,71,76,173.6842105263158
rino,5,211,216,190.74074074074073
eddie,15760,211867,227627,172.3055700773634
radlee,24,80,104,107.6923076923077
caydence,3588,310,3898,168.1888147768086
tayde,27,5,32,137.5
wilmer,743,15979,16722,182.22700633895468
caryl,6347,344,6691,179.43506202361382
asaiah,118,2075,2193,178.47697218422252
julez,46,225,271,132.10332103321034
jubilee,3784,28,3812,197.06190975865687
ingrid,27747,17,27764,199.7550785189454
july,854,279,1133,101.50044130626654
taris,41,122,163,99.38650306748467
alvis,326,5206,5532,176.42805495300072
kamdyn,2147,3798,5945,55.542472666105965
mylen,10,243,253,184.1897233201581
leverne,487,985,1472,67.66304347826086
amarion,44,4423,4467,196.05999552272218
knoa,12,65,77,137.66233766233768
zamarii,5,11,16,75.0
zade,27,1739,1766,193.88448471121177
regal,25,55,80,75.0
montrice,208,88,296,81.08108108108108
fredi,86,899,985,165.0761421319797
bradee,84,33,117,87.17948717948718
jourdon,16,144,160,160.0
ilo,712,67,779,165.596919127086
rigley,43,172,215,120.0
debra,550695,1146,551841,199.16932594714783
marlowe,4805,1662,6467,97.20117519715478
alford,5,4790,4795,199.58289885297185
peris,27,6,33,127.27272727272727
terae,5,5,10,0.0
ryan,27624,964123,991747,188.85844877776287
randel,25,3651,3676,197.2796517954298
jhream,255,23,278,166.9064748201439
aloise,100,28,128,112.5
grady,741,52474,53215,194.43014187729025
derby,10,29,39,97.43589743589743
raquel,50697,281,50978,197.79512730981992
kris,13571,14400,27971,5.927567838118051
lenley,25,5,30,133.33333333333331
monti,192,400,592,70.27027027027027
raney,342,71,413,131.23486682808715
roddie,5,303,308,193.5064935064935
linnie,7997,712,8709,167.29819726719487
kyland,10,898,908,195.59471365638768
verdell,2085,1340,3425,43.503649635036496
sharmaine,1668,5,1673,198.80454273759713
kendrick,385,33557,33942,195.46284838842732
torrance,562,3590,4152,145.85741811175336
shaya,1041,1809,2850,53.89473684210526
sunshine,5734,45,5779,196.88527426890465
malan,209,5,214,190.65420560747663
rieley,203,111,314,58.59872611464968
danta,10,398,408,190.19607843137254
heathe,51,24,75,72.0
laron,119,5193,5312,191.03915662650604
xamari,13,51,64,118.75
brae,203,149,352,30.681818181818183
jador,5,5,10,0.0
davie,1119,3258,4377,97.73817683344757
choice,27,273,300,164.0
myrlin,15,15,30,0.0
nasiah,274,384,658,33.43465045592705
baylin,270,293,563,8.170515097690942
jada,67400,261,67661,198.45701364153646
nihal,238,825,1063,110.44214487300094
boyce,58,5518,5576,195.83931133428982
holley,4486,204,4690,182.60127931769722
maxi,142,167,309,16.181229773462782
truee,33,13,46,86.95652173913044
shinya,16,27,43,51.162790697674424
jacquay,13,17,30,26.666666666666668
melba,34873,52,34925,199.40443808160344
martez,6,4097,4103,199.4150621496466
jadynn,547,34,581,176.592082616179
mardell,2170,94,2264,183.3922261484099
genesis,93578,3666,97244,184.92040640039488
man,150,207,357,31.932773109243694
lannie,1566,1858,3424,17.056074766355138
brady,2138,96770,98908,191.35358110567395
raihan,25,289,314,168.15286624203821
lyrick,150,184,334,20.35928143712575
del,672,4298,4970,145.9154929577465
kasen,124,11414,11538,195.70116137978852
blayze,90,1257,1347,173.27394209354122
giselle,50186,44,50230,199.6496117857854
janiel,207,900,1107,125.20325203252031
jordain,215,59,274,113.86861313868613
maysin,5,100,105,180.95238095238096
armanni,44,76,120,53.333333333333336
wm,86,2650,2736,187.4269005847953
elvira,27234,44,27278,199.35479140699465
lawan,96,54,150,56.00000000000001
lovell,632,3412,4044,137.48763600395648
katriel,413,31,444,172.07207207207207
tameron,53,123,176,79.54545454545455
bravery,69,155,224,76.78571428571429
azziah,6,5,11,18.181818181818183
criston,19,102,121,137.19008264462812
anibal,22,3928,3950,197.7721518987342
adar,52,111,163,72.39263803680981
maddyn,1130,35,1165,187.98283261802575
alonzo,154,45955,46109,198.66403522088962
lainey,28421,10,28431,199.8593085012838
lavette,1185,5,1190,198.31932773109244
emily,896487,1809,898296,199.19447487242513
tavaris,6,2520,2526,199.0498812351544
jamisen,199,385,584,63.6986301369863
barnie,5,641,646,196.90402476780187
diamon,507,25,532,181.203007518797
tamron,5,18,23,113.04347826086956
marni,3415,5,3420,199.41520467836258
gola,306,5,311,193.56913183279744
kmari,166,296,462,56.27705627705628
garyn,73,247,320,108.74999999999999
izra,20,39,59,64.40677966101694
keyari,298,47,345,145.5072463768116
kele,75,89,164,17.073170731707318
uri,140,1255,1395,159.85663082437276
ebenezer,33,1216,1249,189.43154523618895
booker,5,12230,12235,199.8365345320801
solace,219,212,431,3.248259860788863
hazael,70,628,698,159.88538681948424
ya,34,5,39,148.71794871794873
diamond,33733,2564,36297,171.7442212855057
xuan,242,25,267,162.54681647940075
eastynn,62,13,75,130.66666666666666
loan,426,32,458,172.05240174672488
lyn,7220,1561,8781,128.89192574877578
stephane,1128,702,1830,46.557377049180324
jadence,175,36,211,131.75355450236967
revel,153,366,519,82.08092485549133
honest,323,281,604,13.90728476821192
seattle,127,5,132,184.84848484848484
octavious,5,1669,1674,198.805256869773
carlton,277,48890,49167,197.74645595623082
artis,958,5377,6335,139.5106550907656
rielyn,226,5,231,191.34199134199136
killian,615,16219,16834,185.3867173577284
zamauri,6,101,107,177.57009345794393
terah,1373,43,1416,187.85310734463278
jovon,289,2727,3016,161.67108753315648
darius,272,54006,54278,197.99550462434135
unice,300,30,330,163.63636363636365
tenley,6854,5,6859,199.70841230500073
graylen,26,269,295,164.74576271186442
laquan,217,2478,2695,167.7922077922078
jadeyn,698,43,741,176.78812415654522
brentley,304,4244,4548,173.26297273526825
oshay,39,400,439,164.46469248291572
taye,48,579,627,169.377990430622
demoni,140,421,561,100.17825311942958
iona,12251,10,12261,199.67376233586168
riggins,5,984,989,197.97775530839232
femi,51,32,83,45.78313253012048
osceola,148,61,209,83.25358851674642
archi,5,6,11,18.181818181818183
che,364,2105,2469,141.028756581612
tylar,1351,1633,2984,18.900804289544233
quinnlan,27,118,145,125.51724137931035
kimberley,38043,235,38278,197.54428131041328
coen,17,4506,4523,198.49657307097058
gaby,1437,26,1463,192.8913192071087
javier,494,107969,108463,198.17818057770853
kiri,989,5,994,197.98792756539237
kamare,5,207,212,190.56603773584905
treva,9664,11,9675,199.5452196382429
nicco,5,1168,1173,198.29497016197783
gilliam,10,147,157,174.52229299363057
abiola,183,50,233,114.16309012875536
jasdeep,49,219,268,126.86567164179105
caitlyn,52603,34,52637,199.7416266124589
reid,992,40791,41783,190.50331474523134
alfie,128,1049,1177,156.49957519116398
torry,236,1460,1696,144.33962264150944
mindy,42615,67,42682,199.37210065132842
jaidan,580,1073,1653,59.64912280701754
kinley,19959,354,20313,193.02909466843894
kamden,708,12556,13264,178.64897466827503
meccah,6,5,11,18.181818181818183
carlisle,467,1862,2329,119.79390296264492
deion,123,6043,6166,192.02075900097307
ahmari,468,1389,1857,99.19224555735056
jovita,3292,5,3297,199.3933879284198
kourage,21,32,53,41.509433962264154
jamarian,6,926,932,197.42489270386267
andie,5532,211,5743,185.303848162981
derrian,88,676,764,153.92670157068062
samay,41,445,486,166.2551440329218
atreya,59,39,98,40.816326530612244
leightyn,291,5,296,193.24324324324326
dash,87,4297,4384,192.06204379562044
lumi,679,33,712,181.46067415730337
elishah,27,233,260,158.46153846153845
ferol,618,10,628,193.63057324840764
erinn,3418,143,3561,183.93709632125808
jackson,778,297220,297998,198.95569768924622
lucca,769,7889,8658,164.47216447216445
oval,101,500,601,132.77870216306155
vere,17,193,210,167.61904761904762
quran,34,1964,1998,193.1931931931932
beulah,73252,213,73465,198.8402640713265
navneet,260,28,288,161.11111111111111
jeshua,5,2623,2628,199.23896499238964
bee,677,1023,1700,40.705882352941174
ricardo,713,146456,147169,198.06209188076295
gordie,79,213,292,91.78082191780823
bert,657,33585,34242,192.32521464867708
krister,16,36,52,76.92307692307693
elham,344,101,445,109.21348314606743
gustavo,104,40357,40461,198.97184943525866
gabriel,6849,395778,402627,193.1956873235029
calloway,138,719,857,135.58926487747956
endi,25,114,139,128.05755395683454
shamarr,5,299,304,193.42105263157893
tenzing,21,59,80,95.0
aslan,90,1720,1810,180.11049723756906
mitchel,22,13287,13309,199.33879329776843
nathaniel,1162,287103,288265,198.38759474788822
silva,901,10,911,195.60922063666303
marlee,17654,269,17923,193.99654075768566
kallaway,18,5,23,113.04347826086956
kariel,83,35,118,81.35593220338984
marvin,1615,254192,255807,197.4746586293573
hosie,11,1231,1242,196.4573268921095
teegan,2000,1592,3592,22.717149220489976
donnie,7132,60928,68060,158.08404349103733
ascension,52,92,144,55.55555555555556
karver,13,444,457,188.6214442013129
estelle,56410,159,56569,198.87570931075325
garrie,74,342,416,128.84615384615387
jocelyn,113061,351,113412,198.76203576341126
chey,72,76,148,5.405405405405405
ange,351,15,366,183.60655737704917
eider,7,742,749,196.26168224299064
emery,43837,20412,64249,72.91942287039487
joyden,5,5,10,0.0
halley,4112,126,4238,188.10759792354887
kieren,118,518,636,125.78616352201257
dandre,37,7741,7778,198.09719722293647
adore,1108,73,1181,175.27519051651143
syncere,674,3134,3808,129.2016806722689
channa,873,5,878,197.72209567198178
norah,33869,129,33998,198.48226366256839
illinois,11,5,16,75.0
addisen,1204,6,1210,198.01652892561984
diorr,14,5,19,94.73684210526315
milani,11646,10,11656,199.65682910089225
zealand,72,925,997,171.11334002006018
estell,4232,551,4783,153.92013380723395
gabriell,1290,414,1704,102.8169014084507
etta,43268,23,43291,199.7874846965882
reshon,5,18,23,113.04347826086956
shaquane,5,5,10,0.0
sareth,20,12,32,50.0
kagan,73,651,724,159.6685082872928
wardell,36,4290,4326,196.6712898751734
jajuan,11,2452,2463,198.21356069833536
dashiell,16,2835,2851,197.75517362329006
jaquel,123,405,528,106.81818181818181
ara,3565,1301,4866,93.05384299219071
hale,14,1282,1296,195.679012345679
tylan,180,3908,4088,182.38747553816046
shy,427,51,478,157.32217573221757
gunnar,22,18156,18178,199.5158983386511
mackinzie,824,15,839,192.84862932061978
sophia,439108,511,439619,199.53505194270494
kollyn,101,181,282,56.73758865248227
hildreth,789,97,886,156.2076749435666
bronte,914,18,932,192.27467811158797
tamara,131286,417,131703,198.73351404296028
amzi,10,26,36,88.88888888888889
sakae,57,58,115,1.7391304347826086
reason,66,255,321,117.75700934579439
vergil,56,1968,2024,188.93280632411066
karmon,203,5,208,190.3846153846154
sion,85,798,883,161.49490373725934
sharay,739,5,744,197.31182795698925
dalynn,423,49,472,158.47457627118644
daylin,1979,1845,3824,7.00836820083682
kandy,5306,5,5311,199.62342308416495
callahan,1001,6030,7031,143.0521974114635
musa,31,6109,6140,197.98045602605862
oluwaferanmi,31,125,156,120.51282051282051
kline,6,238,244,190.1639344262295
wrennyn,5,6,11,18.181818181818183
mattingly,309,53,362,141.43646408839777
cory,6599,127179,133778,180.26880354019346
dacotah,32,76,108,81.48148148148148
mackenzi,2050,11,2061,197.86511402231926
shaw,62,1336,1398,182.26037195994277
mercer,213,1345,1558,145.3145057766367
taurean,45,2260,2305,192.19088937093275
stori,1521,15,1536,196.09375
nealy,296,83,379,112.40105540897099
cornell,348,11347,11695,188.09747755451048
kollin,5,2777,2782,199.28109273903667
tash,15,22,37,37.83783783783784
madeline,207385,245,207630,199.5280065501132
calin,224,1166,1390,135.53956834532374
apolinar,5,1299,1304,198.46625766871168
libby,17966,5,17971,199.888709587669
makaiah,229,40,269,140.5204460966543
zacaria,134,27,161,132.9192546583851
maura,19965,5,19970,199.899849774662
tallis,47,89,136,61.76470588235294
demetrise,25,6,31,122.58064516129032
kyomi,1363,6,1369,198.24689554419282
mckinley,13098,9786,22884,28.945988463555324
maryan,1586,33,1619,191.84681902408894
khalia,3572,7,3579,199.21765856384465
bren,174,562,736,105.43478260869566
yanick,45,57,102,23.52941176470588
pepper,3306,245,3551,172.4021402421853
nox,5,336,341,194.1348973607038
shawon,40,165,205,121.95121951219512
shanti,1885,140,2025,172.34567901234567
dominick,267,67180,67447,198.41653446409774
gerd,17,16,33,6.0606060606060606
larrie,339,929,1268,93.05993690851734
oluwatamilore,229,79,308,97.40259740259741
hannah,465685,721,466406,199.38165460993213
zia,3228,322,3550,163.7183098591549
blake,20065,186558,206623,161.15630883299536
shahad,272,5,277,192.77978339350182
addilyn,9857,5,9862,199.79720137903064
dajon,70,1725,1795,184.4011142061281
shantae,1583,6,1589,198.4896161107615
shawntel,1135,17,1152,194.09722222222223
rawlins,45,157,202,110.8910891089109
presley,31778,4945,36723,146.13729815102252
rhea,19737,408,20145,191.8987341772152
quian,10,11,21,9.523809523809524
kingston,193,46406,46599,198.34331208824224
demarcus,29,13618,13647,199.1499963361911
versailles,22,7,29,103.44827586206897
romie,671,1744,2415,88.86128364389234
lasalle,16,400,416,184.6153846153846
temari,252,5,257,192.21789883268482
jaydn,377,696,1073,59.45945945945946
casyn,26,510,536,180.59701492537314
kailen,728,945,1673,25.94142259414226
kody,879,23762,24641,185.73109857554482
cindy,257294,771,258065,198.80495224071456
alva,8889,11269,20158,23.613453715646394
georgie,12799,1645,14444,154.44475214621988
kaiori,78,5,83,175.9036144578313
cove,472,1224,1696,88.67924528301887
areon,45,87,132,63.63636363636363
rayaan,192,1094,1286,140.27993779160187
shevy,422,17,439,184.51025056947609
jacolby,15,1557,1572,196.18320610687024
james,23882,5250638,5274520,198.18887785049634
kito,11,160,171,174.26900584795322
chaney,1372,411,1783,107.79584969153113
jady,221,5,226,191.1504424778761
alvie,631,4094,4725,146.58201058201058
jerrel,26,2448,2474,195.7962813257882
oshea,61,1227,1288,181.055900621118
thoma,20,78,98,118.36734693877551
kharter,101,535,636,136.47798742138363
kacy,5049,998,6047,133.98379361666943
pilar,5505,753,6258,151.86960690316397
osean,7,43,50,144.0
diallo,5,806,811,197.53390875462392
franki,1136,84,1220,172.45901639344262
devonta,36,3151,3187,195.48164417947913
renner,31,602,633,180.41074249605055
kyreigh,7,5,12,33.33333333333333
danyell,2520,324,2844,154.43037974683546
reyce,12,69,81,140.74074074074073
manaia,289,42,331,149.24471299093656
khayden,23,563,586,184.30034129692834
xian,87,376,463,124.83801295896329
hillary,29043,1262,30305,183.34268272562284
jorian,32,390,422,169.66824644549763
anthem,57,187,244,106.55737704918033
brionne,449,15,464,187.06896551724137
andee,1181,5,1186,198.31365935919055
un,7,7,14,0.0
deshane,17,238,255,173.33333333333334
carmel,7216,1393,8609,135.27703566035544
pryor,56,484,540,158.51851851851853
ingram,13,419,432,187.96296296296296
noy,22,22,44,0.0
hoa,270,262,532,3.007518796992481
chimere,824,5,829,197.58745476477685
tyreese,49,1973,2022,190.30662710187934
brier,344,611,955,55.91623036649215
keimoni,39,69,108,55.55555555555556
amerson,5,11,16,75.0
saturn,107,50,157,72.61146496815286
sheridan,5604,2768,8372,67.74964166268515
oluwadara,92,5,97,179.3814432989691
sherrie,35148,11,35159,199.87485423362438
ronny,478,14567,15045,187.29145895646394
tinashe,18,5,23,113.04347826086956
espyn,147,7,154,181.8181818181818
vesta,8181,27,8208,198.6842105263158
olsen,5,491,496,195.96774193548387
zariel,244,108,352,77.27272727272727
blayne,553,4050,4603,151.94438409732783
xiao,65,6,71,166.19718309859155
adrine,64,5,69,171.0144927536232
brooklynn,38132,31,38163,199.67507795508737
mar,935,253,1188,114.81481481481481
seeley,166,510,676,101.77514792899409
katin,11,20,31,58.06451612903226
breland,89,438,527,132.44781783681213
tahari,247,118,365,70.68493150684931
vonnie,3691,430,4121,158.2625576316428
parrish,484,2706,3190,139.3103448275862
kopper,5,14,19,94.73684210526315
rajdeep,11,41,52,115.38461538461537
beren,76,325,401,124.18952618453865
kambryn,174,20,194,158.76288659793815
ell,10,144,154,174.02597402597402
agustin,21,16327,16348,199.48617567898214
shie,5,6,11,18.181818181818183
eisley,2361,20,2381,196.64006719865603
kaizer,5,1367,1372,198.54227405247812
domique,139,68,207,68.59903381642512
huey,5,7098,7103,199.7184288328875
levorn,19,122,141,146.09929078014184
cloyce,121,877,998,151.50300601202403
aryeh,5,3495,3500,199.42857142857142
noah,5020,529602,534622,196.24407525316954
sheena,22380,67,22447,198.80607653583996
ezrah,534,2770,3304,135.3510895883777
dru,1866,2788,4654,39.6218306832832
kahari,106,961,1067,160.26241799437676
kennedi,15537,15,15552,199.6141975308642
gearld,5,4281,4286,199.5333644423705
amirii,16,26,42,47.61904761904761
kenyatte,61,123,184,67.3913043478261
arreon,24,16,40,40.0
chosyn,288,251,539,13.729128014842301
zayah,835,26,861,187.92102206736354
memphys,53,59,112,10.714285714285714
savaughn,5,145,150,186.66666666666666
jadean,15,5,20,100.0
dyamond,1207,10,1217,196.71322925225965
joany,59,5,64,168.75
essa,226,760,986,108.31643002028397
emauri,42,167,209,119.61722488038278
laila,43484,23,43507,199.7885397752086
virgin,221,30,251,152.19123505976094
preet,88,148,236,50.847457627118644
ophelia,25770,15,25785,199.7673065735893
journi,5060,41,5101,196.78494412860223
alonte,6,462,468,194.87179487179486
miloh,7,376,383,192.6892950391645
jaylani,3843,96,3939,190.25133282559025
arion,620,2210,2830,112.36749116607774
farrell,472,4355,4827,160.88667909674746
ah,21,74,95,111.57894736842104
navjot,108,99,207,8.695652173913043
donald,5563,1414824,1420387,198.43338470430947
vickie,110046,388,110434,198.59463571001686
karn,164,5,169,188.1656804733728
yvan,5,505,510,196.078431372549
milian,74,52,126,34.92063492063492
australia,339,11,350,187.42857142857144
kery,76,60,136,23.52941176470588
wylee,177,463,640,89.375
atiba,5,368,373,194.63806970509384
mae,114835,606,115441,197.9002260895176
elvia,7680,31,7711,198.39190766437557
nagi,5,126,131,184.73282442748092
dobbie,5,11,16,75.0
rhiannon,15539,5,15544,199.8713329902213
mcallister,11,70,81,145.679012345679
jailani,614,5,619,196.76898222940227
kentrell,66,4277,4343,193.9212525903753
lenin,5,1722,1727,198.8419224088014
ylan,12,13,25,8.0
art,5,6141,6146,199.6745850959974
amando,134,1253,1387,161.35544340302812
bellamie,354,5,359,194.42896935933146
sande,258,16,274,176.64233576642337
danelle,7109,46,7155,197.4283717679944
tracye,1081,5,1086,198.158379373849
jearl,54,542,596,163.75838926174498
mckinly,30,5,35,142.85714285714286
dang,6,310,316,192.40506329113924
jarren,10,2220,2230,198.20627802690584
reather,912,5,917,197.81897491821155
ezari,6,10,16,50.0
kadynn,64,13,77,132.46753246753246
eleazar,7,6151,6158,199.54530691783046
rawlings,161,157,318,2.515723270440252
fischer,19,2158,2177,196.50895728066146
hermon,93,3966,4059,190.83518107908353
fame,7,5,12,33.33333333333333
hikari,277,5,282,192.9078014184397
neco,38,187,225,132.44444444444446
arthur,3201,548729,551930,197.68014059753952
madison,419806,7869,427675,192.64020576372246
lashon,1535,716,2251,72.76765881830298
tanis,994,535,1529,60.039241334205364
alexes,700,139,839,133.73063170441003
hananiah,107,82,189,26.455026455026452
daune,218,64,282,109.21985815602837
minor,12,1728,1740,197.24137931034483
liam,549,358536,359085,199.38844563264965
areyon,33,15,48,75.0
dilan,104,6034,6138,193.22254806125773
tonee,170,5,175,188.57142857142856
nehal,202,77,279,89.6057347670251
zay,6,302,308,192.2077922077922
christopher,9507,2069596,2079103,198.1709419879631
ed,165,26205,26370,197.4971558589306
veronica,223775,834,224609,198.5147523028908
seraphin,5,26,31,135.48387096774192
zaia,610,17,627,189.15470494417863
aldean,400,186,586,73.03754266211604
stewart,85,31200,31285,198.91321719673965
jency,246,10,256,184.375
betty,1001238,3619,1004857,198.5593970087286
armen,5,2139,2144,199.06716417910448
kismet,192,6,198,187.87878787878788
amadi,220,234,454,6.167400881057269
mckinney,38,35,73,8.21917808219178
remington,10118,23977,34095,81.29637776800116
isaiah,690,254020,254710,198.91641474618194
lemmie,150,666,816,126.47058823529412
phong,5,1011,1016,198.03149606299212
marcos,162,53580,53742,198.79423914257006
kekeli,48,10,58,131.0344827586207
briann,1609,20,1629,195.0890116635973
kyaire,58,2540,2598,191.07005388760584
hinckley,15,58,73,117.8082191780822
jahziah,17,283,300,177.33333333333334
phalon,37,15,52,84.61538461538461
wilmoth,178,30,208,142.30769230769232
deryn,201,33,234,143.5897435897436
jaquese,31,79,110,87.27272727272727
peppi,13,5,18,88.88888888888889
leo,2136,259988,262124,196.74047397414964
raydell,10,151,161,175.1552795031056
johna,2456,6,2462,199.0251827782291
ava,344097,344,344441,199.6005121341536
moon,465,162,627,96.65071770334929
shauna,28071,50,28121,199.28878773870062
tore,11,81,92,152.17391304347828
loghan,615,565,1180,8.47457627118644
neri,228,650,878,96.12756264236903
lougene,30,11,41,92.6829268292683
kaleo,5,2252,2257,199.11386796632698
jensen,2921,17347,20268,142.35247681073614
gabriele,2078,890,2968,80.05390835579514
sekani,286,1333,1619,129.33909820877085
chelsey,31498,65,31563,199.17625067325667
imaan,814,137,951,142.3764458464774
kiyan,28,2160,2188,194.88117001828152
dustie,921,11,932,195.27896995708153
lenore,22968,6,22974,199.89553408200575
christine,586465,2030,588495,198.62020917764806
rhyan,3097,1512,4609,68.77847689303536
jadore,1205,163,1368,152.33918128654972
chais,5,131,136,185.29411764705884
josue,185,57689,57874,198.7213601962885
michel,3555,10539,14094,99.10600255427842
miles,357,122868,123225,198.84114424832623
chiloh,24,23,47,4.25531914893617
manon,833,5,838,197.61336515513125
adiel,119,2944,3063,184.45968005223637
rhen,185,338,523,58.508604206500955
karlen,147,16,163,160.7361963190184
shann,214,281,495,27.070707070707073
alexys,4166,378,4544,166.72535211267606
emerald,9518,538,10056,178.59984089101036
emmerson,2480,613,3093,120.72421597154866
jovany,11,4679,4690,199.06183368869935
kaigen,5,33,38,147.36842105263156
king,40,37850,37890,199.57772499340197
lynx,65,408,473,145.03171247357295
kahne,5,199,204,190.19607843137254
annabelle,67543,10,67553,199.94078723372758
donel,30,691,721,183.35644937586687
kaliyah,12946,5,12951,199.84557177051965
marchell,578,6,584,195.8904109589041
chayce,328,2173,2501,147.54098360655738
ola,29651,624,30275,191.75557390586292
aspyn,3962,125,4087,187.7660875948128
takoda,129,1790,1919,173.11099531005732
conlee,114,114,228,0.0
elvin,234,20932,21166,195.57781347444015
tori,37134,1214,38348,187.33701887973297
kha,5,88,93,178.49462365591398
jerzey,434,78,512,139.0625
jaleen,344,380,724,9.94475138121547
braelin,254,384,638,40.75235109717868
reegan,1178,351,1529,108.17527795945061
delvin,27,5328,5355,197.98319327731093
arnaaz,65,10,75,146.66666666666666
ethel,278922,1490,280412,197.87455601044178
aliza,11970,5,11975,199.8329853862213
glynis,2014,10,2024,198.02371541501975
berenice,9513,11,9524,199.53800923981518
malka,6500,5,6505,199.6925441967717
stacy,164011,22257,186268,152.20435072046726
jamaris,77,396,473,134.88372093023256
fabiola,9376,53,9429,197.7516173507265
darrel,123,29769,29892,198.3540746688077
deryl,190,1826,2016,162.3015873015873
harman,63,1049,1112,177.33812949640287
burnes,5,57,62,167.74193548387098
onix,12,371,383,187.46736292428199
jeffrie,86,934,1020,166.27450980392157
shukri,255,15,270,177.77777777777777
manjot,95,141,236,38.983050847457626
dannon,92,503,595,138.15126050420167
daily,271,73,344,115.11627906976744
randi,29663,1136,30799,185.2462742296828
lindal,5,30,35,142.85714285714286
yinuo,46,24,70,62.857142857142854
melissa,760128,2495,762623,198.69135863985218
jeannette,69251,49,69300,199.7171717171717
jacquel,363,168,531,73.44632768361582
hutton,59,685,744,168.27956989247312
daylynn,383,40,423,162.17494089834514
corren,25,5,30,133.33333333333331
jaior,36,16,52,76.92307692307693
deon,1670,15318,16988,160.67812573581352
kharri,16,6,22,90.9090909090909
latanya,9850,23,9873,199.06816570444647
kimball,140,2008,2148,173.9292364990689
nayeli,24651,14,24665,199.77295763227247
otto,100,39915,40015,199.00037485942772
violeta,8730,5,8735,199.77103606182027
bennie,9936,52753,62689,136.60131761553063
alberta,70365,399,70764,197.74461590639308
terrell,1585,36502,38087,183.35390028093573
jensy,49,59,108,18.51851851851852
kristien,264,41,305,146.22950819672133
nabil,49,1961,2010,190.24875621890547
bralyn,331,531,862,46.403712296983755
dionna,3775,5,3780,199.47089947089947
darrean,18,16,34,11.76470588235294
johnny,3778,317918,321696,195.30239729434
rudolph,197,53441,53638,198.5308922778627
orr,5,45,50,160.0
eva,284761,1007,285768,198.5904649925814
ash,145,2535,2680,178.3582089552239
starlin,41,226,267,138.57677902621722
ly,280,119,399,80.7017543859649
makani,145,371,516,87.59689922480621
carlie,15019,1292,16311,168.3158604622647
deaire,5,229,234,191.45299145299145
verbie,183,5,188,189.36170212765958
nolan,556,135505,136061,198.36543903102287
brysen,6,3680,3686,199.34888768312533
loddie,6,7,13,15.384615384615385
jezreel,209,681,890,106.06741573033709
emra,79,6,85,171.76470588235293
foye,254,120,374,71.65775401069519
dani,10339,1085,11424,162.00980392156862
aran,27,974,1001,189.21078921078922
henley,6725,1547,8272,125.19342359767892
codi,3577,2021,5598,55.591282600928906
catina,4178,8,4186,199.235547061634
amarea,125,6,131,181.6793893129771
kaleb,202,86649,86851,199.0696710458141
saiyr,62,109,171,54.97076023391813
karmani,80,20,100,120.0
talan,51,3982,4033,194.94173072154723
jariel,39,2188,2227,192.99506061966773
khalani,2671,61,2732,191.0688140556369
astor,10,435,445,191.01123595505618
kimari,546,398,944,31.35593220338983
orbie,51,609,660,169.0909090909091
allante,131,492,623,115.8908507223114
deshannon,193,114,307,51.465798045602604
kasiah,298,204,502,37.45019920318725
kenyada,565,146,711,117.86216596343178
veron,5,478,483,195.8592132505176
faelan,19,78,97,121.64948453608247
trini,708,241,949,98.41938883034773
bradlyn,5,34,39,148.71794871794873
westley,65,10119,10184,197.4469756480754
abraxas,5,68,73,172.6027397260274
akili,254,461,715,57.90209790209791
jaycee,11099,1613,12712,149.24480805538073
billie,103663,31637,135300,106.46858832224686
andree,1944,1090,3034,56.29531970995386
merida,1567,5,1572,198.72773536895673
diavion,99,15,114,147.36842105263156
waelyn,38,71,109,60.550458715596335
korin,1133,108,1241,165.18936341659952
callihan,15,7,22,72.72727272727273
kaley,13682,25,13707,199.27044575764208
cobie,278,405,683,37.18887262079063
marjorie,274017,594,274611,199.13477610146717
shaundell,5,42,47,157.4468085106383
krue,89,1540,1629,178.14610190300797
reis,121,812,933,148.12433011789926
kensington,2950,162,3112,179.17737789203085
delani,2068,72,2140,186.54205607476635
french,10,1119,1129,196.45704162976085
tanny,177,10,187,178.6096256684492
ilay,7,208,215,186.97674418604652
braley,316,11,327,186.54434250764527
katherine,650926,1824,652750,198.8822673305247
kensley,8948,337,9285,185.48196015078082
brailynn,925,27,952,188.65546218487395
pamela,595076,1386,596462,199.07051916132127
miami,343,6,349,193.12320916905443
luster,12,1120,1132,195.75971731448763
iyinoluwa,10,5,15,66.66666666666666
dillan,393,6994,7387,178.71937186950046
brittani,11754,22,11776,199.25271739130434
merrit,112,183,295,48.13559322033898
debbie,187853,434,188287,199.07800326097924
tonja,6989,5,6994,199.71404060623394
marzell,204,267,471,26.751592356687897
kosisochukwu,127,104,231,19.913419913419915
jassiah,17,356,373,181.76943699731905
denelle,637,6,643,196.2674961119751
noname,5,11,16,75.0
diya,5079,12,5091,199.0571596935769
sari,3372,40,3412,195.31066822977726
jovonn,5,22,27,125.92592592592592
roberto,834,112643,113477,197.06019722058215
noemi,23180,69,23249,198.81285216568455
janan,645,10,655,193.89312977099235
destri,26,5,31,135.48387096774192
lucinda,38401,11,38412,199.88545246277204
rylee,69010,5547,74557,170.24021889292754
sarai,22919,6,22925,199.89531079607414
anshu,138,10,148,172.97297297297297
october,1246,96,1342,171.3859910581222
felicia,91092,279,91371,198.77860590340478
sakima,5,10,15,66.66666666666666
nickolas,47,39356,39403,199.52287896860645
chrisean,8,169,177,181.92090395480224
brianna,264799,438,265237,199.3394586728096
arlin,812,4072,4884,133.4971334971335
antonia,34222,2618,36840,171.5743756786102
falcon,23,499,522,182.37547892720306
ti,12,57,69,130.43478260869566
augustine,3842,16164,20006,123.18304508647407
kaesyn,74,422,496,140.3225806451613
paetyn,1087,11,1098,195.9927140255009
li,250,132,382,61.78010471204188
mervin,38,12322,12360,198.77022653721684
jena,13241,7,13248,199.78864734299518
maureen,144276,328,144604,199.0926945312716
blue,503,950,1453,61.527873365450795
daria,9063,5,9068,199.77944419938245
joesph,12,15650,15662,199.69352573106883
conner,867,56395,57262,193.94362753658623
jasani,454,307,761,38.633377135348226
elouise,11398,5,11403,199.82460755941418
valdean,5,6,11,18.181818181818183
arwyn,671,50,721,172.26074895977808
darley,12,6,18,66.66666666666666
tana,9274,6,9280,199.74137931034483
ariann,476,6,482,195.0207468879668
diondra,688,5,693,197.1139971139971
kurt,196,85858,86054,199.08894415134682
terrill,714,4365,5079,143.76845835794447
jaidence,109,37,146,98.63013698630137
delacy,20,5,25,120.0
smith,189,5475,5664,186.65254237288136
tay,55,205,260,115.38461538461537
min,243,395,638,47.64890282131661
kayen,5,94,99,179.7979797979798
ymir,19,60,79,103.79746835443038
branden,330,27537,27867,195.26321455484984
deana,23462,14,23476,199.76145851081958
lamani,76,5,81,175.30864197530863
cheryl,439539,978,440517,199.11195254666677
chancy,209,649,858,102.56410256410255
alisa,34705,22,34727,199.74659486854608
liliana,74990,156,75146,199.16961647991909
acey,65,441,506,148.61660079051384
landy,255,606,861,81.53310104529616
bailey,110806,21738,132544,134.39763399324
kael,16,4055,4071,198.42790469172195
kimani,1699,1758,3457,3.4133641886028347
montez,737,3205,3942,125.21562658548959
aja,8314,90,8404,195.71632555925748
alec,337,55152,55489,197.57068968624412
mofetoluwa,5,5,10,0.0
aria,95674,699,96373,197.09877247776868
kerrin,1004,10,1014,196.0552268244576
delynn,719,99,818,151.58924205378975
tochi,55,21,76,89.47368421052632
jupiter,1099,650,1749,51.34362492853059
denzel,41,11738,11779,198.6076916546396
daire,11,261,272,183.8235294117647
jacari,102,2833,2935,186.09880749574106
jeanmarie,2313,7,2320,198.79310344827584
alejandro,846,146624,147470,197.70529599240524
enzi,45,134,179,99.4413407821229
sifat,41,5,46,156.52173913043478
ravinder,5,93,98,179.59183673469389
shua,11,47,58,124.13793103448276
jasmon,128,74,202,53.46534653465347
waylan,11,1288,1299,196.61277906081602
irby,26,1104,1130,190.79646017699113
sabri,38,193,231,134.19913419913422
davae,47,5,52,161.53846153846155
jamaine,16,1340,1356,195.2802359882006
macaiah,71,42,113,51.32743362831859
reed,921,36056,36977,190.03705005814425
kelley,46099,6286,52385,152.00152715471987
vanny,49,16,65,101.53846153846153
aubren,30,11,41,92.6829268292683
jinx,204,12,216,177.77777777777777
lane,4615,47562,52177,164.62042662475804
rainer,16,1260,1276,194.9843260188088
brenton,18,15099,15117,199.523715022822
corbin,665,41112,41777,193.63286018622688
nevaeh,98497,427,98924,198.2734220209454
allison,319119,3825,322944,195.2623365041617
latasha,30211,114,30325,198.49629018961252
kairi,6256,569,6825,166.65201465201466
joal,25,97,122,118.0327868852459
ford,17,11009,11026,199.383275893343
brandel,18,52,70,97.14285714285714
austen,1291,8125,9416,145.1571792693288
jazmond,10,17,27,51.85185185185185
harlie,4492,778,5270,140.94876660341555
debora,30133,28,30161,199.628659527204
denym,431,343,774,22.739018087855296
baraa,38,187,225,132.44444444444446
shadee,91,73,164,21.951219512195124
joseph,10723,2669490,2680213,198.39967942846332
tiki,356,23,379,175.72559366754618
worthy,64,404,468,145.2991452991453
mang,79,162,241,68.87966804979253
marisela,10309,29,10338,198.87792609789128
tavin,23,1880,1903,195.165528113505
maciel,198,63,261,103.44827586206897
shondell,237,262,499,10.02004008016032
yareth,249,403,652,47.239263803680984
audrey,305883,2929,308812,196.20610598033755
kiyo,107,25,132,124.24242424242425
loran,817,3714,4531,127.8746413595233
iyah,222,5,227,191.18942731277534
sarin,128,11,139,168.34532374100718
john,21744,5182633,5204377,198.32879132314974
canon,41,2751,2792,194.12607449856733
angelia,22466,22,22488,199.60868018498755
shawntay,695,35,730,180.82191780821915
dorrian,31,480,511,175.73385518591
wallace,588,83263,83851,197.1950245077578
melva,14155,30,14185,199.15403595347198
vashawn,33,505,538,175.4646840148699
knoxly,6,5,11,18.181818181818183
tilar,20,13,33,42.42424242424242
raahi,188,26,214,151.4018691588785
evin,516,3193,3709,144.3515772445403
alberto,447,62812,63259,197.1735247158507
hensley,2038,179,2217,167.7041046459179
alder,68,1363,1431,180.99231306778475
paris,33663,9260,42923,113.70593854110848
pharaoh,5,1992,1997,198.99849774661993
milagros,10474,5,10479,199.80914209371124
eres,15,7,22,72.72727272727273
brittian,26,84,110,105.45454545454544
jody,55845,31562,87407,55.56305559051334
blanch,6420,30,6450,198.13953488372093
johanny,403,42,445,162.24719101123594
rowdie,5,5,10,0.0
kristen,218767,2185,220952,196.04438973170645
kamar,56,1576,1632,186.27450980392157
regina,184272,563,184835,198.78161603592392
cappy,5,5,10,0.0
henrie,51,35,86,37.2093023255814
owynn,84,161,245,62.857142857142854
jaalyn,5,6,11,18.181818181818183
sherri,83667,176,83843,199.16033538876232
raven,44920,3333,48253,172.3706298054007
desiah,49,71,120,36.666666666666664
corbyn,500,3090,3590,144.28969359331475
jaqui,17,23,40,30.0
dmoni,11,146,157,171.97452229299364
gervase,5,197,202,190.0990099009901
nalu,40,178,218,126.60550458715596
lucian,32,14469,14501,199.11730225501688
darlin,845,91,936,161.11111111111111
javis,5,869,874,197.7116704805492
shaka,142,697,839,132.30035756853397
wrenly,993,15,1008,194.04761904761904
huxlee,111,300,411,91.97080291970804
neal,257,55048,55305,198.14121688816562
jaedyn,2599,2110,4709,20.768740709280102
delmar,134,14242,14376,196.27156371730663
loral,101,54,155,60.64516129032258
kya,6372,13,6385,199.18559122944401
lorien,924,33,957,186.20689655172413
islah,596,5,601,196.67221297836937
demetrus,22,639,661,186.68683812405447
shailoh,21,9,30,80.0
luther,435,66986,67421,197.4192017323979
santa,4370,40,4410,196.3718820861678
trina,32568,30,32598,199.6318792563961
jaye,2468,1118,3586,75.29280535415505
marci,14026,11,14037,199.68654270855598
potter,5,20,25,120.0
sharan,1190,58,1248,181.4102564102564
alvaro,5,17357,17362,199.884805897938
harlem,1745,3437,5182,65.30297182554999
macklyn,272,79,351,109.97150997150997
randolph,112,49424,49536,199.09560723514213
undrea,186,70,256,90.625
bralynn,565,121,686,129.44606413994168
uriyah,232,483,715,70.20979020979021
sadra,33,13,46,86.95652173913044
terril,83,513,596,144.29530201342283
jehan,347,156,503,75.94433399602386
sama,1813,6,1819,198.68059373282023
keyoni,183,17,200,166.0
carlyn,4306,67,4373,193.87148410702036
robi,356,116,472,101.69491525423729
darrelle,64,249,313,118.21086261980831
tyjai,92,116,208,23.076923076923077
tishawn,52,229,281,125.97864768683273
kru,36,595,631,177.17908082408874
dilpreet,37,38,75,2.666666666666667
oriah,415,5,420,195.23809523809524
gariel,6,40,46,147.82608695652172
detrich,11,117,128,165.625
orlee,41,5,46,156.52173913043478
sheng,370,16,386,183.41968911917098
jaxtyn,5,2208,2213,199.0962494351559
wallis,573,625,1198,8.681135225375627
michelle,816510,3250,819760,198.4141700009759
afton,5223,854,6077,143.78805331578081
tennie,2777,19,2796,197.28183118741057
jaedin,123,417,540,108.88888888888889
laquinta,1209,27,1236,191.2621359223301
octavio,5,11449,11454,199.82538851056398
billee,614,5,619,196.76898222940227
chi,763,563,1326,30.165912518853695
estefani,4428,16,4444,198.55985598559855
dionne,9860,445,10305,182.72683163512858
eldean,223,143,366,43.71584699453552
kang,108,44,152,84.21052631578947
latrice,9137,17,9154,199.25715534192702
kallan,382,824,1206,73.30016583747927
haylen,1029,181,1210,140.16528925619835
jamell,75,2165,2240,186.60714285714286
suhail,25,384,409,175.55012224938875
aaris,77,98,175,24.0
vernis,187,293,480,44.166666666666664
mishon,28,68,96,83.33333333333334
lexus,6574,263,6837,184.61313441567938
amber,374690,978,375668,198.958654982591
linell,293,159,452,59.29203539823009
rasha,696,37,733,179.80900409276944
loni,3770,108,3878,188.8602372356885
nkosi,7,374,381,192.6509186351706
quinci,318,37,355,158.30985915492957
cashmere,697,657,1354,5.908419497784342
raedyn,267,186,453,35.76158940397351
mervyn,5,1581,1586,198.73896595208072
brandan,96,5680,5776,193.35180055401662
dorcus,282,5,287,193.03135888501743
jamaree,5,825,830,197.59036144578312
norell,64,15,79,124.0506329113924
zollie,134,823,957,143.9916405433647
abey,17,10,27,51.85185185185185
cassie,46642,385,47027,196.72528547430198
akoa,8,85,93,165.59139784946237
percie,30,51,81,51.85185185185185
delona,267,5,272,192.64705882352942
yoon,39,80,119,68.90756302521008
keahi,30,329,359,166.57381615598885
peyden,16,5,21,104.76190476190477
daelyn,1650,849,2499,64.10564225690277
rashon,118,1874,1992,176.30522088353413
marquell,19,1562,1581,195.19291587602783
coast,87,765,852,159.1549295774648
laurell,381,10,391,189.769820971867
liza,17641,14,17655,199.68280940243557
sophana,5,14,19,94.73684210526315
nhyira,119,5,124,183.8709677419355
blaney,13,5,18,88.88888888888889
wynne,1710,167,1877,164.41129461907298
carris,21,17,38,21.052631578947366
gilbert,673,130148,130821,197.9422264009601
deavin,5,127,132,184.84848484848484
donyea,97,171,268,55.223880597014926
tayen,111,76,187,37.4331550802139
zennie,113,10,123,167.47967479674796
berkeley,2073,900,2973,78.91019172552977
gail,201746,8952,210698,183.00505937408045
andria,8933,60,8993,197.3312576448349
deshone,51,288,339,139.8230088495575
graisyn,43,76,119,55.46218487394958
kerlin,12,5,17,82.35294117647058
jeziah,42,667,709,176.30465444287728
kamry,990,23,1013,190.91806515301087
merari,1349,21,1370,193.86861313868613
kartyr,23,13,36,55.55555555555556
fynlee,419,5,424,195.2830188679245
brandon,4145,770509,774654,197.8596896162674
cyler,5,655,660,196.96969696969697
miccah,6,48,54,155.55555555555557
benni,116,24,140,131.42857142857142
burnell,593,2790,3383,129.88471770617795
kasiyah,205,8,213,184.97652582159625
corrin,1980,152,2132,171.48217636022514
zior,5,5,10,0.0
maclaine,128,19,147,148.29931972789117
kartier,196,1714,1910,158.95287958115182
bernice,182130,3403,185533,192.66329979033378
eden,52434,10966,63400,130.81388012618297
doral,86,216,302,86.09271523178808
hali,4639,10,4649,199.13959991395998
lashone,396,56,452,150.44247787610618
sparrow,1005,188,1193,136.9656328583403
torence,5,75,80,175.0
geo,16,1308,1324,195.16616314199396
deniss,82,5,87,177.01149425287358
seneca,1766,1757,3523,0.510928186204939
caelyn,2421,5,2426,199.17559769167354
shalom,1229,2460,3689,66.73895364597452
shaquilla,520,36,556,174.10071942446044
randal,132,29192,29324,198.19942709043787
jerae,61,6,67,164.17910447761196
shalimar,639,5,644,196.8944099378882
kelin,321,478,799,39.2991239048811
kurrency,5,54,59,166.10169491525423
wilda,12759,15,12774,199.53029591357446
leone,6182,455,6637,172.57797197529004
asiyah,1763,178,1941,163.31787738279237
gaylen,348,2025,2373,141.34007585335019
tyronza,108,6,114,178.94736842105263
karl,915,100836,101751,196.40298375445943
terrie,19729,339,20068,193.24297388877815
jamieson,78,1642,1720,181.86046511627907
chloe,254389,352,254741,199.4472817489136
jasmen,607,11,618,192.88025889967636
tovia,46,285,331,144.4108761329305
tamika,22760,90,22850,198.42450765864334
psalms,131,153,284,15.492957746478872
marlow,1903,2193,4096,14.16015625
milan,9557,18608,28165,64.27125865435825
tayte,142,502,644,111.80124223602483
novie,386,6,392,193.87755102040816
larri,203,62,265,106.41509433962264
rhyder,155,1220,1375,154.9090909090909
bond,6,275,281,191.4590747330961
makayla,108030,153,108183,199.43429189429023
preston,799,122958,123757,197.41751981706085
keita,189,491,680,88.8235294117647
remii,154,5,159,187.42138364779873
deundra,102,163,265,46.0377358490566
mishal,241,5,246,191.869918699187
keola,31,581,612,179.73856209150327
zaedyn,5,808,813,197.53997539975398
acai,6,38,44,145.45454545454547
danyel,2511,738,3249,109.14127423822715
kylor,5,500,505,196.03960396039605
ason,41,469,510,167.84313725490196
detric,5,426,431,195.3596287703016
altie,650,10,660,193.93939393939394
mayer,68,2545,2613,189.59050899349407
kaylin,19307,627,19934,187.41848098725796
ammer,5,5,10,0.0
brogen,6,170,176,186.36363636363635
hildred,2404,421,2825,140.38938053097345
spirit,857,16,873,192.66895761741122
hollace,328,37,365,159.45205479452054
masen,92,3243,3335,188.9655172413793
rasheed,35,4838,4873,197.12702647239894
ronak,24,937,961,190.01040582726327
christina,479718,1989,481707,198.3483735963978
kamoni,549,280,829,64.89746682750301
emani,6329,454,6783,173.22718561108655
khemani,9,8,17,11.76470588235294
irah,60,86,146,35.61643835616438
nasim,119,496,615,122.60162601626017
keari,401,25,426,176.52582159624413
ashe,206,342,548,49.63503649635037
sumner,218,2444,2662,167.2426746806912
nohea,176,42,218,122.93577981651376
kolbey,22,243,265,166.7924528301887
melville,14,2269,2283,197.54708716600965
ayman,51,2880,2931,193.03991811668374
irwin,12,15946,15958,199.69921042737184
alisha,56996,131,57127,199.08274546186567
mari,16579,66,16645,198.41393811955544
paxtyn,477,493,970,3.2989690721649487
logyn,395,215,610,59.01639344262295
jionni,49,1439,1488,186.8279569892473
riese,44,64,108,37.03703703703704
jasnoor,165,20,185,156.75675675675674
torrie,2878,586,3464,132.33256351039262
charli,11692,146,11838,195.0667342456496
nigel,85,12286,12371,197.251636892733
audie,2436,4431,6867,58.103975535168196
kellyn,1984,225,2209,159.25758261656858
jahel,10,292,302,186.75496688741723
nirvair,6,200,206,188.3495145631068
shion,38,134,172,111.62790697674419
krymson,54,5,59,166.10169491525423
noam,244,2902,3146,168.97647806738715
kolbee,94,61,155,42.58064516129032
emilia,69076,45,69121,199.73958710088107
sandi,10101,21,10122,199.1701244813278
neyland,15,579,594,189.8989898989899
tristan,6551,124243,130794,179.96544183983977
rajah,175,443,618,86.73139158576052
madyx,61,104,165,52.121212121212125
dene,572,223,795,87.79874213836479
remingtyn,183,24,207,153.6231884057971
mathison,5,6,11,18.181818181818183
tary,30,57,87,62.06896551724138
airen,135,186,321,31.775700934579437
opal,73539,718,74257,196.13235115881332
nyia,671,5,676,197.0414201183432
alphonso,27,15187,15214,199.29012751413174
shawntae,854,15,869,193.09551208285384
rene,21839,50940,72779,79.97087071820168
jing,125,22,147,140.1360544217687
federico,5,8971,8976,199.77718360071302
egan,49,1219,1268,184.54258675078864
cady,2434,20,2454,196.7400162999185
ellery,4744,2261,7005,70.89221984296931
katori,195,7,202,186.13861386138615
zani,161,101,262,45.80152671755725
carlo,80,15920,16000,198.0
kelani,1708,66,1774,185.1183765501691
london,44455,10324,54779,124.61344675879442
aubre,798,15,813,192.61992619926198
revan,94,1044,1138,166.95957820738136
zyion,194,1403,1597,151.4088916718848
mycah,828,855,1683,3.2085561497326207
unk,17,37,54,74.07407407407408
bettye,22920,47,22967,199.18143423172378
katlin,5335,126,5461,190.77092107672587
marquise,392,10603,10995,185.73897226011823
amine,23,463,486,181.06995884773661
danuel,5,286,291,193.12714776632302
javin,5,2426,2431,199.17729329494037
yoshi,91,219,310,82.58064516129032
isaac,784,331508,332292,199.0562517304058
brycen,26,13986,14012,199.25777904653154
andres,449,96284,96733,198.14334301634395
jahan,45,832,877,179.47548460661343
malani,7112,5,7117,199.71898271743714
ridwan,37,689,726,179.61432506887053
keighan,34,155,189,128.04232804232805
jaylinn,736,28,764,185.34031413612567
jayceon,35,13545,13580,198.96907216494844
betsy,48947,10,48957,199.9182956472006
dannell,234,142,376,48.93617021276596
leaster,40,17,57,80.7017543859649
mikey,18,1572,1590,195.47169811320754
dashane,5,10,15,66.66666666666666
ryce,10,42,52,123.07692307692308
peter,1943,589588,591531,198.6861212683697
mekel,16,139,155,158.70967741935485
dequan,5,3850,3855,199.48119325551232
tomie,476,904,1380,62.02898550724638
patricia,1573623,4961,1578584,198.742924038252
micha,1196,1170,2366,2.197802197802198
hyland,52,241,293,129.01023890784984
anner,1037,59,1096,178.46715328467153
bryon,17,14720,14737,199.538576372396
eddye,294,6,300,192.0
drew,9493,78592,88085,156.89163875801782
dae,63,122,185,63.78378378378379
erika,125664,548,126212,198.26323962856148
lukas,19,44053,44072,199.82755491014703
mitsuki,58,10,68,141.1764705882353
yunuen,290,46,336,145.23809523809524
jailyn,5105,781,5886,146.9249065579341
lanier,154,1063,1217,149.3837304847987
indigo,4020,1222,5242,106.75314765356734
rosetta,28161,44,28205,199.37599716362345
ismael,73,44216,44289,199.34069407753617
sumeet,10,231,241,183.40248962655602
gabrieal,18,21,39,15.384615384615385
rox,330,5,335,194.02985074626866
powell,6,1485,1491,198.39034205231388
rhonnie,6,15,21,85.71428571428571
zabdi,146,33,179,126.25698324022345
ovi,98,42,140,80.0
isadore,195,5714,5909,186.7997969199526
arley,898,3648,4546,120.98548174219094
ruble,65,291,356,126.96629213483146
jem,107,64,171,50.29239766081871
kaydn,59,247,306,122.87581699346406
anais,9213,118,9331,194.9415925409924
renne,578,61,639,161.8153364632238
yahli,22,19,41,14.634146341463413
brentlee,137,827,964,143.15352697095435
salem,6491,4687,11178,32.27768831633566
tyler,17523,603970,621493,188.7219968688304
irie,2755,627,3382,125.84269662921348
devonn,23,432,455,179.7802197802198
aquila,760,141,901,137.40288568257492
pierre,74,19069,19143,198.4537428825158
kyden,23,1655,1678,194.51728247914184
lyla,49294,5,49299,199.95943122578552
rosalio,5,2058,2063,199.03053805138148
veo,6,15,21,85.71428571428571
rylan,6628,34532,41160,135.5879494655005
lakai,45,557,602,170.09966777408638
cambridge,77,80,157,3.821656050955414
lennie,4835,2890,7725,50.355987055016186
darryan,19,15,34,23.52941176470588
finau,5,6,11,18.181818181818183
billyjo,44,34,78,25.64102564102564
hector,481,108728,109209,198.23824043805914
phyllis,322496,871,323367,198.92258641110564
azaniah,22,5,27,125.92592592592592
cy,23,3898,3921,197.6536597806682
jazman,329,11,340,187.05882352941177
mayne,5,10,15,66.66666666666666
rodrick,5,8963,8968,199.77698483496877
adean,93,23,116,120.6896551724138
daryle,198,2633,2831,172.0240197809961
lizzie,39538,102,39640,198.970736629667
jaire,35,1242,1277,189.03680501174628
aaron,4395,614462,618857,197.1592791226406
jacquell,15,16,31,6.451612903225806
korby,12,94,106,154.7169811320755
janus,127,41,168,102.38095238095238
arliss,801,728,1529,9.548724656638326
elner,393,5,398,194.9748743718593
seville,83,50,133,49.62406015037594
kierin,17,37,54,74.07407407407408
adrien,1407,9787,11194,149.7230659281758
byron,303,82238,82541,198.5316388219188
christ,52,3977,4029,194.837428642343
jacinth,12,16,28,28.57142857142857
carel,60,166,226,93.80530973451327
jadyn,11853,3667,15520,105.48969072164948
amadis,59,7,66,157.57575757575756
teri,43957,214,44171,198.06207692830137
juliette,40981,5,40986,199.95120284975357
adrianne,13332,31,13363,199.0720646561401
ruairi,12,289,301,184.05315614617942
aarin,307,927,1234,100.48622366288494
gordon,670,154909,155579,198.27740247719808
kaii,6,113,119,179.83193277310926
wheeler,5,1916,1921,198.95887558563248
manu,5,701,706,197.16713881019828
kani,262,652,914,85.33916849015317
rhett,251,36669,36920,197.28060671722642
aseel,1234,159,1393,154.34314429289304
sorin,20,547,567,185.8906525573192
glenna,25624,5,25629,199.92196340083498
armoni,2259,1496,3755,40.63914780292943
levi,1427,215013,216440,197.3627795231935
emiliano,5,42844,42849,199.95332446498168
daeshawn,5,855,860,197.67441860465115
audry,4029,496,4525,156.15469613259668
skyller,9,23,32,87.5
ryin,84,67,151,22.516556291390728
caprice,3383,180,3563,179.79230985124894
rahsaan,6,1614,1620,198.5185185185185
shonn,5,242,247,191.90283400809716
shady,202,328,530,47.54716981132076
geral,148,224,372,40.86021505376344
camaro,19,18,37,5.405405405405405
demea,5,12,17,82.35294117647058
lonni,412,19,431,182.3665893271462
mital,16,5,21,104.76190476190477
mackenley,10,5,15,66.66666666666666
radley,134,1597,1731,169.03523974581168
priscilla,122796,244,123040,199.20676202860858
cinthia,6138,6,6144,199.609375
rayce,11,1413,1424,196.91011235955057
yahir,50,12431,12481,198.39756429773254
seth,495,165793,166288,198.8092947175984
niamiah,42,5,47,157.4468085106383
nyx,535,138,673,117.97919762258545
meaghan,14036,7,14043,199.8006124047568
dalani,681,6,687,196.5065502183406
findley,125,347,472,94.0677966101695
elieth,100,7,107,173.83177570093457
maya,123587,163,123750,199.47313131313132
otha,1403,6386,7789,127.9496726152266
ozzie,963,3214,4177,107.78070385444099
savoy,12,176,188,174.468085106383
sharmon,458,7,465,193.9784946236559
bivian,7,5,12,33.33333333333333
pinkey,574,6,580,195.86206896551724
jamiri,23,102,125,126.4
britton,1956,6337,8293,105.65537200048234
british,300,31,331,162.5377643504532
olen,13,7665,7678,199.32274029695233
lorenzo,314,85752,86066,198.54065484628077
sayler,854,59,913,174.1511500547645
ziah,917,329,1246,94.3820224719101
hartlee,388,5,393,194.91094147582697
justin,3804,790469,794273,198.0842858815546
kendall,66533,35350,101883,61.213352571086446
kemauri,56,374,430,147.90697674418604
rodney,1175,247150,248325,198.10731903755158
shantell,5080,26,5106,197.96318057187622
miah,9583,10,9593,199.58302929219224
loree,3469,5,3474,199.4242947610823
reace,37,89,126,82.53968253968253
emilee,24019,8,24027,199.8668164981063
ainsley,20470,426,20896,191.84532924961715
jelani,942,4718,5660,133.42756183745584
chayanne,223,399,622,56.59163987138264
brantleigh,87,5,92,178.26086956521738
jakel,11,326,337,186.94362017804153
elmer,1753,129591,131344,194.66134730174198
aldo,15,17728,17743,199.6618384715099
anders,5,8026,8031,199.75096501058397
penn,22,1208,1230,192.84552845528455
jamelle,382,816,1198,72.45409015025042
jarrod,65,25286,25351,198.9743994319751
caysen,54,2394,2448,191.1764705882353
odel,5,181,186,189.247311827957
keagan,1757,8784,10541,133.32700882269236
shaddai,320,127,447,86.35346756152126
cassidy,60848,3735,64583,176.86697737794776
andin,5,53,58,165.51724137931035
bright,43,406,449,161.69265033407572
taymar,32,42,74,27.027027027027028
mikiah,459,136,595,108.57142857142857
iker,7,18921,18928,199.85207100591714
tiffany,338864,1190,340054,198.6002223176319
taz,10,525,535,192.52336448598132
jemmie,97,110,207,12.560386473429952
beauford,10,1016,1026,196.10136452241716
dallis,857,939,1796,9.131403118040089
felis,42,62,104,38.46153846153847
kory,1338,14385,15723,165.96069452394582
darryn,49,1723,1772,188.9390519187359
deonne,437,47,484,161.15702479338842
taydem,106,29,135,114.07407407407408
shawna,45531,109,45640,199.0446976336547
ace,164,26319,26483,197.52293924404333
wylde,5,111,116,182.75862068965517
jackey,43,683,726,176.3085399449036
selena,59887,57,59944,199.61964500200187
breyer,52,210,262,120.61068702290076
angelis,530,35,565,175.2212389380531
lind,90,29,119,102.52100840336134
amal,4141,372,4513,167.02858409040547
oluwatobi,158,562,720,112.22222222222223
norris,523,16456,16979,187.6788974615702
jalin,471,1800,2271,117.04095112285337
jamari,894,15240,16134,177.83562662699887
iesha,7452,15,7467,199.19646444355163
mai,5677,20,5697,198.5957521502545
migdalia,4298,5,4303,199.5352079944225
pele,52,51,103,1.9417475728155338
karson,2106,21394,23500,164.1531914893617
bernell,750,1558,2308,70.01733102253033
desta,379,5,384,194.79166666666669
gaylan,46,481,527,165.0853889943074
brenley,1031,27,1058,189.79206049149337
haskell,10,3700,3710,198.92183288409703
alba,7471,108,7579,194.30003958305846
asaya,16,122,138,153.6231884057971
senna,1098,107,1205,164.48132780082986
tayven,48,700,748,174.33155080213905
rayvon,61,2059,2120,188.49056603773585
runako,5,28,33,139.3939393939394
demetres,6,97,103,176.6990291262136
carlon,187,863,1050,128.76190476190476
unnamed,265,372,637,33.594976452119305
sabre,520,73,593,150.75885328836424
kairy,220,6,226,189.38053097345133
kodee,380,311,691,19.971056439942114
kaye,13204,503,13707,185.32136864375866
scotti,712,119,831,142.719614921781
jiayi,123,60,183,68.85245901639344
finlee,1077,329,1406,106.40113798008535
shavonta,141,10,151,173.50993377483442
emanuel,99,54756,54855,199.27809680065627
luise,581,5,586,196.58703071672355
rhettlee,22,31,53,33.9622641509434
ogechukwu,51,6,57,157.89473684210526
kyori,50,5,55,163.63636363636365
neo,6,3117,3123,199.23150816522573
dima,410,79,489,135.37832310838448
ive,33,9,42,114.28571428571428
alyssa,314606,432,315038,199.45149474031706
kei,186,651,837,111.11111111111111
imani,27817,1395,29212,180.89826098863483
kemper,301,1598,1899,136.59820958399158
jakkia,16,8,24,66.66666666666666
bianca,77564,195,77759,198.9969006803071
noir,78,56,134,32.83582089552239
rizzo,5,50,55,163.63636363636365
lumiere,37,42,79,12.658227848101266
akanni,7,17,24,83.33333333333334
rothana,5,6,11,18.181818181818183
gladys,266718,1023,267741,198.47165731060988
carron,459,98,557,129.62298025134652
varenya,125,12,137,164.96350364963504
angelique,30164,6,30170,199.92045077891947
gean,670,564,1234,17.179902755267424
loxley,488,134,622,113.82636655948552
carey,12741,16880,29621,27.946389385908642
dwight,320,78587,78907,198.37783720075532
dorien,69,1207,1276,178.36990595611286
tullie,10,17,27,51.85185185185185
zaelyn,336,400,736,17.391304347826086
hilder,26,5,31,135.48387096774192
elsie,190072,886,190958,198.14409451292954
bailee,16240,243,16483,194.10301522781046
lynex,18,30,48,50.0
jolin,425,47,472,160.16949152542372
kiegan,5,160,165,187.87878787878788
bex,30,108,138,113.04347826086956
jolen,10,45,55,127.27272727272727
jasmir,6,31,37,135.13513513513513
tan,11,586,597,192.62981574539364
maheen,638,6,644,196.27329192546583
avery,170006,66880,236886,87.0680411674814
zoah,32,13,45,84.44444444444444
ida,187929,766,188695,198.37621558599855
tayvin,19,450,469,183.79530916844348
claudia,128318,760,129078,197.64483490602584
ryver,688,885,1573,25.047679593134138
abigael,1959,5,1964,198.9816700610998
kayland,57,18,75,104.0
ann,470261,1364,471625,198.84314868804665
yasha,218,58,276,115.94202898550725
avi,834,6087,6921,151.7988729952319
chaning,14,13,27,7.4074074074074066
omri,44,895,939,181.2566560170394
rhyon,27,32,59,16.94915254237288
erza,339,104,443,106.09480812641084
carmie,368,60,428,143.92523364485982
taree,16,5,21,104.76190476190477
ysabel,1498,225,1723,147.7655252466628
shawnee,3909,120,4029,188.08637379002232
ayomide,488,667,1155,30.99567099567099
renlee,584,27,611,182.3240589198036
arlen,809,7345,8154,160.3139563404464
jamar,73,15964,16037,198.17921057554406
dixie,44621,752,45373,193.37050668900005
kayse,447,69,516,146.51162790697674
miki,1812,73,1885,184.50928381962865
abbigail,12154,5,12159,199.83551278888066
asani,614,372,986,49.08722109533469
danni,2673,93,2766,186.55097613882862
danon,30,261,291,158.76288659793815
surya,334,1215,1549,113.75080697224016
dylan,16272,418679,434951,185.03555572926606
teigen,442,401,843,9.727164887307236
ronni,3607,67,3674,192.70549809471964
valjean,425,39,464,166.3793103448276
dontae,17,5934,5951,198.8573349016972
paz,646,201,847,105.0767414403778
young,530,2234,2764,123.29956584659914
rosemarie,51426,33,51459,199.74348510464642
khaza,165,1805,1970,166.49746192893403
hoang,51,750,801,174.5318352059925
freddie,10328,73315,83643,150.6091364489557
maisen,86,336,422,118.48341232227489
wendall,6,2433,2439,199.01599015990158
ben,467,85349,85816,197.82324974363755
aedan,43,3862,3905,195.595390524968
khalen,5,210,215,190.69767441860466
tkai,72,87,159,18.867924528301888
jaxin,5,975,980,197.9591836734694
jashan,5,302,307,193.48534201954396
josha,28,426,454,175.33039647577093
elean,55,60,115,8.695652173913043
mega,108,154,262,35.11450381679389
kamaurie,11,22,33,66.66666666666666
chaz,165,9909,10074,193.44848123883264
ailany,11160,18,11178,199.3558776167472
mckinnley,506,72,578,150.17301038062283
derion,49,1027,1076,181.78438661710038
jakai,206,4059,4265,180.6799531066823
barrie,1708,1337,3045,24.367816091954023
jobie,60,448,508,152.75590551181102
merrell,155,1164,1319,152.99469294920394
joo,10,5,15,66.66666666666666
kimberly,846393,4273,850666,197.99075077645045
lillian,475028,1429,476457,198.80031146567265
kaimi,26,43,69,49.275362318840585
kamarri,116,264,380,77.89473684210526
carina,16494,35,16529,199.15300381148285
namarii,10,12,22,18.181818181818183
landin,16,2667,2683,197.61461051062244
temeka,1414,5,1419,198.5905567300916
alham,5,5,10,0.0
justus,818,9140,9958,167.14199638481625
michiel,5,1040,1045,198.08612440191388
bilal,5,5858,5863,199.6588777076582
cantrell,65,422,487,146.61190965092402
avrie,1060,10,1070,196.26168224299064
iran,416,1359,1775,106.25352112676056
algie,361,1529,1890,123.5978835978836
vanna,2009,59,2068,188.5880077369439
bali,212,42,254,133.85826771653544
kaydan,134,733,867,138.1776239907728
ariella,22371,5,22376,199.9106185198427
rebecca,755992,2114,758106,198.88458869867802
starlyn,743,16,759,191.56785243741766
rudie,72,143,215,66.04651162790698
cubie,43,11,54,118.5185185185185
brownie,727,504,1231,36.230706742485786
lindsley,15,15,30,0.0
katy,20952,5,20957,199.9045664932958
remiel,45,338,383,153.00261096605746
shirrel,10,17,27,51.85185185185185
ying,260,140,400,60.0
sachary,5,5,10,0.0
bj,5,718,723,197.23374827109268
nicol,2220,28,2248,195.01779359430606
nesta,99,108,207,8.695652173913043
davis,1038,32076,33114,187.46149664794348
dyan,1804,124,1928,174.27385892116183
alfonsa,11,144,155,171.61290322580643
arri,64,33,97,63.91752577319587
tailer,193,15,208,171.15384615384613
andrae,41,2122,2163,192.417938049006
nesiah,95,37,132,87.87878787878788
sehaj,304,200,504,41.269841269841265
alcie,353,10,363,188.98071625344352
gretchen,53799,38,53837,199.71766628898342
nike,150,164,314,8.9171974522293
darla,43667,27,43694,199.7528264750309
yihan,48,12,60,120.0
dena,32479,56,32535,199.31151068080527
jamine,325,137,462,81.38528138528139
merley,10,5,15,66.66666666666666
riece,11,21,32,62.5
bev,998,5,1003,198.0059820538385
hendryx,49,211,260,124.61538461538461
kerrie,8589,104,8693,195.21454043483263
donavan,5,8300,8305,199.75918121613486
alizae,1262,5,1267,198.42146803472772
arleth,6840,11,6851,199.35775799153407
kyung,86,27,113,104.42477876106196
randon,10,1756,1766,197.73499433748586
dominiq,5,325,330,193.93939393939394
kamdin,5,325,330,193.93939393939394
dare,65,63,128,3.125
nyre,6,5,11,18.181818181818183
merl,278,2574,2852,161.00981767180926
harlin,113,1879,1992,177.30923694779116
marshel,12,521,533,190.99437148217635
vaughn,1120,21364,22484,180.0747198007472
hesed,16,36,52,76.92307692307693
garnell,99,406,505,121.58415841584159
tasi,88,37,125,81.6
xavi,6,2486,2492,199.03691813804173
brandis,730,84,814,158.7223587223587
poppy,9541,5,9546,199.79048816258117
shalen,72,11,83,146.9879518072289
franky,70,3074,3144,191.09414758269722
deshea,162,16,178,164.04494382022472
reno,22,4160,4182,197.895743663319
lon,20,9836,9856,199.18831168831167
alga,132,5,137,185.4014598540146
nevada,3190,723,3913,126.09251213902377
kamyron,5,59,64,168.75
raziel,46,1578,1624,188.66995073891627
nil,158,122,280,25.71428571428571
jamille,456,260,716,54.7486033519553
saje,148,50,198,98.98989898989899
justis,432,1492,1924,110.18711018711018
fernell,5,6,11,18.181818181818183
kota,158,1047,1205,147.55186721991703
cecile,20421,191,20612,196.29342130797593
kyleigh,20193,6,20199,199.8811822367444
jenny,92101,605,92706,197.38959722132333
orville,155,35065,35220,198.2396365701306
siah,222,364,586,48.4641638225256
lakyn,3103,144,3247,182.26054819833692
jaziah,991,1390,2381,33.51532969340613
kahlen,267,67,334,119.76047904191616
kashi,72,28,100,88.0
mercedes,46206,369,46575,196.83091787439614
oracle,42,24,66,54.54545454545454
leng,5,324,329,193.92097264437692
rita,284452,778,285230,198.908950671388
kiyomi,2238,6,2244,198.93048128342247
simeon,25,9462,9487,198.94592600400549
benjamin,2482,826830,829312,198.8028630961568
austine,168,153,321,9.345794392523365
acari,11,103,114,161.4035087719298
denni,197,15,212,171.69811320754718
kamarii,227,237,464,4.310344827586207
kinnie,5,159,164,187.80487804878047
kavi,39,929,968,183.88429752066116
azhar,157,316,473,67.23044397463002
carmen,142795,16961,159756,157.53273742457247
keymani,180,117,297,42.42424242424242
eugenia,29929,15,29944,199.7996259684745
eliezer,5,8164,8169,199.75517199167584
rocki,65,5,70,171.42857142857142
jaydyn,708,1064,1772,40.18058690744921
imisioluwa,46,6,52,153.84615384615387
leni,1935,27,1962,194.4954128440367
madeleine,45722,15,45737,199.86881518245622
sothea,8,18,26,76.92307692307693
lavi,10,287,297,186.53198653198652
kali,32527,911,33438,189.10221903223876
dashell,47,49,96,4.166666666666666
larkin,2019,2521,4540,22.11453744493392
isabel,132150,1827,133977,194.54533240780134
iyari,239,6,245,190.20408163265304
gilberto,58,28642,28700,199.191637630662
patsey,507,5,512,196.09375
torrey,1278,5066,6344,119.41992433795711
argusta,69,26,95,90.52631578947368
terran,566,1536,2102,92.2930542340628
inioluwa,197,140,337,33.82789317507419
lavonne,16443,217,16660,194.78991596638656
marx,6,329,335,192.83582089552237
winsley,349,6,355,193.23943661971833
warner,79,8554,8633,196.33962701262598
lina,19489,5,19494,199.8974043295373
amari,21288,31994,53282,40.18617919747757
pariss,210,5,215,190.69767441860466
ayana,12091,5,12096,199.8346560846561
oluwatofunmi,52,11,63,130.15873015873015
hattie,105197,494,105691,198.13039899329178
ryn,279,59,338,130.17751479289942
jariyah,1238,37,1275,188.3921568627451
baker,748,8234,8982,166.68893342240037
gwendell,50,5,55,163.63636363636365
taiyari,61,34,95,56.84210526315789
tomika,2781,5,2786,199.28212491026562
erim,5,5,10,0.0
bhavya,355,92,447,117.67337807606265
jalyne,147,10,157,174.52229299363057
zachariah,37,31238,31275,199.5267785771383
cevyn,130,91,221,35.294117647058826
kalki,48,13,61,114.75409836065573
breonte,5,6,11,18.181818181818183
caro,269,5,274,192.7007299270073
kerri,37021,348,37369,196.27498728892934
april,242925,667,243592,198.9047259351703
saidi,81,11,92,152.17391304347828
hero,219,806,1025,114.53658536585365
shamil,15,38,53,86.79245283018868
dale,21887,278156,300043,170.8215155827665
keshon,48,1240,1288,185.09316770186334
mali,1406,89,1495,176.18729096989966
gionni,141,1908,2049,172.47437774524158
kelsy,3231,39,3270,195.22935779816515
hien,327,305,632,6.962025316455696
kindell,174,52,226,107.9646017699115
saumya,252,5,257,192.21789883268482
dell,2544,4008,6552,44.68864468864469
tyme,73,51,124,35.483870967741936
brixx,8,138,146,178.08219178082192
wilford,5,10442,10447,199.80855748061646
arren,21,306,327,174.3119266055046
bailor,45,63,108,33.33333333333333
hampton,259,4780,5039,179.44036515181583
jaidynn,266,41,307,146.57980456026058
elda,8970,42,9012,198.1358189081225
othel,154,732,886,130.47404063205417
jalen,1711,40836,42547,183.91425952476087
murrel,189,736,925,118.27027027027026
tonnie,684,473,1157,36.47363872082973
simi,545,6,551,195.64428312159708
charlemagne,6,53,59,159.32203389830508
banx,17,379,396,182.82828282828282
kevyn,240,2141,2381,159.68080638387232
brannan,11,381,392,188.77551020408163
ryler,6,588,594,195.95959595959596
gaile,898,5,903,197.78516057585824
devon,20303,72673,92976,112.65272758561349
sidak,41,47,88,13.636363636363635
kenzo,5,4690,4695,199.57401490947817
bauer,6,869,875,197.25714285714287
torino,12,45,57,115.78947368421053
rodell,11,807,818,194.62102689486554
fong,5,301,306,193.4640522875817
noris,48,78,126,47.61904761904761
callaghan,64,374,438,141.55251141552512
aroyal,55,33,88,50.0
adele,42362,11,42373,199.8961602907512
dayana,15598,5,15603,199.8718195218868
majd,10,615,625,193.6
hany,11,37,48,108.33333333333333
malcolm,119,70209,70328,199.32317142532133
yannis,157,586,743,115.47779273216689
dace,18,524,542,186.71586715867159
frankey,5,139,144,186.11111111111111
ase,135,123,258,9.30232558139535
talis,16,99,115,144.34782608695653
lonell,23,763,786,188.29516539440203
azriah,17,26,43,41.86046511627907
manpreet,338,203,541,49.90757855822551
jashon,6,957,963,197.50778816199377
karee,756,85,841,159.5719381688466
emre,5,969,974,197.94661190965093
floyd,1377,154370,155747,196.4634952840183
bradley,1949,313008,314957,197.52474147264547
celester,221,181,402,19.900497512437813
darl,63,1819,1882,186.60998937300744
bernis,107,428,535,120.0
algia,46,58,104,23.076923076923077
azriel,681,4005,4686,141.86939820742637
todd,1060,282330,283390,198.50382864603552
aron,355,21235,21590,193.42288096340897
allah,16,181,197,167.51269035532994
deloni,34,11,45,102.22222222222221
limmie,33,300,333,160.36036036036037
lucchese,25,30,55,18.181818181818183
collen,512,661,1173,25.404944586530263
maziah,176,160,336,9.523809523809524
caasi,94,5,99,179.7979797979798
macy,32749,555,33304,193.33413403795342
modell,187,9,196,181.6326530612245
jakhari,20,1114,1134,192.94532627865962
keerat,143,10,153,173.8562091503268
dianne,95289,186,95475,199.22073841319715
celeste,65621,57,65678,199.6528517920765
lindsey,157551,7735,165286,181.28093123434533
tomi,2812,136,2948,181.54681139755766
jones,138,5357,5495,189.9545040946315
leeor,16,17,33,6.0606060606060606
analu,5,15,20,100.0
jaya,3907,28,3935,197.15374841168995
travis,2116,308571,310687,197.27571478690774
jora,130,11,141,168.79432624113474
daegan,48,904,952,179.83193277310926
pink,38,1089,1127,186.5128660159716
yabsera,15,11,26,30.76923076923077
knightley,107,33,140,105.71428571428572
glendale,81,544,625,148.16
jeane,4488,16,4504,198.5790408525755
riot,218,1295,1513,142.3661599471249
francesca,35331,33,35364,199.6267390566678
olle,5,12,17,82.35294117647058
quentin,190,43472,43662,198.25935596170584
keeghan,84,360,444,124.32432432432432
devann,148,8,156,179.4871794871795
danery,5,5,10,0.0
tobin,167,5570,5737,188.3562837720063
azhani,175,17,192,164.58333333333331
amery,630,106,736,142.3913043478261
colbie,3719,380,4099,162.9177848255672
marques,23,8070,8093,198.86321512418138
mechel,70,231,301,106.9767441860465
soo,193,18,211,165.87677725118485
truitt,5,1537,1542,198.7029831387808
shantez,29,48,77,49.35064935064935
cullen,112,16591,16703,197.31784709333652
airon,5,204,209,190.43062200956936
haroldean,7,12,19,52.63157894736842
jalynn,4774,385,5159,170.1492537313433
jonai,147,5,152,186.8421052631579
jesus,2685,244281,246966,195.651223245305
kelyn,428,336,764,24.083769633507853
wen,70,87,157,21.656050955414013
diem,717,89,806,155.83126550868488
bradie,582,201,783,97.31800766283524
caleb,653,324350,325003,199.19631511093743
an,1393,1126,2519,21.198888447796747
kinshasa,116,6,122,180.327868852459
jovanny,16,4874,4890,198.69120654396727
courtlyn,854,16,870,192.64367816091954
abiel,28,1617,1645,193.1914893617021
jersei,213,6,219,189.04109589041096
kylin,1356,2093,3449,42.73702522470281
naveen,339,1508,1847,126.58364916080129
chelsea,162884,451,163335,198.89552147427068
eric,4293,888891,893184,198.07743981083405
alik,5,387,392,194.89795918367346
staci,25480,59,25539,199.07592309800697
atli,6,17,23,95.65217391304348
ernestine,44032,159,44191,198.56079292163562
lynell,1961,823,2784,81.75287356321839
loys,139,193,332,32.53012048192771
sinceer,11,15,26,30.76923076923077
brandie,15839,29,15868,199.26896899420217
stephany,15171,5,15176,199.86821296784396
keshawn,342,6029,6371,178.52770365719667
omarion,5,4007,4012,199.50149551345962
tyjae,200,242,442,19.004524886877828
gina,153057,404,153461,198.94696372368225
chace,140,5405,5545,189.90081154192967
samauri,69,46,115,40.0
muse,7,86,93,169.89247311827958
jandell,6,22,28,114.28571428571428
chung,11,198,209,178.94736842105263
aamir,6,2691,2697,199.11012235817574
kelsea,6035,5,6040,199.66887417218544
lawayne,10,569,579,193.0915371329879
quashawn,5,699,704,197.1590909090909
kristyan,5,15,20,100.0
kamori,531,208,739,87.41542625169147
kade,279,23294,23573,195.26577016077715
jameson,1208,61883,63091,192.3412214103438
jihad,5,2058,2063,199.03053805138148
jomarie,464,5,469,195.73560767590618
hillory,27,5,32,137.5
erick,417,79463,79880,197.91186780170256
shaquita,2391,5,2396,199.1652754590985
dinnie,5,27,32,137.5
aideen,140,60,200,80.0
verlen,6,17,23,95.65217391304348
daly,308,48,356,146.06741573033707
hessie,1118,16,1134,194.3562610229277
skyland,28,30,58,6.896551724137931
tajah,858,76,934,167.45182012847965
karen,987989,2785,990774,198.87562653036917
lakshya,59,98,157,49.681528662420384
korry,12,360,372,187.09677419354838
ila,25060,60,25120,199.04458598726114
luciel,581,11,592,192.56756756756758
micaiah,1552,3085,4637,66.12033642441234
samuela,45,48,93,6.451612903225806
seymour,10,13112,13122,199.69516841944827
diana,368487,1284,369771,198.61103223346342
jacobia,15,5,20,100.0
tramaine,561,1891,2452,108.48287112561175
cody,5168,292009,297177,193.0438762084549
demetric,411,2135,2546,135.4281225451689
copelyn,215,21,236,164.40677966101697
treshaun,5,875,880,197.72727272727272
andrel,5,40,45,155.55555555555557
ruth,836122,2779,838901,198.6749330373906
farren,731,322,1053,77.68281101614434
donie,956,131,1087,151.79392824287027
earsie,163,5,168,188.0952380952381
davyn,74,604,678,156.34218289085547
dacota,188,491,679,89.24889543446245
isis,11881,12,11893,199.5964012444295
averee,1144,51,1195,182.928870292887
maddux,265,3833,4098,174.13372376769155
myrtle,136486,498,136984,198.54581556970157
kailynn,4732,15,4747,198.73604381714767
milton,615,117936,118551,197.92494369511854
azaiyah,58,14,72,122.22222222222223
lish,7,24,31,109.6774193548387
shepard,5,3714,3719,199.46222102715785
marva,10362,7,10369,199.72996431671328
porsha,4031,6,4037,199.40549913301956
shanell,4707,12,4719,198.98283534647172
kouvr,127,14,141,160.2836879432624
lyndell,828,1965,2793,81.41783029001074
airis,328,59,387,139.01808785529715
caisyn,70,170,240,83.33333333333334
kree,543,602,1145,10.305676855895197
tailor,970,161,1131,143.05923961096374
coti,49,11,60,126.66666666666666
azariah,7389,6558,13947,11.916541191654119
sophear,8,10,18,22.22222222222222
ahmad,18,20348,20366,199.6464696062064
jerri,15506,279,15785,192.92999683243585
zannie,140,144,284,2.8169014084507045
linny,10,6,16,50.0
anakin,50,5842,5892,196.60556687033267
tavon,78,4069,4147,192.47648902821317
adyn,114,1424,1538,170.35110533159948
jovani,135,7355,7490,192.79038718291054
rook,35,715,750,181.33333333333331
almas,198,31,229,145.85152838427948
mikhail,24,4134,4158,197.6911976911977
renee,185896,1617,187513,196.5506391556852
estevan,10,8956,8966,199.5538701762213
joby,68,1174,1242,178.09983896940417
johny,26,3571,3597,197.10870169585766
tayton,27,1106,1133,190.46778464254191
christin,11199,1018,12217,166.6693951051813
braydee,103,5,108,181.4814814814815
roderick,263,47183,47446,197.78274248619482
tupou,12,5,17,82.35294117647058
sham,240,36,276,147.82608695652172
morley,48,518,566,166.07773851590107
kehlani,14481,51,14532,198.5962014863749
vera,149456,398,149854,198.93763262909232
finnegan,104,13011,13115,196.82805947388488
taaj,5,90,95,178.94736842105263
mackenna,3660,8,3668,199.12758996728462
shontell,652,6,658,196.35258358662614
dasiah,168,62,230,92.17391304347827
deklyn,188,787,975,122.87179487179488
khyle,24,325,349,172.49283667621776
culture,19,20,39,5.128205128205128
kevin,5337,1184507,1189844,198.20581521611237
zaya,2532,58,2590,191.04247104247105
aliyan,11,148,159,172.32704402515725
romi,1810,138,1948,171.66324435318273
keri,32061,325,32386,195.985919841907
harjas,17,74,91,125.27472527472527
andrey,100,2709,2809,185.76005695977216
donsha,26,25,51,3.9215686274509802
shauntae,689,5,694,197.11815561959654
caylor,95,103,198,8.080808080808081
arti,256,14,270,179.25925925925924
rey,526,9696,10222,179.41694384660536
rian,3494,5624,9118,46.72077209914455
davy,326,2682,3008,156.64893617021275
mikkel,24,882,906,189.40397350993376
sae,78,5,83,175.9036144578313
jovanie,11,367,378,188.35978835978835
ashtynn,349,34,383,164.49086161879896
kaidynce,430,18,448,183.92857142857142
styles,7,703,710,196.05633802816902
nello,18,937,955,192.4607329842932
davion,216,13112,13328,193.51740696278512
donni,179,6,185,187.02702702702703
kodey,11,684,695,193.66906474820144
rochell,1619,92,1711,178.49210987726477
lexani,450,5,455,195.6043956043956
chosen,546,2248,2794,121.83249821045096
jaquell,5,231,236,191.52542372881356
stellar,192,64,256,100.0
brantlee,230,2363,2593,164.51986116467413
orland,5,2081,2086,199.0412272291467
micheal,1836,154719,156555,195.30899683817188
seren,1026,55,1081,179.64847363552266
makoa,7,1480,1487,198.1170141223941
tiana,29853,9,29862,199.8794454490657
heidi,149326,361,149687,199.03532036850225
graycin,41,39,80,5.0
rigoberto,7,11414,11421,199.75483757989667
hinata,448,12,460,189.56521739130434
ovis,5,5,10,0.0
shanay,1415,50,1465,186.3481228668942
jermel,5,1347,1352,198.5207100591716
zeriah,330,5,335,194.02985074626866
quest,59,1067,1126,179.04085257548846
ruthie,22624,32,22656,199.43502824858757
eudell,241,132,373,58.4450402144772
gibson,151,5410,5561,189.13864412875384
lyndol,12,99,111,156.75675675675674
bella,83721,45,83766,199.7851156793926
dmani,35,114,149,106.04026845637584
yarden,136,103,239,27.615062761506277
deondra,1354,415,1769,106.16167326172979
valencia,12198,11,12209,199.63961012367926
jonni,1293,5,1298,198.45916795069337
laverle,191,13,204,174.50980392156862
toya,3969,23,3992,197.69539078156313
levis,15,278,293,179.5221843003413
wilma,140101,754,140855,197.85879095523765
shannan,5162,317,5479,176.85709070998357
lovie,5887,627,6514,161.49831132944428
huntyr,53,26,79,68.35443037974683
junnie,168,26,194,146.39175257731958
edmund,60,52083,52143,199.5397272884184
gavyn,120,5219,5339,191.00955235062747
disney,157,5,162,187.6543209876543
maggie,123078,282,123360,199.08560311284046
whitley,8148,843,8991,162.49582916249582
connie,266783,6957,273740,189.83414919266457
stephon,14,8808,8822,199.36522330537295
fable,311,35,346,159.53757225433526
maddon,5,402,407,195.08599508599508
lerin,195,29,224,148.21428571428572
hollie,18453,1453,19906,170.8027730332563
yong,124,301,425,83.29411764705881
cason,80,11308,11388,197.19002458728485
chevie,75,17,92,126.08695652173914
lisa,967229,2783,970012,198.85238533131547
omotayo,10,16,26,46.15384615384615
whitney,97663,5994,103657,176.86986889452714
pernell,275,3037,3312,166.78743961352657
christon,231,1239,1470,137.14285714285714
payne,16,1300,1316,195.13677811550153
pier,364,119,483,101.44927536231884
toluwani,71,79,150,10.666666666666668
arly,820,75,895,166.4804469273743
tharon,167,483,650,97.23076923076923
rowen,2647,8169,10816,102.10798816568047
caroll,1302,776,2078,50.62560153994225
geoffrey,140,54394,54534,198.9731176880478
peregrine,139,322,461,79.39262472885032
janis,48841,174,49015,198.5800265224931
tannis,317,5,322,193.7888198757764
maverick,771,70604,71375,195.67915936952716
merritt,3231,6151,9382,62.24685568109145
dodi,458,5,463,195.6803455723542
ilerioluwa,18,7,25,88.0
lissette,7496,5,7501,199.73336888414877
shaton,101,10,111,163.96396396396395
marc,533,140604,141137,198.4894109978248
amias,7,3109,3116,199.10141206675226
elma,21703,483,22186,191.29180564319842
oshian,5,5,10,0.0
marlon,336,30956,31292,195.70497251693723
levester,6,838,844,197.1563981042654
sukhpreet,33,6,39,138.46153846153845
kaitlin,57355,75,57430,199.4776249347031
halsey,543,413,956,27.19665271966527
yaqeen,67,29,96,79.16666666666666
jalisa,6194,6,6200,199.61290322580646
deen,5,991,996,197.99196787148594
gavi,22,62,84,95.23809523809523
kennan,53,1223,1276,183.38557993730407
airam,1048,294,1342,112.36959761549925
naseeb,87,5,92,178.26086956521738
dioni,33,28,61,16.39344262295082
amyre,98,22,120,126.66666666666666
jaziyah,1148,43,1191,185.5583543240974
hilary,24171,2197,26368,166.67172330097085
airin,31,5,36,144.44444444444443
robbi,1591,313,1904,134.24369747899158
pau,23,431,454,179.73568281938327
trevis,10,1784,1794,197.77034559643255
loretta,177564,502,178066,198.87232823784439
dwayne,462,76738,77200,197.6062176165803
larren,22,79,101,112.87128712871286
cardin,25,341,366,172.6775956284153
sosa,7,117,124,177.41935483870967
kyrin,154,2099,2253,172.65867731913005
neil,385,104869,105254,198.5368727079256
wesley,3256,247713,250969,194.8105144460073
mike,662,205861,206523,198.71781835437216
julie,511253,1524,512777,198.81117912854907
kameran,186,492,678,90.2654867256637
saige,12119,1156,13275,165.16760828625235
samar,1107,1278,2385,14.339622641509434
angela,673257,2135,675392,198.73554913294797
jiaqi,49,5,54,162.96296296296296
ula,1618,31,1649,192.48029108550637
amarii,597,796,1393,28.57142857142857
cloud,26,750,776,186.5979381443299
hatton,13,34,47,89.36170212765957
cletis,159,1603,1762,163.90465380249717
alee,499,63,562,155.16014234875445
robbie,22553,21386,43939,5.311909692983454
curry,85,1570,1655,179.4561933534743
mickel,47,1962,2009,190.64211050273767
jamae,74,5,79,174.68354430379748
madisyn,17374,5,17379,199.88491857989527
chaquan,5,26,31,135.48387096774192
hoyt,10,8562,8572,199.5333644423705
lena,146479,326,146805,199.11174687510643
shire,37,6,43,144.1860465116279
iva,38397,564,38961,194.2095942095942
shammah,39,73,112,60.71428571428571
kendel,801,822,1623,2.5878003696857674
lexi,28115,5,28120,199.9288762446657
gari,485,158,643,101.71073094867806
levie,207,923,1130,126.72566371681415
jakaylin,69,10,79,149.36708860759492
clare,31456,3054,34510,164.60156476383656
mckayden,6,11,17,58.82352941176471
clemie,211,5,216,190.74074074074073
crystal,332114,1184,333298,198.57904937923422
graycen,786,644,1430,19.86013986013986
finn,431,34949,35380,195.1271905031091
honesty,5045,6,5051,199.52484656503663
ravion,12,47,59,118.64406779661016
mosi,11,105,116,162.06896551724137
olive,66926,394,67320,197.6589423648247
rexie,38,32,70,17.142857142857142
mina,19267,672,19939,186.5188825919053
kumari,122,36,158,108.86075949367088
julissa,25888,11,25899,199.8301092706282
hartford,71,456,527,146.11005692599622
kwanzaa,34,5,39,148.71794871794873
kaya,10314,662,10976,175.87463556851313
prentice,63,3929,3992,193.68737474949899
kamali,131,151,282,14.184397163120568
casie,4800,18,4818,198.50560398505604
ira,7125,55410,62535,154.42552170784361
dezzie,242,5,247,191.90283400809716
doyle,252,30400,30652,196.7114707033799
versai,5,87,92,178.26086956521738
chayse,881,2288,3169,88.79772798990217
langston,345,7319,7664,181.99373695198332
emaan,1351,132,1483,164.39649359406607
ikea,580,9,589,193.8879456706282
willet,6,94,100,176.0
ova,1364,528,1892,88.37209302325581
geordan,55,582,637,165.46310832025117
corie,3725,1021,4746,113.94858828487146
consuelo,16955,90,17045,197.8879436784981
vivan,373,448,821,18.270401948842874
shaquon,13,124,137,162.04379562043795
nekoda,36,214,250,142.4
layne,5679,14355,20034,86.61275831087151
kwan,27,537,564,180.85106382978725
vallee,88,6,94,174.468085106383
adrean,410,806,1216,65.13157894736842
sloane,24670,416,25086,193.3668181455792
sekai,88,284,372,105.3763440860215
rhyse,96,234,330,83.63636363636363
darriel,154,600,754,118.30238726790452
shami,17,8,25,72.0
roshaun,55,402,457,151.85995623632385
so,47,5,52,161.53846153846155
porter,993,20808,21801,181.78065226365763
juliet,37966,5,37971,199.94732822417106
milford,13,8198,8211,199.36670320302034
carrell,64,427,491,147.86150712830957
apache,10,16,26,46.15384615384615
dakota,41458,93118,134576,76.77446201402924
kamari,5845,12545,18390,72.86568787384448
granger,6,2147,2153,198.88527635856943
linley,1662,84,1746,180.75601374570448
toshi,85,14,99,143.43434343434342
andrell,134,326,460,83.47826086956522
jonell,2452,224,2676,166.5171898355755
kym,1297,173,1470,152.92517006802723
mclean,21,348,369,177.2357723577236
beatriz,18395,53,18448,198.8508239375542
lavon,6246,5113,11359,19.94893916718021
abi,632,22,654,186.54434250764527
trust,197,381,578,63.667820069204154
madden,1551,7682,9233,132.80623849236434
mikelle,917,77,994,169.01408450704224
fain,6,71,77,168.8311688311688
morris,483,71000,71483,197.29725948826996
rena,39124,123,39247,198.74640099880244
jadrien,5,357,362,194.47513812154696
michae,52,492,544,161.76470588235296
kaylyn,12053,38,12091,198.74286659498802
creedance,7,21,28,100.0
foreign,10,22,32,75.0
chicago,54,121,175,76.57142857142857
murel,225,485,710,73.23943661971832
olanda,80,111,191,32.460732984293195
janal,69,5,74,172.97297297297297
azure,1675,452,2127,114.9976492712741
lovely,2385,12,2397,197.99749687108886
waylen,63,2552,2615,190.36328871892925
millie,45926,212,46138,198.16203563223374
cristin,4269,120,4389,189.06356801093642
javonne,361,318,679,12.665684830633284
jacque,4888,2425,7313,67.35949678654451
glennis,2056,721,2777,96.14692113791861
noble,486,9775,10261,181.05447812104083
woodrow,139,39107,39246,198.58329511287775
stratton,35,1560,1595,191.22257053291537
niko,506,14629,15135,186.62702345556656
aareon,10,33,43,106.9767441860465
damarea,10,155,165,175.75757575757575
mikal,591,3334,3925,139.77070063694268
jaden,13590,81469,95059,142.8144625969135
yuan,37,175,212,130.18867924528303
vail,434,113,547,117.36745886654478
raymond,3517,779794,783311,198.20403390224317
alex,9822,286169,295991,186.72662344463177
brione,54,11,65,132.3076923076923
ayat,1769,23,1792,194.86607142857142
darrien,361,3275,3636,160.28602860286028
zamiri,27,28,55,3.6363636363636362
shemari,5,11,16,75.0
colt,11,27869,27880,199.84218077474893
karsen,1755,3472,5227,65.69734073082074
dontia,36,13,49,93.87755102040816
doua,28,39,67,32.83582089552239
kane,36,19521,19557,199.26369075011505
summer,91321,254,91575,198.8905268905269
rashaan,28,1188,1216,190.78947368421052
siyam,5,32,37,145.94594594594594
tajay,10,77,87,154.02298850574712
clarke,1688,3910,5598,79.38549481957841
camdyn,2860,3894,6754,30.618892508143325
kameko,208,5,213,190.61032863849766
darrein,7,28,35,120.0
yahri,74,13,87,140.22988505747128
dea,1825,17,1842,196.3083604777416
lamar,1284,33967,35251,185.4302005616862
railey,772,48,820,176.58536585365854
ayron,5,333,338,194.0828402366864
ferrol,22,15,37,37.83783783783784
daniell,2047,836,2883,84.00971210544571
karter,4587,29465,34052,146.11770233760132
mikah,1682,3379,5061,67.06184548508199
ramee,7,6,13,15.384615384615385
gray,676,5166,5842,153.71448134200617
ashley,859857,15865,875722,192.75340804501886
sundown,12,6,18,66.66666666666666
javae,137,41,178,107.86516853932584
clever,17,124,141,151.77304964539007
deanna,134477,266,134743,199.21034858953712
kyan,169,3786,3955,182.90771175726928
berle,11,331,342,187.13450292397658
monserrate,123,34,157,113.37579617834395
oda,1324,301,1625,125.9076923076923
draven,253,7715,7968,187.2991967871486
yohana,1410,7,1417,198.02399435426958
lunden,358,248,606,36.303630363036305
vernon,1976,146413,148389,194.67345962301786
delain,30,5,35,142.85714285714286
rafa,67,138,205,69.26829268292683
brean,144,10,154,174.02597402597402
malijah,99,62,161,45.962732919254655
alexei,117,1369,1486,168.50605652759086
reyli,13,860,873,194.0435280641466
nevan,5,1184,1189,198.3179142136249
shamari,1063,844,1907,22.968012585212374
undra,75,558,633,152.60663507109004
moo,49,72,121,38.01652892561984
lossie,1189,24,1213,192.08573784006595
azion,21,313,334,174.85029940119762
chyler,295,52,347,140.05763688760806
plumer,24,72,96,100.0
kioni,201,17,218,168.8073394495413
gwynn,1046,133,1179,154.87701441899915
eureka,860,5,865,197.6878612716763
deondre,15,4055,4070,198.52579852579854
mykelti,90,37,127,83.46456692913385
cheney,209,124,333,51.051051051051054
lennyx,232,141,373,48.793565683646115
azra,1284,130,1414,163.22489391796321
dymond,1876,86,1962,182.46687054026503
mira,15096,5,15101,199.8675584398384
bryan,1717,389589,391306,198.24485185506995
miracle,21471,535,22006,190.27537944197036
adrain,568,4252,4820,152.86307053941908
nell,27612,98,27710,198.58534824972932
royall,10,59,69,142.02898550724638
arlene,143010,361,143371,198.99282281632966
ezeriah,16,264,280,177.14285714285714
neven,6,437,443,194.5823927765237
stella,206906,382,207288,199.26286133302457
oceane,203,5,208,190.3846153846154
nayan,5,578,583,196.56946826758147
breckyn,916,322,1238,95.96122778675283
eman,2238,335,2573,147.92071511853868
joni,28815,687,29502,190.68537726255846
ridgely,28,106,134,116.4179104477612
charming,5,71,76,173.6842105263158
avionne,19,5,24,116.66666666666667
wyndham,7,162,169,183.4319526627219
mojolaoluwa,36,6,42,142.85714285714286
manveer,10,236,246,183.739837398374
yazmin,9344,7,9351,199.70056678430115
wynston,5,711,716,197.20670391061452
indy,2329,847,3176,93.3249370277078
gerardo,239,55015,55254,198.2698085206501
marine,990,6,996,197.59036144578312
arlynn,600,61,661,163.08623298033282
tamra,13710,5,13715,199.8541742617572
amor,2257,701,2958,105.20622041920215
jasai,13,1647,1660,196.86746987951807
emon,90,617,707,149.0806223479491
roey,5,104,109,181.65137614678898
jayloni,93,29,122,104.91803278688525
ferrell,162,1911,2073,168.7409551374819
lincoln,2050,104918,106968,192.33415600927378
sagen,23,25,48,8.333333333333332
phorever,6,5,11,18.181818181818183
oria,264,29,293,160.4095563139932
salah,195,990,1185,134.17721518987344
marquis,474,24567,25041,192.42841739547143
sherman,203,39190,39393,197.93872007717107
ravyn,2649,19,2668,197.1514242878561
chaim,6,12072,12078,199.8012916045703
chianti,388,20,408,180.3921568627451
tinsley,4659,88,4747,192.58479039393302
arza,11,33,44,100.0
shawntrell,50,8,58,144.82758620689654
warnell,16,161,177,163.8418079096045
jawon,5,805,810,197.53086419753086
raymie,194,112,306,53.59477124183007
vick,5,601,606,196.6996699669967
darnell,2387,28631,31018,169.21787349281064
jeramy,5,4519,4524,199.5579133510168
shaquan,537,2127,2664,119.36936936936937
chinemerem,10,38,48,116.66666666666667
kaydin,545,1307,1852,82.28941684665226
mackinley,431,356,787,19.05972045743329
danell,1266,434,1700,97.88235294117648
alvia,393,441,834,11.510791366906476
terrice,15,15,30,0.0
nogivenname,18,28,46,43.47826086956522
roary,10,59,69,142.02898550724638
sava,10,212,222,181.981981981982
gracen,2233,1298,3531,52.95950155763239
narvie,16,5,21,104.76190476190477
kassidy,21282,433,21715,192.02394658070457
avynn,100,5,105,180.95238095238096
esa,109,659,768,143.22916666666669
johntae,7,332,339,191.74041297935102
fred,2029,343655,345684,197.65219101838673
shamir,214,1512,1726,150.4055619930475
naphtali,83,271,354,106.21468926553672
dustyn,60,2673,2733,191.21844127332602
shayna,16267,5,16272,199.87708947885938
santanna,847,105,952,155.88235294117646
caylan,246,154,400,46.0
jaylene,10133,75,10208,197.06112852664577
ali,10505,34383,44888,106.38923543040457
pearly,1689,208,1897,156.14127569847128
demonie,6,80,86,172.09302325581396
carley,16918,410,17328,190.53554939981532
jerzee,474,17,491,186.15071283095722
navie,597,6,603,196.01990049751242
nataanii,5,42,47,157.4468085106383
milano,12,338,350,186.28571428571428
adriel,1106,33645,34751,187.26943109550805
darrick,11,8130,8141,199.45952585677435
ji,251,163,414,42.51207729468599
zuriel,502,1966,2468,118.6385737439222
lal,15,18,33,18.181818181818183
emersen,1039,136,1175,153.70212765957447
vincent,1420,363296,364716,198.44262384978998
lachon,45,5,50,160.0
brannon,116,4707,4823,190.37943188886587
damani,659,2627,3286,119.78088861838101
atzin,22,118,140,137.14285714285714
xi,47,52,99,10.1010101010101
enid,9234,6,9240,199.74025974025975
jimin,42,87,129,69.76744186046511
tahjae,122,121,243,0.823045267489712
kaedyn,680,1540,2220,77.47747747747748
shawnte,1385,102,1487,172.56220578345662
chavez,8,873,881,196.3677639046538
clint,54,32731,32785,199.34116211682172
serena,47450,16,47466,199.86516664559895
aviel,59,1365,1424,183.42696629213484
alijah,1450,14231,15681,163.01256297430012
nihad,5,5,10,0.0
shakai,5,149,154,187.012987012987
jacee,1602,51,1653,187.65880217785843
mickenzie,640,44,684,174.26900584795322
noel,15284,52096,67380,109.2668447610567
eri,513,391,904,26.991150442477874
maryon,425,5,430,195.3488372093023
aryn,2946,427,3373,149.36258523569524
fayne,104,54,158,63.29113924050633
taylour,497,29,526,177.9467680608365
abbey,17509,35,17544,199.20200638394894
lexington,1313,1027,2340,24.444444444444443
lanis,58,182,240,103.33333333333334
sean,2969,423637,426606,197.21616667369892
khymani,5,5,10,0.0
truu,86,164,250,62.4
montoya,520,119,639,125.50860719874804
kaleigh,16244,6,16250,199.85230769230768
kameron,4431,39012,43443,159.2017125889096
kaidin,11,418,429,189.74358974358972
shirley,686383,9551,695934,194.5103989746154
ned,5,17292,17297,199.88437301266114
audra,25590,193,25783,197.00577900166775
rin,419,97,516,124.8062015503876
mizan,11,18,29,48.275862068965516
kaedan,5,379,384,194.79166666666669
wendelin,369,190,559,64.04293381037567
commie,17,39,56,78.57142857142857
terez,145,412,557,95.87073608617594
birt,5,268,273,192.67399267399267
swae,43,43,86,0.0
ezri,1062,227,1289,129.55779674166018
kastyn,22,49,71,76.05633802816901
levian,13,75,88,140.9090909090909
valley,879,56,935,176.04278074866312
nylan,105,579,684,138.5964912280702
jordane,160,7,167,183.23353293413174
berthel,30,63,93,70.96774193548387
kriss,377,555,932,38.197424892703864
elester,12,310,322,185.09316770186334
millard,33,16743,16776,199.2131616595136
rupert,16,5595,5611,198.85938335412584
reyhan,109,135,244,21.311475409836063
levee,84,50,134,50.74626865671642
oscar,1070,213098,214168,198.0015688618281
shanne,48,37,85,25.882352941176475
merideth,1755,6,1761,198.63713798977852
orba,41,44,85,7.0588235294117645
seveyn,20,21,41,4.878048780487805
ayres,5,40,45,155.55555555555557
lavern,6845,10236,17081,39.704935308237225
elza,831,2111,2942,87.01563562202583
jozy,107,19,126,139.68253968253967
choya,16,73,89,128.08988764044943
tyron,16,7670,7686,199.16731720010407
echo,4829,412,5241,168.5556191566495
kalynn,3689,33,3722,196.45351961311124
rehan,28,1460,1488,192.4731182795699
otie,147,42,189,111.11111111111111
lynnox,462,215,677,72.96898079763663
lasean,155,418,573,91.7975567190227
salvatore,81,57364,57445,199.43598224388546
lucero,7729,218,7947,189.02730590159808
sanai,4236,25,4261,197.65313306735507
zian,152,898,1050,142.0952380952381
waverley,241,11,252,182.53968253968253
taite,115,129,244,11.475409836065573
kadin,179,5074,5253,186.36969350847136
lara,30168,34,30202,199.54969869545062
woods,11,688,699,193.70529327610873
elnora,21363,27,21390,199.49509116409536
talynn,717,10,727,194.49793672627237
kameren,83,637,720,153.88888888888889
maple,3281,5,3286,199.3913572732806
jerol,10,130,140,171.42857142857142
loki,95,2006,2101,181.91337458353166
kovah,5,5,10,0.0
asante,254,1246,1500,132.26666666666665
jari,381,290,671,27.123695976154995
sirius,5,724,729,197.2565157750343
karlyn,2385,7,2392,198.82943143812707
verdel,5,5,10,0.0
brave,160,508,668,104.19161676646706
chappell,16,42,58,89.65517241379311
deivion,7,10,17,35.294117647058826
torii,79,17,96,129.16666666666669
dashawn,541,8880,9421,177.03003927396242
ryna,76,20,96,116.66666666666667
easter,5513,66,5579,195.26796917010216
ronan,259,20679,20938,195.05205845830545
tristyn,2221,2244,4465,1.0302351623740202
breshawn,35,44,79,22.78481012658228
kasper,20,1389,1409,194.3222143364088
amanti,29,52,81,56.79012345679012
jules,2084,9383,11467,127.30443882445277
diane,518651,1383,520034,198.93622340077764
osinachi,41,99,140,82.85714285714286
joud,372,305,677,19.79320531757755
shalin,173,335,508,63.77952755905512
myril,5,12,17,82.35294117647058
dorcie,42,10,52,123.07692307692308
jett,673,26465,27138,190.0803301643452
mahzi,11,246,257,182.87937743190662
tarron,20,413,433,181.52424942263278
toren,11,970,981,195.51478083588177
kanya,593,25,618,183.8187702265372
henny,1056,58,1114,179.1741472172352
ivry,170,5,175,188.57142857142856
aivan,5,98,103,180.58252427184468
louie,2346,30992,33338,171.85194072829805
kyren,89,3996,4085,191.28518971848226
tazmin,18,5,23,113.04347826086956
keena,2195,141,2336,175.85616438356163
vaughan,22,1615,1637,194.62431276725718
cameo,1501,218,1719,149.27283304246654
josephine,331467,991,332458,198.80766893863284
marvine,542,8,550,194.1818181818182
percy,636,32204,32840,192.25334957369063
lowell,347,41330,41677,196.66962593276867
akera,253,5,258,192.24806201550388
verner,171,1963,2134,167.94751640112463
kyndall,6428,211,6639,187.2872420545263
avo,174,10,184,178.26086956521738
diante,20,1376,1396,194.269340974212
jolani,103,5,108,181.4814814814815
oshai,10,28,38,94.73684210526315
desmin,5,182,187,189.3048128342246
terryn,592,214,806,93.79652605459057
kunga,21,96,117,128.2051282051282
tristin,2827,9785,12612,110.3393593403108
baelyn,137,11,148,170.27027027027026
shuron,40,47,87,16.091954022988507
selwyn,10,1408,1418,197.17912552891397
jaylyn,5704,1809,7513,103.68694263276987
leonel,5,27067,27072,199.92612293144208
eulice,5,234,239,191.63179916317992
ariyan,398,600,998,40.480961923847694
islam,128,689,817,137.33170134638922
saber,73,305,378,122.75132275132275
sanjaya,13,36,49,93.87755102040816
taygan,188,20,208,161.53846153846155
danne,479,175,654,92.96636085626912
ascencion,98,546,644,139.1304347826087
ellyot,10,5,15,66.66666666666666
dunia,623,6,629,196.18441971383146
nikel,5,10,15,66.66666666666666
barclay,24,954,978,190.1840490797546
shaia,98,16,114,143.859649122807
ledger,31,4970,5001,197.52049590081984
les,32,3448,3480,196.32183908045977
kymari,220,526,746,82.03753351206434
bailyn,294,15,309,180.58252427184468
kebron,16,90,106,139.62264150943395
ethan,755,487389,488144,199.38133009931497
angeles,3421,77,3498,191.19496855345912
verda,8062,7,8069,199.6529929359276
destiny,151763,526,152289,198.61841630058638
castiel,33,3891,3924,196.6360856269113
blanca,25527,126,25653,198.03531750672437
darcel,1240,131,1371,161.77972283005107
conny,413,159,572,88.81118881118881
simon,161,70283,70444,199.0857986485719
raymell,11,10,21,9.523809523809524
dorean,251,90,341,94.42815249266863
hazell,375,6,381,193.7007874015748
brand,18,289,307,176.54723127035828
kalis,261,5,266,192.4812030075188
barin,50,32,82,43.90243902439025
de,641,681,1322,6.051437216338881
dondi,375,766,1141,68.53637160385627
angell,478,158,636,100.62893081761007
keylen,260,349,609,29.22824302134647
alto,31,561,592,179.05405405405406
kelechi,261,586,847,76.74144037780401
kanani,895,5,900,197.77777777777777
lyle,1013,59190,60203,193.26943840007974
adynn,17,74,91,125.27472527472527
jakaylen,6,43,49,151.0204081632653
naz,94,79,173,17.341040462427745
ivis,312,114,426,92.95774647887323
landon,1182,186603,187785,197.4822270149373
ozzy,354,4180,4534,168.76929863255404
merrick,519,5792,6311,167.1050546664554
cannon,229,10978,11207,191.82653698581245
kovi,35,117,152,107.89473684210526
oak,27,647,674,183.97626112759644
cyncere,251,538,789,72.75031685678074
ngoc,673,54,727,170.28885832187072
traci,52173,233,52406,198.2215776819448
sonya,65772,182,65954,198.8962003820845
tania,28891,61,28952,199.15722575297045
jamori,6,247,253,190.51383399209487
terra,15429,5,15434,199.87041596475314
brexley,537,59,596,160.40268456375838
daebreon,13,5,18,88.88888888888889
brinson,6,366,372,193.5483870967742
jawara,5,274,279,192.831541218638
logann,626,22,648,186.41975308641975
mara,24038,16,24054,199.733931986364
chayan,5,27,32,137.5
rennie,940,999,1939,6.085611139762764
lark,1862,272,2134,149.01593252108717
snehal,6,49,55,156.36363636363637
bryar,775,1940,2715,85.8195211786372
wilbur,290,56906,57196,197.97188614588433
suzanne,219309,492,219801,199.10464465584778
arka,6,88,94,174.468085106383
tere,385,6,391,193.8618925831202
arryn,97,35,132,93.93939393939394
legacie,332,16,348,181.60919540229884
dove,1436,37,1473,189.95247793618466
landry,5842,5879,11721,0.6313454483405854
amel,476,630,1106,27.848101265822784
amran,331,84,415,119.03614457831327
ireoluwa,209,173,382,18.848167539267017
kashton,50,7658,7708,197.4052932018682
quinn,52503,36992,89495,34.66338901614615
seven,1199,3434,4633,96.48176127778977
jahzel,58,5,63,168.25396825396825
arrow,858,1717,2575,66.71844660194175
blakelee,1385,33,1418,190.69111424541606
mabry,1315,213,1528,144.2408376963351
alique,12,5,17,82.35294117647058
finis,5,2195,2200,199.0909090909091
sunni,2566,69,2635,189.52561669829223
brennyn,144,134,278,7.194244604316546
mykal,332,1175,1507,111.87790311877903
le,878,775,1653,12.462189957652752
davi,634,2058,2692,105.79494799405647
delma,8454,1447,9901,141.54125845874154
maren,13059,5,13064,199.84690753214943
arlow,97,366,463,116.1987041036717
tabor,87,727,814,157.24815724815724
kimmie,1278,131,1409,162.81050390347764
rhyley,62,28,90,75.55555555555556
ordell,53,185,238,110.92436974789916
manuel,1158,191584,192742,197.5967874153013
farley,17,1080,1097,193.80127620783955
rashad,85,16247,16332,197.9181974038697
brenn,78,76,154,2.5974025974025974
dudley,120,11868,11988,195.995995995996
nore,27,107,134,119.40298507462686
kova,170,113,283,40.282685512367486
claudio,27,5475,5502,198.0370774263904
oasis,305,78,383,118.53785900783289
chaya,15674,10,15684,199.74496301963785
braden,277,46235,46512,197.61781905744752
jayne,29107,33,29140,199.54701441317778
douglass,26,5769,5795,198.2053494391717
ruger,12,2356,2368,197.97297297297297
teon,15,1030,1045,194.2583732057416
mercy,10632,232,10864,191.4580265095729
opie,99,707,806,150.8684863523573
hiraeth,25,7,32,112.5
schyler,602,772,1374,24.745269286754006
mahi,1236,49,1285,184.74708171206225
ramsay,75,388,463,135.20518358531316
robbe,6,23,29,117.24137931034481
conley,600,4061,4661,148.5089036687406
earnie,326,1180,1506,113.41301460823374
lenard,7,9997,10004,199.7201119552179
khyza,12,36,48,100.0
lori,341911,853,342764,199.0045629062562
mckenzie,64779,2266,67045,186.48072190319937
tamu,285,5,290,193.10344827586206
tinker,10,10,20,0.0
marquita,11011,30,11041,198.91314192555024
cassander,24,6,30,120.0
tola,104,6,110,178.1818181818182
cristal,15881,55,15936,198.61947791164658
jennis,20,29,49,36.734693877551024
shelba,2136,5,2141,199.06585707613266
adley,6160,663,6823,161.13146709658508
karmine,5,115,120,183.33333333333331
ashden,16,345,361,182.27146814404432
savanna,32974,15,32989,199.81812119191244
stevie,17746,12437,30183,35.178743001027065
heather,525910,1477,527387,198.8797600244223
ako,5,22,27,125.92592592592592
lisbon,11,5,16,75.0
kruze,5,583,588,196.59863945578232
cora,156028,387,156415,199.0103250966979
chevelle,3790,267,4057,173.67512940596498
shya,360,5,365,194.5205479452055
bunny,1829,149,1978,169.8685540950455
johnel,5,247,252,192.06349206349208
alexus,18632,243,18875,194.8503311258278
rami,236,3886,4122,177.09849587578844
firdaus,71,5,76,173.6842105263158
azzure,75,5,80,175.0
rio,2282,5530,7812,83.15412186379928
cache,475,1005,1480,71.62162162162163
jamaica,1532,37,1569,190.5672402804334
zoe,163256,597,163853,198.5425961074866
lilly,66728,24,66752,199.856184084372
khiari,35,31,66,12.121212121212121
avriel,140,79,219,55.70776255707762
clennie,22,27,49,20.408163265306122
arbor,401,254,655,44.88549618320611
fynnley,51,44,95,14.736842105263156
ovell,34,16,50,72.0
edmond,7,24893,24900,199.88755020080322
kamerin,221,474,695,72.80575539568346
kaicyn,5,80,85,176.47058823529412
marta,17535,46,17581,198.9534156191343
sahar,2453,29,2482,195.32634971796938
yaritza,8431,5,8436,199.7629208155524
jamiel,19,864,883,191.3929784824462
grier,424,332,756,24.33862433862434
ermal,342,261,603,26.865671641791046
rudra,32,1763,1795,192.86908077994428
thailand,16,168,184,165.2173913043478
sugar,135,46,181,98.34254143646409
skylur,58,76,134,26.865671641791046
bird,121,109,230,10.434782608695652
mazzi,8,150,158,179.74683544303798
allex,71,177,248,85.48387096774194
arpan,5,253,258,192.24806201550388
avighna,11,15,26,30.76923076923077
leelyn,23,176,199,153.76884422110552
meagan,41547,72,41619,199.30800836156564
amorie,387,48,435,155.86206896551724
harleigh,5272,5,5277,199.62099677847263
armonii,193,34,227,140.08810572687224
lavonte,11,1315,1326,196.68174962292608
skylin,947,53,1000,178.8
zakariah,93,914,1007,163.05858987090366
von,459,5552,6011,169.45599733821328
sage,30454,15762,46216,63.57971265362645
myrel,130,58,188,76.59574468085107
forrest,1058,53639,54697,192.26282977128542
coty,778,5525,6303,150.62668570521973
jood,318,123,441,88.43537414965986
alyx,1295,182,1477,150.71090047393366
claude,952,91337,92289,195.87383111746794
rhys,887,14334,15221,176.69009920504567
roen,116,1005,1121,158.60838537020518
brynnen,15,7,22,72.72727272727273
jurney,244,5,249,191.96787148594376
aspen,24726,3010,27736,156.59071243149697
lavan,5,285,290,193.10344827586206
verle,521,1758,2279,108.55638437911365
erin,316575,9478,326053,188.3724425170141
elvis,152,17971,18123,196.64514705070903
yajaira,5674,5,5679,199.6478253213594
dawsyn,1121,582,1703,63.30005871990605
yared,87,714,801,156.55430711610487
lin,1034,863,1897,18.028465998945702
dung,287,469,756,48.148148148148145
theori,67,7,74,162.16216216216216
syed,11,6032,6043,199.27188482541786
tanner,2541,97625,100166,189.85284427849768
kendyl,5098,139,5237,189.38323467634143
ice,6,46,52,153.84615384615387
zel,13,16,29,20.689655172413794
antwaun,5,1469,1474,198.64314789687924
logahn,7,5,12,33.33333333333333
blain,17,2289,2306,197.05117085862966
halstyn,156,5,161,187.5776397515528
jahani,14,60,74,124.32432432432432
mavis,23015,135,23150,197.6673866090713
raylon,17,1288,1305,194.78927203065135
audrie,4103,5,4108,199.51314508276533
onell,62,10,72,144.44444444444443
adeola,425,43,468,163.24786324786325
cassian,14,2893,2907,198.0736154110767
norvelle,24,16,40,40.0
talma,204,12,216,177.77777777777777
shamarie,128,11,139,168.34532374100718
verdis,69,166,235,82.5531914893617
ladale,10,298,308,187.012987012987
cherron,317,5,322,193.7888198757764
nasai,5,151,156,187.17948717948718
chapin,45,233,278,135.25179856115108
jireh,1304,1898,3202,37.10181136789507
ryhan,5,27,32,137.5
schuyler,1314,4166,5480,104.08759124087592
mikell,534,1533,2067,96.66182873730044
neftaly,170,371,541,74.3068391866913
kishara,21,5,26,123.07692307692308
elvi,139,16,155,158.70967741935485
harsha,19,230,249,169.47791164658634
zellie,266,5,271,192.61992619926198
carolyn,556777,1620,558397,198.83953531268972
torren,39,851,890,182.47191011235955
raeden,96,276,372,96.7741935483871
isabelle,107762,20,107782,199.92577610361656
petra,14559,67,14626,198.16764665663885
haygen,47,273,320,141.25
beverley,13062,407,13469,187.91298537382139
lisle,21,543,564,185.1063829787234
march,103,155,258,40.310077519379846
aram,55,3310,3365,193.46210995542347
haidan,6,61,67,164.17910447761196
ramey,432,573,1005,28.059701492537314
phillis,3677,6,3683,199.3483573174043
haley,159511,836,160347,197.91452287850723
ina,34074,65,34139,199.23840768622395
getsemani,635,12,647,192.58114374034002
jaylon,252,10190,10442,190.3466768818234
camile,992,33,1025,187.1219512195122
mizuki,344,11,355,187.6056338028169
nijay,35,41,76,15.789473684210526
kami,8925,52,8977,197.68296758382533
ren,816,2818,3634,110.18161805173364
emerie,6883,20,6903,198.84108358684628
gaylin,81,110,191,30.36649214659686
erik,665,157461,158126,198.31779719970152
arris,15,181,196,169.3877551020408
demond,25,5857,5882,198.29989799387963
hendrix,856,13540,14396,176.21561544873578
earnell,5,17,22,109.09090909090908
universe,42,5,47,157.4468085106383
tasean,5,242,247,191.90283400809716
milo,466,43847,44313,195.79355945207953
keandra,1372,10,1382,197.10564399421128
zakari,257,2472,2729,162.33052400146576
devvon,5,59,64,168.75
deandrea,2233,724,2957,102.06290158944877
zari,1489,20,1509,194.6984758117959
tylyn,274,109,383,86.16187989556136
wilsie,267,27,294,163.26530612244898
velmer,220,190,410,14.634146341463413
tyrese,148,8983,9131,193.51659183002957
thi,408,63,471,146.49681528662418
kyliann,10,5,15,66.66666666666666
jiraiya,131,2278,2409,178.24823578248237
jere,1159,4278,5437,114.73238918521243
oluwatomi,27,28,55,3.6363636363636362
lessley,54,43,97,22.68041237113402
yuki,1067,567,1634,61.19951040391677
davione,11,251,262,183.206106870229
shamon,140,659,799,129.91239048811013
jaydon,201,9101,9302,191.35669748441194
kodie,1382,1363,2745,1.384335154826958
miquel,92,2031,2123,182.66603862458786
jamesyn,144,177,321,20.5607476635514
ercil,6,76,82,170.73170731707316
scarlett,111687,52,111739,199.81385192278432
cordy,41,32,73,24.65753424657534
maryland,983,316,1299,102.69438029253273
marvie,274,68,342,120.46783625730994
jaxsen,6,1942,1948,198.76796714579055
dorain,7,40,47,140.4255319148936
pleasant,73,629,702,158.4045584045584
oma,9598,181,9779,192.5963799979548
agusta,251,12,263,181.7490494296578
soma,110,144,254,26.77165354330709
martice,15,310,325,181.53846153846155
kit,2316,3946,6262,52.06004471414884
shayde,55,88,143,46.15384615384615
aires,35,119,154,109.09090909090908
kou,33,691,724,181.76795580110496
kelynn,63,26,89,83.14606741573034
hally,721,5,726,197.24517906336087
sandie,2713,5,2718,199.26416482707873
sayge,543,133,676,121.30177514792899
reggie,551,12276,12827,182.81749434786
shayon,7,102,109,174.3119266055046
laityn,263,13,276,181.15942028985506
eurie,5,10,15,66.66666666666666
yarnell,88,64,152,31.57894736842105
makayden,39,23,62,51.61290322580645
riely,182,177,359,2.785515320334262
rosemond,491,18,509,185.85461689587424
brien,5,3588,3593,199.44336209295852
camani,120,15,135,155.55555555555557
khazi,16,234,250,174.4
caroline,250410,309,250719,199.507017816759
eriyon,10,17,27,51.85185185185185
aveon,20,495,515,184.46601941747574
patterson,20,540,560,185.71428571428572
vianney,2623,10,2633,198.48082035700722
flay,5,80,85,176.47058823529412
mozel,223,5,228,191.2280701754386
shameek,5,239,244,191.80327868852459
kailoh,5,61,66,169.6969696969697
elia,9084,1075,10159,157.6729993109558
teghan,366,59,425,144.47058823529412
pistol,19,63,82,107.31707317073172
mayo,256,1236,1492,131.36729222520108
dusty,4469,10662,15131,81.85843632278105
cayenne,410,32,442,171.04072398190044
tionne,735,86,821,158.09987819732035
music,17,12,29,34.48275862068966
westlyn,453,43,496,165.3225806451613
scot,11,13721,13732,199.67958054180016
denvyr,30,5,35,142.85714285714286
lexin,6,28,34,129.41176470588235
jaylein,16,5,21,104.76190476190477
zyonn,5,109,114,182.45614035087718
rhyker,5,459,464,195.68965517241378
pax,54,1044,1098,180.327868852459
jaqualyn,11,96,107,158.87850467289718
amanie,181,5,186,189.247311827957
joshlyn,1299,5,1304,198.46625766871168
posey,599,396,995,40.80402010050251
leshan,16,11,27,37.03703703703704
sanchez,17,983,1000,193.2
mehtab,26,316,342,169.5906432748538
caeden,29,2181,2210,194.75113122171945
kazu,5,10,15,66.66666666666666
ski,124,5,129,184.49612403100775
lanny,67,9577,9644,197.2210700953961
river,19675,39676,59351,67.39903287223467
cierra,27623,36,27659,199.47937380237897
tariq,7,6878,6885,199.59331880900507
ian,815,257664,258479,198.7387756839047
jontel,20,31,51,43.13725490196079
allyson,53758,21,53779,199.84380520277432
coy,866,17348,18214,180.9816624574503
uriel,318,21075,21393,194.05412985556023
shah,10,430,440,190.9090909090909
isai,45,7340,7385,197.5626269465132
tarren,230,436,666,61.86186186186187
dacie,136,5,141,185.81560283687944
vida,12435,38,12473,198.7813677543494
jashawn,34,2328,2362,194.24216765453005
kyndel,463,28,491,177.18940936863544
tavi,184,162,346,12.716763005780345
phung,163,16,179,164.24581005586592
dushon,6,34,40,140.0
kemet,12,182,194,175.2577319587629
ugonna,47,187,234,119.65811965811966
sameen,137,10,147,172.7891156462585
tahj,136,3939,4075,186.65030674846625
pet,10,10,20,0.0
tippy,6,5,11,18.181818181818183
roshell,593,12,605,192.06611570247932
haddy,167,5,172,188.37209302325581
cecelia,60519,11,60530,199.9273087725095
verlynn,5,5,10,0.0
raine,3255,605,3860,137.30569948186528
gatlin,40,4471,4511,196.4531146087342
tessie,9981,10,9991,199.59963967570812
galaxy,389,43,432,160.1851851851852
ronnie,8193,182926,191119,182.85256829514594
coby,381,9484,9865,184.55144450076025
kamil,551,2092,2643,116.60991297767688
taurus,84,1991,2075,183.80722891566265
locklin,5,51,56,164.28571428571428
karmen,7272,15,7287,199.1766158913133
marla,38781,38,38819,199.6084391663876
danielle,371803,1895,373698,197.97162414570053
rosanne,14747,5,14752,199.8644251626898
sharell,1366,16,1382,195.36903039073806
farrin,123,15,138,156.52173913043478
lynn,182387,52391,234778,110.73950710884324
charley,11347,23974,35321,71.49854194388607
ermon,30,368,398,169.84924623115577
nguyen,117,482,599,121.86978297161937
aida,13777,5,13782,199.85488318096068
daylan,84,2829,2913,188.46549948506694
kaena,77,23,100,108.0
merrel,10,259,269,185.13011152416357
germaine,7910,2364,10274,107.96184543507883
arnette,1055,33,1088,187.86764705882354
cleao,10,5,15,66.66666666666666
josiah,462,148958,149420,198.7632177753982
wonnie,43,11,54,118.5185185185185
adis,12,254,266,181.95488721804512
jourdain,36,169,205,129.7560975609756
yani,322,111,433,97.45958429561202
babette,3282,5,3287,199.39154243991482
andrew,4961,1329454,1334415,198.5129064046792
aerial,2001,6,2007,198.80418535127055
ariell,895,5,900,197.77777777777777
treshawn,5,1609,1614,198.76084262701363
brystol,1340,14,1354,195.86410635155096
kimmy,1089,277,1366,118.88726207906295
danner,5,409,414,195.16908212560386
shamere,188,105,293,56.655290102389074
ardis,6386,1030,7416,144.44444444444443
javani,14,177,191,170.6806282722513
tovi,43,52,95,18.947368421052634
glory,4893,107,5000,191.44
anastasia,57140,23,57163,199.8390567325018
florence,339093,1454,340547,198.29215937888162
jonathon,224,65612,65836,198.63904246916582
jimi,667,1241,1908,60.167714884696025
hani,214,732,946,109.51374207188161
mazzy,933,5,938,197.8678038379531
shamarion,5,284,289,193.07958477508652
dary,24,144,168,142.85714285714286
santos,2759,18814,21573,148.84346173457564
marvel,5198,1371,6569,116.51697366418023
damaria,475,69,544,149.26470588235296
kamarie,561,248,809,77.37948084054388
kala,7680,92,7772,195.26505404014412
brees,38,225,263,142.20532319391634
torie,2818,268,3086,165.26247569669474
jasmond,43,81,124,61.29032258064516
rafael,568,89379,89947,197.47406806230336
edris,706,408,1114,53.50089766606823
jonta,33,216,249,146.9879518072289
klever,26,102,128,118.75
duncan,11,21219,21230,199.79274611398964
autie,62,11,73,139.72602739726028
tiernan,195,1481,1676,153.46062052505965
kasye,5,33,38,147.36842105263156
roa,72,12,84,142.85714285714286
tobyn,23,307,330,172.12121212121212
taron,90,2726,2816,187.2159090909091
wild,7,47,54,148.14814814814815
germain,42,992,1034,183.75241779497097
qamari,5,21,26,123.07692307692308
myca,304,35,339,158.70206489675516
keondra,1107,17,1124,193.95017793594306
kendis,30,9,39,107.6923076923077
reygan,394,5,399,194.9874686716792
ivel,16,15,31,6.451612903225806
joy,140694,2630,143324,192.65998716195475
maike,5,5,10,0.0
martha,551741,1991,553732,198.56175911812934
tremaine,288,4518,4806,176.02996254681648
gamble,5,113,118,183.05084745762713
avani,4246,57,4303,194.70137113641647
kaior,309,69,378,126.98412698412697
skyler,27698,41841,69539,40.67645493895512
alis,510,5,515,196.11650485436894
rhodes,219,2741,2960,170.40540540540542
aimen,41,62,103,40.77669902912621
angelina,126281,111,126392,199.64871194379393
jaris,21,280,301,172.09302325581396
taytum,3997,621,4618,146.2104807275877
elzie,672,3859,4531,140.67534760538513
toy,967,1152,2119,17.46106654082114
henly,42,10,52,123.07692307692308
ivery,505,797,1302,44.85407066052227
kiran,1876,3165,5041,51.140646697083916
ahmir,5,3814,3819,199.47630269704112
karsten,172,3252,3424,179.90654205607478
shara,4945,5,4950,199.59595959595958
qi,10,28,38,94.73684210526315
terry,96955,424523,521478,125.63061145436625
kyi,33,135,168,121.42857142857142
alexius,1515,135,1650,167.27272727272725
kristi,76484,138,76622,199.27958027720499
austyn,4928,5173,10101,4.851004851004851
lizeth,9168,9,9177,199.6077149395227
tayne,5,11,16,75.0
jermiah,125,3240,3365,185.1411589895988
mavryk,5,256,261,192.33716475095787
zenas,5,442,447,195.52572706935123
lonnie,6995,94486,101481,172.42833633882205
velvet,3096,5,3101,199.35504675910997
keshia,5380,6,5386,199.55440029706645
chris,22955,147462,170417,146.12039878650606
mitchelle,502,160,662,103.32326283987916
lakesha,8168,6,8174,199.7063861022755
hayzen,18,339,357,179.83193277310926
latrelle,570,251,821,77.7101096224117
giavanni,333,112,445,99.32584269662922
vel,13,11,24,16.666666666666664
bridge,5,135,140,185.71428571428572
aisha,26933,27,26960,199.59940652818992
layle,17,5,22,109.09090909090908
leny,33,70,103,71.84466019417476
arden,7518,8567,16085,13.043207957724587
solaire,27,47,74,54.054054054054056
nahid,23,12,35,62.857142857142854
sun,503,504,1007,0.19860973187686196
meraki,7,5,12,33.33333333333333
munroe,5,13,18,88.88888888888889
romney,48,262,310,138.06451612903226
jadien,31,235,266,153.38345864661653
veda,14071,5,14076,199.8579141801648
shonta,1604,74,1678,182.35995232419546
lynda,77979,119,78098,199.39050936003483
britain,712,821,1533,14.220482713633398
sing,5,41,46,156.52173913043478
waverly,4563,1987,6550,78.65648854961832
costello,5,67,72,172.22222222222223
soon,43,5,48,158.33333333333331
odessa,18564,154,18718,196.70905011219148
ervin,138,38991,39129,198.58928160699224
leigh,40242,5107,45349,154.95380272993893
ayce,6,840,846,197.16312056737587
kam,385,968,1353,86.1788617886179
aries,2410,4755,7165,65.45708304256804
kem,353,680,1033,63.310745401742494
anderson,1655,33991,35646,181.4284912753184
darcy,23418,2785,26203,157.48578407052628
marshal,74,5485,5559,194.67530131318583
rigel,10,632,642,193.76947040498442
lowry,27,478,505,178.6138613861386
boots,125,28,153,126.79738562091502
jc,37,1810,1847,191.98700595560368
meredith,77787,4257,82044,179.24528301886792
saiyan,6,129,135,182.22222222222223
gwiza,5,7,12,33.33333333333333
isia,78,5,83,175.9036144578313
magali,3562,6,3568,199.3273542600897
kindle,540,42,582,171.1340206185567
zyian,49,49,98,0.0
kole,70,9785,9855,197.15880263825468
chantel,14986,11,14997,199.70660798826432
rudy,1174,50228,51402,190.86416870938874
kes,33,5,38,147.36842105263156
finlay,204,1102,1306,137.51914241960185
stetsyn,50,82,132,48.484848484848484
evon,3732,760,4492,132.32413178984862
kay,98621,3924,102545,184.69354917353357
verdi,5,11,16,75.0
sacred,142,50,192,95.83333333333334
hillis,13,408,421,187.64845605700714
zander,36,28750,28786,199.49975682623497
meade,6,515,521,195.39347408829175
bleu,267,375,642,33.64485981308411
tafari,6,964,970,197.5257731958763
courtny,499,5,504,196.03174603174602
deovion,43,71,114,49.122807017543856
vickey,5807,140,5947,190.5834874726753
augustus,10,21680,21690,199.81558321807285
dallas,15882,71203,87085,127.05058276396623
bertie,13736,856,14592,176.53508771929825
jimie,5,200,205,190.2439024390244
toryn,400,466,866,15.242494226327944
kazi,150,547,697,113.9167862266858
kilyn,163,33,196,132.6530612244898
winston,162,32794,32956,198.0337419589756
oli,17,140,157,156.687898089172
ibis,57,12,69,130.43478260869566
salvador,183,49605,49788,198.529766208725
katelynn,30680,11,30691,199.85663549574795
meadow,12343,12,12355,199.6114933225415
devynn,1110,190,1300,141.53846153846155
bernett,51,26,77,64.93506493506493
tiger,62,1248,1310,181.06870229007635
rahmatullah,5,11,16,75.0
amey,851,53,904,176.5486725663717
soriya,389,5,394,194.92385786802032
rhiley,921,285,1206,105.47263681592041
johann,650,4869,5519,152.89001630730206
evelin,7425,5,7430,199.73082099596232
unborn,32,8,40,120.0
codey,28,3219,3247,196.5506621496766
lundy,38,325,363,158.12672176308538
dela,560,5,565,196.46017699115043
pierson,111,3522,3633,187.77869529314617
ary,501,359,860,33.02325581395349
edward,5361,1303594,1308955,198.36174658410718
georg,10,487,497,191.95171026156942
thayer,79,1358,1437,178.0097425191371
remyngton,17,21,38,21.052631578947366
samai,177,13,190,172.63157894736844
devion,26,1868,1894,194.5089757127772
dreux,80,318,398,119.59798994974875
kasai,18,1065,1083,193.35180055401662
rawan,1434,5,1439,198.61014593467686
stephen,2930,864739,867669,198.6492544968185
cailyn,5549,5,5554,199.6398991717681
ayin,5,10,15,66.66666666666666
murlyn,11,20,31,58.06451612903226
novi,361,15,376,184.04255319148936
maci,21342,6,21348,199.8875772906127
dail,145,459,604,103.97350993377484
othell,75,165,240,75.0
avie,1758,16,1774,196.3923337091319
luxe,171,139,310,20.64516129032258
tolly,6,11,17,58.82352941176471
emree,1064,15,1079,194.43929564411494
latoya,45563,185,45748,198.3824429483256
kajun,5,5,10,0.0
kessiah,58,88,146,41.0958904109589
kaden,1106,69595,70701,193.74266276290294
dannye,14,50,64,112.5
karsynn,379,24,403,176.17866004962778
domenique,540,194,734,94.27792915531336
tristine,201,5,206,190.29126213592232
tyjah,180,58,238,102.52100840336134
samie,182,631,813,110.45510455104551
aly,1483,714,2197,70.0045516613564
penrose,12,21,33,54.54545454545454
alton,375,47457,47832,196.86402408429504
jaciel,5,1070,1075,198.13953488372093
excell,5,412,417,195.20383693045565
owsley,5,25,30,133.33333333333331
kanon,164,1524,1688,161.13744075829385
brenden,42,25715,25757,199.34775012617928
derrick,997,145347,146344,197.27491390149237
temitayo,39,88,127,77.16535433070865
felix,672,83508,84180,196.80684248039915
albert,2559,491861,494420,197.92969540067148
glyndon,10,145,155,174.19354838709677
anabel,9780,35,9815,198.57361181864493
jahzeel,47,206,253,125.69169960474309
amaya,43525,22,43547,199.79791948928744
sonnie,751,879,1630,15.70552147239264
perl,616,85,701,151.4978601997147
jontae,179,876,1055,132.13270142180096
ananda,1624,111,1735,174.4092219020173
shun,30,909,939,187.22044728434503
shontay,567,10,577,193.06759098786827
dayton,636,15759,16395,184.48307410795974
hawthorne,6,426,432,194.44444444444443
michael,21880,4426753,4448633,198.03265407598246
izzy,1187,375,1562,103.96927016645327
beckley,128,5,133,184.9624060150376
testimony,28,5,33,139.3939393939394
evelyn,639756,1906,641662,198.8118355146479
cesar,315,78824,79139,198.4078646432227
romelle,338,159,497,72.03219315895373
kadence,11618,1680,13298,149.4660851255828
kahlil,5,4283,4288,199.53358208955223
samantha,592847,1205,594052,199.18862321816945
stevee,403,11,414,189.3719806763285
gabriela,86182,371,86553,198.28544360103058
eniko,35,6,41,141.46341463414635
kenji,33,5624,5657,197.66660774261976
jadon,173,10606,10779,193.5801094721217
kalet,5,144,149,186.5771812080537
cheng,38,646,684,177.77777777777777
kentlee,74,19,93,118.27956989247312
jenesis,5743,340,6083,177.64261055400297
kamaron,10,205,215,181.3953488372093
jordin,4413,2482,6895,56.01160261058739
serani,11,24,35,74.28571428571429
sierra,100597,269,100866,198.93323815755556
myel,10,35,45,111.11111111111111
garrison,5,8509,8514,199.7650927883486
kaidence,3345,551,3896,143.42915811088295
lakisha,12310,12,12322,199.61045284856354
haram,57,5,62,167.74193548387098
aaliyah,109971,106,110077,199.61481508398666
ziare,84,552,636,147.16981132075472
hanalei,272,16,288,177.77777777777777
bostyn,739,299,1038,84.77842003853564
linda,1455143,3756,1458899,198.97018230871362
danya,3649,29,3678,196.84611201740077
aby,284,56,340,134.1176470588235
jayda,21267,24,21291,199.54910525574186
brittni,5986,6,5992,199.59946595460613
tylor,456,8071,8527,178.60912395918845
tra,7,241,248,188.70967741935485
zayn,103,13118,13221,196.8837455563119
carver,102,3161,3263,187.49616916947593
kirin,413,570,983,31.943031536113935
jayla,46432,51,46483,199.56112987543833
junah,22,103,125,129.6
meiko,112,135,247,18.62348178137652
landree,930,11,941,195.3241232731137
jonnell,58,11,69,136.23188405797103
kenlee,2200,70,2270,187.66519823788545
samon,66,11,77,142.85714285714286
raye,2297,306,2603,152.9773338455628
gillie,321,191,512,50.78125
odyssey,734,41,775,178.83870967741936
cass,133,1860,1993,173.30657300551934
karla,91586,309,91895,198.65498666956853
liel,452,111,563,121.13676731793961
angel,100288,265886,366174,90.44771065122046
mitchell,1128,164063,165191,197.26861632897678
laikyn,2119,69,2188,187.3857404021938
lauri,11063,183,11246,193.4910190289881
knox,240,24142,24382,196.06266918218358
samir,69,11094,11163,197.5275463585058
kassey,738,5,743,197.30820995962316
rogelio,65,25877,25942,198.99776424331202
jahri,6,88,94,174.468085106383
glenny,25,16,41,43.90243902439025
keilyn,1212,236,1448,134.80662983425415
fernando,590,103139,103729,197.7248406906458
davionne,68,169,237,85.23206751054853
lonny,56,6357,6413,196.50709496335568
kylie,121890,450,122340,198.5286905345758
reilley,180,107,287,50.87108013937283
jalien,5,76,81,175.30864197530863
slade,7,6094,6101,199.54105884281265
elysium,91,11,102,156.86274509803923
aki,248,382,630,42.53968253968254
talyn,972,861,1833,12.111292962356792
shamonte,22,17,39,25.64102564102564
kishawn,10,349,359,188.85793871866295
illya,39,365,404,161.3861386138614
concepcion,5224,968,6192,137.46770025839794
ziel,17,52,69,101.44927536231884
bowyn,48,210,258,125.5813953488372
daryl,4419,63058,67477,173.80440742771611
dashae,249,5,254,192.1259842519685
dixon,5,3079,3084,199.35149156939042
brodie,498,11391,11889,183.24501640171587
shani,4525,17,4542,198.5028621752532
paytan,170,7,177,184.18079096045196
doug,5,22468,22473,199.91100431629064
jamonie,6,53,59,159.32203389830508
dania,8818,5,8823,199.77331973251728
tahje,43,77,120,56.666666666666664
lorde,11,31,42,95.23809523809523
lydia,187039,278,187317,199.40635393477368
amori,631,374,1005,51.14427860696517
mayson,1191,4848,6039,121.11276701440636
morireoluwa,64,22,86,97.67441860465115
kaidance,465,6,471,194.9044585987261
jioni,15,11,26,30.76923076923077
oluwatoniloba,6,10,16,50.0
levyn,22,34,56,42.857142857142854
gus,5,20119,20124,199.90061617968595
danila,190,49,239,117.99163179916319
levarn,6,15,21,85.71428571428571
mariko,1320,6,1326,198.19004524886878
sami,1424,5303,6727,115.32629701204102
aseda,70,15,85,129.41176470588235
verley,84,21,105,120.0
shi,332,80,412,122.33009708737863
meena,1580,12,1592,196.98492462311557
cali,23342,403,23745,193.21120235839123
aiden,2147,257765,259912,196.69580473390994
carliss,304,85,389,112.59640102827764
jaaziah,12,215,227,178.85462555066078
zael,5,673,678,197.05014749262537
jovonne,177,28,205,145.3658536585366
teshawn,26,350,376,172.3404255319149
griselda,9124,61,9185,197.34349482852477
jalonni,47,5,52,161.53846153846155
alejandra,54015,530,54545,196.11330094417454
jatori,19,10,29,62.06896551724138
safa,2939,6,2945,199.1850594227504
georgio,5,746,751,197.3368841544607
bodie,109,8595,8704,194.99080882352942
roby,118,2481,2599,181.83916891111966
dyon,5,206,211,190.521327014218
tilian,5,183,188,189.36170212765958
devlin,195,3247,3442,177.33875653689714
saman,118,288,406,83.74384236453201
lacey,53774,1459,55233,189.43385295022904
emeka,17,481,498,186.34538152610443
martell,36,2630,2666,194.5986496624156
kemori,10,9,19,10.526315789473683
dewayne,107,26491,26598,198.39085645537259
azani,230,44,274,135.76642335766422
kirian,10,26,36,88.88888888888889
demetris,892,2613,3505,98.20256776034236
courtney,258399,23033,281432,167.26313994144232
darae,12,6,18,66.66666666666666
xion,66,1003,1069,175.30402245088868
shande,7,12,19,52.63157894736842
clark,354,50851,51205,197.23464505419392
shia,1093,2255,3348,69.41457586618877
darcus,358,11,369,188.07588075880759
shamauri,19,11,30,53.333333333333336
jasaiah,10,176,186,178.49462365591398
leif,5,9997,10002,199.8000399920016
akiva,138,2794,2932,181.17326057298772
camiel,15,35,50,80.0
kahlan,1484,85,1569,178.33014659018482
clinton,438,97567,98005,198.21233610530075
afnan,670,197,867,109.1118800461361
tres,5,502,507,196.0552268244576
ashay,27,29,56,7.142857142857142
jani,1659,84,1743,180.72289156626508
parkyr,20,5,25,120.0
trenton,78,58557,58635,199.46789460220003
quincy,5434,27773,33207,134.5439214623423
avanti,358,62,420,140.95238095238096
elton,200,21353,21553,196.28821973739156
neima,101,5,106,181.13207547169813
doris,462548,3241,465789,197.21676553117396
mary,4141481,15173,4156654,198.53988328111987
truc,226,17,243,172.0164609053498
elis,320,286,606,11.221122112211221
lorraine,209910,935,210845,198.22618511228626
domanique,375,146,521,87.90786948176583
rilley,72,69,141,4.25531914893617
ladean,568,5,573,196.50959860383944
scyler,5,12,17,82.35294117647058
wilburn,15,10324,10339,199.41967308250315
leandrea,692,5,697,197.13055954088952
quetzal,89,69,158,25.31645569620253
doran,55,2656,2711,191.8849133161195
domineque,26,15,41,53.65853658536586
preslee,3717,63,3780,193.33333333333334
leroy,1182,200981,202163,197.6612931149617
fredie,40,1189,1229,186.98128559804718
fayette,584,438,1022,28.57142857142857
mirna,4154,5,4159,199.51911517191633
kippie,32,11,43,97.67441860465115
artell,5,7,12,33.33333333333333
jaymes,137,2430,2567,178.65212310089598
keona,3285,80,3365,190.49034175334322
elden,11,5921,5932,199.25826028320972
larnell,5,882,887,197.74520856820743
matty,759,171,930,126.4516129032258
brendell,19,5,24,116.66666666666667
zamar,6,618,624,196.15384615384613
leanna,25932,5,25937,199.92289007980878
kearston,424,6,430,194.41860465116278
jonelle,3239,21,3260,197.42331288343559
eldred,294,3746,4040,170.89108910891088
anael,215,65,280,107.14285714285714
gatsby,5,152,157,187.2611464968153
armie,72,5,77,174.02597402597402
estefania,7038,5,7043,199.71603010080932
mckenley,307,41,348,152.8735632183908
shelvy,333,64,397,135.51637279596977
haigen,6,44,50,152.0
gregory,2860,711893,714753,198.39944708171916
mackey,6,612,618,196.11650485436894
davey,222,3346,3568,175.1121076233184
rease,67,80,147,17.687074829931973
riven,201,312,513,43.27485380116959
jamara,933,45,978,181.59509202453987
ryane,846,58,904,174.3362831858407
dylyn,36,90,126,85.71428571428571
palmer,9389,9264,18653,1.3402669811826518
journie,2712,11,2723,198.38413514506058
dante,466,51587,52053,196.41903444566117
nakoa,75,1137,1212,175.24752475247524
brantley,801,31634,32435,190.12178202558965
melisa,19111,10,19121,199.79080592019244
luke,565,323020,323585,199.30157454764588
urijah,85,3693,3778,191.00052938062467
dominque,3872,2410,6282,46.54568608723337
shelva,1117,14,1131,195.04862953138814
meher,869,12,881,194.5516458569807
landynn,54,179,233,107.29613733905579
conway,11,2921,2932,198.4993178717599
cherry,11580,136,11716,195.35677705701605
shadyn,17,5,22,109.09090909090908
zimri,47,203,250,124.8
english,265,186,451,35.033259423503324
victor,1807,330413,332220,197.82433327313228
marcia,133320,284,133604,199.1497260561061
cloe,3922,5,3927,199.49070537305832
jerris,105,145,250,32.0
harry,2017,423866,425883,198.10558298875515
solen,13,18,31,32.25806451612903
deaundrea,33,6,39,138.46153846153845
myron,463,45369,45832,195.9591551754233
claudine,11323,15,11338,199.47080613864878
raily,11,7,18,44.44444444444444
infinity,1029,20,1049,192.37368922783605
leonor,6173,10,6183,199.35306485524825
walker,1037,47914,48951,191.52622009764866
semaje,26,142,168,138.0952380952381
ferrel,22,377,399,177.94486215538848
bristin,12,6,18,66.66666666666666
kamren,514,4362,4876,157.83429040196884
munachiso,64,17,81,116.0493827160494
vonn,5,325,330,193.93939393939394
keandre,9,3078,3087,198.83381924198252
fiona,33959,5,33964,199.94111412083382
aydin,205,6491,6696,187.75388291517322
crawford,56,4710,4766,195.30004196391104
kana,872,18,890,191.91011235955057
kaziah,581,79,660,152.12121212121212
kaitlynn,16419,5,16424,199.87822698490015
hennessy,1568,62,1630,184.78527607361963
belinda,72960,150,73110,199.17931883463274
taziyah,127,12,139,165.46762589928056
nelvin,10,394,404,190.0990099009901
chad,1039,240728,241767,198.28098954778775
hajin,5,23,28,128.57142857142858
karna,523,6,529,195.46313799621927
kamara,2066,26,2092,195.02868068833652
breanna,82375,65,82440,199.68461911693353
renato,6,3292,3298,199.27228623408126
laikynn,355,11,366,187.97814207650273
aedyn,73,589,662,155.89123867069486
ayden,2450,89180,91630,189.3048128342246
kollins,1091,42,1133,185.1721094439541
parker,32895,130941,163836,119.68798066359041
quinlyn,493,6,499,195.19038076152304
chao,36,284,320,155.0
shea,12565,8537,21102,38.176476163396835
ayomiposi,12,33,45,93.33333333333333
sutton,12666,7351,20017,53.10486086826198
tamba,12,11,23,8.695652173913043
currie,54,195,249,113.25301204819279
nautica,2240,55,2295,190.41394335511984
ambar,3026,5,3031,199.34015176509402
koren,1519,260,1779,141.54019111860597
taria,679,26,705,185.24822695035462
jeff,263,120239,120502,199.126985444225
eliana,76104,42,76146,199.77937120794266
hazen,87,2327,2414,185.5840927920464
parnell,57,1422,1479,184.5841784989858
justine,38208,2412,40620,176.24815361890694
eun,285,5,290,193.10344827586206
donnelle,318,236,554,29.602888086642597
francois,5,1818,1823,198.9029072956665
refugia,1289,5,1294,198.45440494590417
suman,63,10,73,145.2054794520548
shamichael,5,10,15,66.66666666666666
gurman,13,197,210,175.23809523809524
tekoa,150,192,342,24.561403508771928
rashone,6,28,34,129.41176470588235
alli,3805,5,3810,199.4750656167979
francie,1899,6,1905,198.74015748031496
karri,4493,6,4499,199.46654812180483
audin,10,25,35,85.71428571428571
candace,84938,159,85097,199.25261760109052
shaina,11992,18,12010,199.40049958368027
clancey,23,71,94,102.12765957446808
cayson,48,6367,6415,197.0070148090413
monte,828,23160,23988,186.19309654827413
ryken,5,715,720,197.22222222222223
akie,11,5,16,75.0
irin,5,5,10,0.0
kendelle,198,5,203,190.14778325123152
corinthian,202,807,1009,119.9207135777998
dyani,1317,20,1337,194.01645474943905
kendrix,98,1288,1386,171.7171717171717
jorie,1344,14,1358,195.8762886597938
brilynn,1085,12,1097,195.62443026435733
jacqueline,426088,1391,427479,198.69841559468418
jessie,170036,111331,281367,41.72841875557546
artemis,3299,847,4146,118.28268210323203
atha,1441,99,1540,174.28571428571428
fonta,12,11,23,8.695652173913043
travon,28,6650,6678,198.32285115303984
jeannie,36115,55,36170,199.39176112800664
corry,314,2166,2480,149.35483870967744
graysyn,5,167,172,188.37209302325581
gene,6997,126877,133874,179.09377474341545
jihan,613,127,740,131.35135135135135
mariel,7482,121,7603,193.6340918058661
jordis,272,6,278,191.36690647482015
keary,104,580,684,139.1812865497076
jaylen,5047,40904,45951,156.0662444778133
amazen,11,6,17,58.82352941176471
roo,26,5,31,135.48387096774192
chrisna,10,6,16,50.0
caiden,521,23341,23862,191.26644874696171
duane,1014,115442,116456,196.5171395205056
sammy,1758,43382,45140,184.42179884802837
chandra,17283,66,17349,198.4782984610064
osvaldo,12,14526,14538,199.669830788279
chizaram,422,11,433,189.83833718244804
shajuan,142,56,198,86.86868686868688
kilian,27,2690,2717,196.025027603975
baby,6107,6374,12481,4.278503325054082
rick,135,81829,81964,199.3411741740276
armeen,5,55,60,166.66666666666669
zareth,170,49,219,110.50228310502284
kensly,238,12,250,180.8
greeley,39,38,77,2.5974025974025974
stephanie,745148,2638,747786,198.5889011027219
ilan,59,3231,3290,192.82674772036475
lynwood,5,4163,4168,199.5201535508637
harlyn,1843,422,2265,125.47461368653421
oluwajomiloju,29,39,68,29.411764705882355
aryes,15,35,50,80.0
alchemy,34,5,39,148.71794871794873
kenyae,6,18,24,100.0
maui,122,267,389,74.55012853470437
emmory,192,5,197,189.8477157360406
arshia,355,130,485,92.78350515463917
teaghan,1069,76,1145,173.44978165938863
royal,4322,20072,24394,129.13011396244977
azariyah,1127,116,1243,162.67095736122286
trysten,285,1410,1695,132.7433628318584
corey,9056,185020,194076,181.33514705579256
dijon,69,1450,1519,181.83015141540486
colin,445,133706,134151,198.6731369874246
jessy,2101,4670,6771,75.88243981686604
javanni,5,136,141,185.81560283687944
hilton,65,6925,6990,196.28040057224607
cherokee,2572,337,2909,153.66105190787212
tesla,2589,98,2687,185.41123930033493
dearion,6,74,80,170.0
stetson,121,15604,15725,196.92209856915738
challen,5,71,76,173.6842105263158
farin,97,17,114,140.35087719298244
uzziah,7,1132,1139,197.54170324846356
jaedon,33,2145,2178,193.93939393939394
oluwadamilola,284,180,464,44.827586206896555
